11:00:06 jobs incremental 2026-06-29T11:00:06Z..2026-07-13T11:00:06Z
11:06:49 upserted 2062 -> vmimporteddata.raw.jobs (now 34063 rows)
11:15:05 jobs incremental 2026-07-10T11:15:05Z..2026-07-13T11:15:05Z
11:15:46 upserted 217 -> vmimporteddata.raw.jobs (now 34064 rows)
11:30:06 jobs incremental 2026-07-10T11:30:06Z..2026-07-13T11:30:06Z
Traceback (most recent call last):
  File "/opt/jl-loader/load_incremental.py", line 129, in <module>
    main()
  File "/opt/jl-loader/load_incremental.py", line 114, in main
    schema = bq.get_table(tbl).schema
             ^^^^^^^^^^^^^^^^^
  File "/opt/jl-loader/venv/lib/python3.11/site-packages/google/cloud/bigquery/client.py", line 1244, in get_table
    api_response = self._call_api(
                   ^^^^^^^^^^^^^^^
  File "/opt/jl-loader/venv/lib/python3.11/site-packages/google/cloud/bigquery/client.py", line 895, in _call_api
    return call()
           ^^^^^^
  File "/opt/jl-loader/venv/lib/python3.11/site-packages/google/api_core/retry/retry_unary.py", line 294, in retry_wrapped_func
    return retry_target(
           ^^^^^^^^^^^^^
  File "/opt/jl-loader/venv/lib/python3.11/site-packages/google/api_core/retry/retry_unary.py", line 156, in retry_target
    next_sleep = _retry_error_helper(
                 ^^^^^^^^^^^^^^^^^^^^
  File "/opt/jl-loader/venv/lib/python3.11/site-packages/google/api_core/retry/retry_base.py", line 216, in _retry_error_helper
    raise final_exc from source_exc
  File "/opt/jl-loader/venv/lib/python3.11/site-packages/google/api_core/retry/retry_unary.py", line 147, in retry_target
    result = target()
             ^^^^^^^^
  File "/opt/jl-loader/venv/lib/python3.11/site-packages/google/cloud/_http/__init__.py", line 494, in api_request
    raise exceptions.from_http_response(response)
google.api_core.exceptions.NotFound: 404 GET https://bigquery.googleapis.com/bigquery/v2/projects/vmimporteddata/datasets/raw/tables/jobs?prettyPrint=false: Not found: Table vmimporteddata:raw.jobs
11:45:05 jobs incremental 2026-07-10T11:45:05Z..2026-07-13T11:45:05Z
Traceback (most recent call last):
  File "/opt/jl-loader/load_incremental.py", line 129, in <module>
    main()
  File "/opt/jl-loader/load_incremental.py", line 114, in main
    schema = bq.get_table(tbl).schema
             ^^^^^^^^^^^^^^^^^
  File "/opt/jl-loader/venv/lib/python3.11/site-packages/google/cloud/bigquery/client.py", line 1244, in get_table
    api_response = self._call_api(
                   ^^^^^^^^^^^^^^^
  File "/opt/jl-loader/venv/lib/python3.11/site-packages/google/cloud/bigquery/client.py", line 895, in _call_api
    return call()
           ^^^^^^
  File "/opt/jl-loader/venv/lib/python3.11/site-packages/google/api_core/retry/retry_unary.py", line 294, in retry_wrapped_func
    return retry_target(
           ^^^^^^^^^^^^^
  File "/opt/jl-loader/venv/lib/python3.11/site-packages/google/api_core/retry/retry_unary.py", line 156, in retry_target
    next_sleep = _retry_error_helper(
                 ^^^^^^^^^^^^^^^^^^^^
  File "/opt/jl-loader/venv/lib/python3.11/site-packages/google/api_core/retry/retry_base.py", line 216, in _retry_error_helper
    raise final_exc from source_exc
  File "/opt/jl-loader/venv/lib/python3.11/site-packages/google/api_core/retry/retry_unary.py", line 147, in retry_target
    result = target()
             ^^^^^^^^
  File "/opt/jl-loader/venv/lib/python3.11/site-packages/google/cloud/_http/__init__.py", line 494, in api_request
    raise exceptions.from_http_response(response)
google.api_core.exceptions.NotFound: 404 GET https://bigquery.googleapis.com/bigquery/v2/projects/vmimporteddata/datasets/raw/tables/jobs?prettyPrint=false: Not found: Table vmimporteddata:raw.jobs
12:00:11 jobs incremental 2026-07-10T12:00:11Z..2026-07-13T12:00:11Z
12:01:43 upserted 201 -> vmimporteddata.raw.jobs (now 34062 rows)
12:15:05 jobs incremental 2026-07-10T12:15:05Z..2026-07-13T12:15:05Z
12:15:41 upserted 241 -> vmimporteddata.raw.jobs (now 34101 rows)
12:20:05 quotes incremental 2026-06-29T12:20:05Z..2026-07-13T12:20:05Z
12:20:21 upserted 166 -> vmimporteddata.raw.quotes (now 3079 rows)
12:25:09 invoices incremental 2026-06-29T12:25:09Z..2026-07-13T12:25:09Z
12:25:31 upserted 122 -> vmimporteddata.raw.invoices (now 2156 rows)
12:30:07 forms_logbook incremental 2026-06-29T12:30:07Z..2026-07-13T12:30:07Z
12:30:07 jobs incremental 2026-07-10T12:30:07Z..2026-07-13T12:30:07Z
12:30:23 upserted 160 -> vmimporteddata.raw.forms_logbook (now 2704 rows)
12:30:38 upserted 238 -> vmimporteddata.raw.jobs (now 34101 rows)
2026-07-13 12:35:04,643 INFO token acquired; loading 1 entities
2026-07-13 12:35:04,662 INFO == purchaseorder/getall -> raw.purchase_orders ==
2026-07-13 12:35:48,689 INFO   loaded 855 rows -> vmimporteddata.raw.purchase_orders
2026-07-13 12:35:48,689 INFO === SUMMARY ===
2026-07-13 12:35:48,689 INFO   purchase_orders                 855  ok
12:45:05 jobs incremental 2026-07-10T12:45:05Z..2026-07-13T12:45:05Z
12:45:41 upserted 233 -> vmimporteddata.raw.jobs (now 34101 rows)
13:00:05 jobs incremental 2026-07-10T13:00:05Z..2026-07-13T13:00:05Z
13:00:37 upserted 229 -> vmimporteddata.raw.jobs (now 34101 rows)
13:15:04 jobs incremental 2026-07-10T13:15:04Z..2026-07-13T13:15:04Z
13:15:32 upserted 228 -> vmimporteddata.raw.jobs (now 34101 rows)
13:30:05 jobs incremental 2026-07-10T13:30:05Z..2026-07-13T13:30:05Z
13:30:34 upserted 228 -> vmimporteddata.raw.jobs (now 34102 rows)
13:45:05 jobs incremental 2026-07-10T13:45:05Z..2026-07-13T13:45:05Z
13:45:29 upserted 227 -> vmimporteddata.raw.jobs (now 34102 rows)
14:00:05 jobs incremental 2026-07-10T14:00:05Z..2026-07-13T14:00:05Z
14:00:45 upserted 230 -> vmimporteddata.raw.jobs (now 34105 rows)
14:15:05 jobs incremental 2026-07-10T14:15:05Z..2026-07-13T14:15:05Z
14:15:32 upserted 233 -> vmimporteddata.raw.jobs (now 34106 rows)
14:30:05 jobs incremental 2026-07-10T14:30:05Z..2026-07-13T14:30:05Z
14:30:31 upserted 237 -> vmimporteddata.raw.jobs (now 34109 rows)
14:45:05 jobs incremental 2026-07-10T14:45:05Z..2026-07-13T14:45:05Z
14:45:29 upserted 241 -> vmimporteddata.raw.jobs (now 34111 rows)
15:00:05 jobs incremental 2026-07-10T15:00:05Z..2026-07-13T15:00:05Z
15:00:36 upserted 256 -> vmimporteddata.raw.jobs (now 34129 rows)
15:15:05 jobs incremental 2026-07-10T15:15:05Z..2026-07-13T15:15:05Z
15:15:32 upserted 251 -> vmimporteddata.raw.jobs (now 34130 rows)
15:20:05 quotes incremental 2026-06-29T15:20:05Z..2026-07-13T15:20:05Z
15:20:24 upserted 168 -> vmimporteddata.raw.quotes (now 3087 rows)
15:25:04 invoices incremental 2026-06-29T15:25:04Z..2026-07-13T15:25:04Z
15:25:22 upserted 123 -> vmimporteddata.raw.invoices (now 2157 rows)
15:30:06 forms_logbook incremental 2026-06-29T15:30:06Z..2026-07-13T15:30:06Z
15:30:06 jobs incremental 2026-07-10T15:30:06Z..2026-07-13T15:30:06Z
15:30:22 upserted 178 -> vmimporteddata.raw.forms_logbook (now 2730 rows)
15:30:30 upserted 250 -> vmimporteddata.raw.jobs (now 34130 rows)
2026-07-13 15:35:05,313 INFO token acquired; loading 2 entities
2026-07-13 15:35:05,332 INFO == purchaseorder/getall -> raw.purchase_orders ==
2026-07-13 15:35:33,976 INFO   loaded 856 rows -> vmimporteddata.raw.purchase_orders
2026-07-13 15:35:33,976 INFO == SubcontractorPurchaseOrder/GetAll -> raw.subcontractor_purchase_orders ==
2026-07-13 15:36:11,549 INFO   loaded 1164 rows -> vmimporteddata.raw.subcontractor_purchase_orders
2026-07-13 15:36:11,549 INFO === SUMMARY ===
2026-07-13 15:36:11,549 INFO   purchase_orders                 856  ok
2026-07-13 15:36:11,549 INFO   subcontractor_purchase_orders     1164  ok
15:45:05 jobs incremental 2026-07-10T15:45:05Z..2026-07-13T15:45:05Z
15:45:35 upserted 248 -> vmimporteddata.raw.jobs (now 34130 rows)
16:00:05 jobs incremental 2026-07-10T16:00:05Z..2026-07-13T16:00:05Z
16:00:44 upserted 249 -> vmimporteddata.raw.jobs (now 34131 rows)
16:15:05 jobs incremental 2026-07-10T16:15:05Z..2026-07-13T16:15:05Z
16:15:29 upserted 250 -> vmimporteddata.raw.jobs (now 34132 rows)
16:30:05 jobs incremental 2026-07-10T16:30:05Z..2026-07-13T16:30:05Z
16:30:27 upserted 250 -> vmimporteddata.raw.jobs (now 34132 rows)
16:45:04 jobs incremental 2026-07-10T16:45:04Z..2026-07-13T16:45:04Z
16:45:31 upserted 251 -> vmimporteddata.raw.jobs (now 34133 rows)
17:00:05 jobs incremental 2026-07-10T17:00:05Z..2026-07-13T17:00:05Z
17:00:31 upserted 250 -> vmimporteddata.raw.jobs (now 34133 rows)
17:15:05 jobs incremental 2026-07-10T17:15:05Z..2026-07-13T17:15:05Z
17:15:31 upserted 248 -> vmimporteddata.raw.jobs (now 34133 rows)
17:30:06 jobs incremental 2026-07-10T17:30:06Z..2026-07-13T17:30:06Z
17:30:36 upserted 245 -> vmimporteddata.raw.jobs (now 34133 rows)
17:45:04 jobs incremental 2026-07-10T17:45:04Z..2026-07-13T17:45:04Z
17:45:47 upserted 244 -> vmimporteddata.raw.jobs (now 34133 rows)
18:00:05 jobs incremental 2026-07-10T18:00:05Z..2026-07-13T18:00:05Z
18:00:31 upserted 244 -> vmimporteddata.raw.jobs (now 34133 rows)
18:15:05 jobs incremental 2026-07-10T18:15:05Z..2026-07-13T18:15:05Z
18:15:30 upserted 241 -> vmimporteddata.raw.jobs (now 34133 rows)
18:20:05 quotes incremental 2026-06-29T18:20:05Z..2026-07-13T18:20:05Z
18:20:17 upserted 167 -> vmimporteddata.raw.quotes (now 3088 rows)
18:25:04 invoices incremental 2026-06-29T18:25:04Z..2026-07-13T18:25:04Z
18:25:19 upserted 124 -> vmimporteddata.raw.invoices (now 2158 rows)
18:30:06 jobs incremental 2026-07-10T18:30:06Z..2026-07-13T18:30:06Z
18:30:06 forms_logbook incremental 2026-06-29T18:30:06Z..2026-07-13T18:30:06Z
18:30:19 upserted 178 -> vmimporteddata.raw.forms_logbook (now 2730 rows)
18:30:26 upserted 241 -> vmimporteddata.raw.jobs (now 34133 rows)
2026-07-13 18:35:04,965 INFO token acquired; loading 2 entities
2026-07-13 18:35:04,984 INFO == purchaseorder/getall -> raw.purchase_orders ==
2026-07-13 18:35:30,102 INFO   loaded 857 rows -> vmimporteddata.raw.purchase_orders
2026-07-13 18:35:30,103 INFO == SubcontractorPurchaseOrder/GetAll -> raw.subcontractor_purchase_orders ==
2026-07-13 18:36:01,427 INFO   loaded 1165 rows -> vmimporteddata.raw.subcontractor_purchase_orders
2026-07-13 18:36:01,428 INFO === SUMMARY ===
2026-07-13 18:36:01,428 INFO   purchase_orders                 857  ok
2026-07-13 18:36:01,428 INFO   subcontractor_purchase_orders     1165  ok
18:45:05 jobs incremental 2026-07-10T18:45:05Z..2026-07-13T18:45:05Z
18:45:23 upserted 240 -> vmimporteddata.raw.jobs (now 34133 rows)
19:00:05 jobs incremental 2026-07-10T19:00:05Z..2026-07-13T19:00:05Z
19:00:28 upserted 240 -> vmimporteddata.raw.jobs (now 34133 rows)
19:15:05 jobs incremental 2026-07-10T19:15:05Z..2026-07-13T19:15:05Z
19:15:29 upserted 244 -> vmimporteddata.raw.jobs (now 34135 rows)
19:30:05 jobs incremental 2026-07-10T19:30:05Z..2026-07-13T19:30:05Z
19:30:31 upserted 243 -> vmimporteddata.raw.jobs (now 34135 rows)
19:45:05 jobs incremental 2026-07-10T19:45:05Z..2026-07-13T19:45:05Z
19:45:23 upserted 243 -> vmimporteddata.raw.jobs (now 34135 rows)
21:20:05 quotes incremental 2026-06-29T21:20:05Z..2026-07-13T21:20:05Z
21:20:23 upserted 168 -> vmimporteddata.raw.quotes (now 3089 rows)
21:25:05 invoices incremental 2026-06-29T21:25:05Z..2026-07-13T21:25:05Z
21:25:18 upserted 124 -> vmimporteddata.raw.invoices (now 2158 rows)
21:30:05 forms_logbook incremental 2026-06-29T21:30:05Z..2026-07-13T21:30:05Z
21:30:21 upserted 178 -> vmimporteddata.raw.forms_logbook (now 2730 rows)
2026-07-13 21:35:05,490 INFO token acquired; loading 2 entities
2026-07-13 21:35:05,508 INFO == purchaseorder/getall -> raw.purchase_orders ==
2026-07-13 21:35:38,342 INFO   loaded 857 rows -> vmimporteddata.raw.purchase_orders
2026-07-13 21:35:38,342 INFO == SubcontractorPurchaseOrder/GetAll -> raw.subcontractor_purchase_orders ==
2026-07-13 21:36:20,063 INFO   loaded 1165 rows -> vmimporteddata.raw.subcontractor_purchase_orders
2026-07-13 21:36:20,064 INFO === SUMMARY ===
2026-07-13 21:36:20,064 INFO   purchase_orders                 857  ok
2026-07-13 21:36:20,064 INFO   subcontractor_purchase_orders     1165  ok
00:20:05 quotes incremental 2026-06-30T00:20:05Z..2026-07-14T00:20:05Z
00:20:19 upserted 168 -> vmimporteddata.raw.quotes (now 3089 rows)
00:25:04 invoices incremental 2026-06-30T00:25:04Z..2026-07-14T00:25:04Z
00:25:17 upserted 119 -> vmimporteddata.raw.invoices (now 2158 rows)
00:30:05 forms_logbook incremental 2026-06-30T00:30:05Z..2026-07-14T00:30:05Z
00:30:18 upserted 178 -> vmimporteddata.raw.forms_logbook (now 2730 rows)
2026-07-14 00:35:04,655 INFO token acquired; loading 2 entities
2026-07-14 00:35:04,673 INFO == purchaseorder/getall -> raw.purchase_orders ==
2026-07-14 00:35:29,385 INFO   loaded 857 rows -> vmimporteddata.raw.purchase_orders
2026-07-14 00:35:29,386 INFO == SubcontractorPurchaseOrder/GetAll -> raw.subcontractor_purchase_orders ==
2026-07-14 00:35:51,202 INFO   loaded 1165 rows -> vmimporteddata.raw.subcontractor_purchase_orders
2026-07-14 00:35:51,203 INFO === SUMMARY ===
2026-07-14 00:35:51,203 INFO   purchase_orders                 857  ok
2026-07-14 00:35:51,203 INFO   subcontractor_purchase_orders     1165  ok
2026-07-14 02:00:07,381 INFO token acquired; loading 1 entities
2026-07-14 02:00:07,406 INFO == Job/getall -> raw.jobs ==
2026-07-14 02:11:41,571 INFO   loaded 34135 rows -> vmimporteddata.raw.jobs
2026-07-14 02:11:41,605 INFO === SUMMARY ===
2026-07-14 02:11:41,606 INFO   jobs                          34135  ok
2026-07-14 02:40:10,726 INFO token acquired; loading 2 entities
2026-07-14 02:40:10,766 INFO == Quote/GetAll -> raw.quotes ==
2026-07-14 02:41:25,361 INFO   loaded 3089 rows -> vmimporteddata.raw.quotes
2026-07-14 02:41:25,362 INFO == FormsLogbook/getall -> raw.forms_logbook ==
2026-07-14 02:42:17,779 INFO   loaded 2730 rows -> vmimporteddata.raw.forms_logbook
2026-07-14 02:42:17,779 INFO === SUMMARY ===
2026-07-14 02:42:17,779 INFO   quotes                         3089  ok
2026-07-14 02:42:17,779 INFO   forms_logbook                  2730  ok
2026-07-14 03:00:07,010 INFO token acquired; loading 8 entities
2026-07-14 03:00:07,054 INFO == Customer/GetAll -> raw.customers ==
2026-07-14 03:00:10,834 INFO   loaded 43 rows -> vmimporteddata.raw.customers
2026-07-14 03:00:10,834 INFO == Site/GetAll -> raw.sites ==
2026-07-14 03:00:17,592 INFO   loaded 144 rows -> vmimporteddata.raw.sites
2026-07-14 03:00:17,592 INFO == Staff/GetAll -> raw.staff ==
2026-07-14 03:00:22,114 INFO   loaded 96 rows -> vmimporteddata.raw.staff
2026-07-14 03:00:22,114 INFO == Supplier/GetAll -> raw.suppliers ==
2026-07-14 03:00:26,029 INFO   loaded 46 rows -> vmimporteddata.raw.suppliers
2026-07-14 03:00:26,029 INFO == Subcontractor/GetAll -> raw.subcontractors ==
2026-07-14 03:00:30,551 INFO   loaded 125 rows -> vmimporteddata.raw.subcontractors
2026-07-14 03:00:30,551 INFO == Asset/GetAll -> raw.assets ==
2026-07-14 03:04:01,462 INFO   loaded 13035 rows -> vmimporteddata.raw.assets
2026-07-14 03:04:01,462 INFO == Part/GetAll -> raw.parts ==
2026-07-14 03:04:32,499 INFO   loaded 1977 rows -> vmimporteddata.raw.parts
2026-07-14 03:04:32,499 INFO == Expense/GetAll -> raw.expenses ==
2026-07-14 03:04:36,559 INFO   loaded 53 rows -> vmimporteddata.raw.expenses
2026-07-14 03:04:36,559 INFO === SUMMARY ===
2026-07-14 03:04:36,560 INFO   customers                        43  ok
2026-07-14 03:04:36,560 INFO   sites                           144  ok
2026-07-14 03:04:36,560 INFO   staff                            96  ok
2026-07-14 03:04:36,560 INFO   suppliers                        46  ok
2026-07-14 03:04:36,560 INFO   subcontractors                  125  ok
2026-07-14 03:04:36,560 INFO   assets                        13035  ok
2026-07-14 03:04:36,560 INFO   parts                          1977  ok
2026-07-14 03:04:36,560 INFO   expenses                         53  ok
03:20:05 quotes incremental 2026-06-30T03:20:05Z..2026-07-14T03:20:05Z
03:20:19 upserted 168 -> vmimporteddata.raw.quotes (now 3089 rows)
03:25:05 invoices incremental 2026-06-30T03:25:05Z..2026-07-14T03:25:05Z
03:25:22 upserted 119 -> vmimporteddata.raw.invoices (now 2158 rows)
03:30:04 forms_logbook incremental 2026-06-30T03:30:04Z..2026-07-14T03:30:04Z
03:30:20 upserted 178 -> vmimporteddata.raw.forms_logbook (now 2730 rows)
2026-07-14 03:35:05,286 INFO token acquired; loading 2 entities
2026-07-14 03:35:05,305 INFO == purchaseorder/getall -> raw.purchase_orders ==
2026-07-14 03:36:15,564 INFO   loaded 857 rows -> vmimporteddata.raw.purchase_orders
2026-07-14 03:36:15,564 INFO == SubcontractorPurchaseOrder/GetAll -> raw.subcontractor_purchase_orders ==
2026-07-14 03:37:31,794 INFO   loaded 1165 rows -> vmimporteddata.raw.subcontractor_purchase_orders
2026-07-14 03:37:31,795 INFO === SUMMARY ===
2026-07-14 03:37:31,795 INFO   purchase_orders                 857  ok
2026-07-14 03:37:31,795 INFO   subcontractor_purchase_orders     1165  ok
2026-07-14 04:00:05,637 INFO token acquired; loading 1 entities
2026-07-14 04:00:05,658 INFO == Timesheet/GetAll -> raw.timesheets ==
2026-07-14 04:12:09,540 INFO   loaded 7752 rows -> vmimporteddata.raw.timesheets
2026-07-14 04:12:09,541 INFO === SUMMARY ===
2026-07-14 04:12:09,541 INFO   timesheets                     7752  ok
Upload complete.
Waiting on bqjob_re781aeaa4e0c15_0000019f5ee3dc4d_1 ... (0s) Current status: RUNNING                                                                                    Waiting on bqjob_re781aeaa4e0c15_0000019f5ee3dc4d_1 ... (1s) Current status: RUNNING                                                                                    Waiting on bqjob_re781aeaa4e0c15_0000019f5ee3dc4d_1 ... (1s) Current status: DONE   
audit sync done: 113696 lines
06:20:08 quotes incremental 2026-06-30T06:20:08Z..2026-07-14T06:20:08Z
06:20:22 upserted 169 -> vmimporteddata.raw.quotes (now 3090 rows)
06:25:05 invoices incremental 2026-06-30T06:25:05Z..2026-07-14T06:25:05Z
06:25:20 upserted 119 -> vmimporteddata.raw.invoices (now 2158 rows)
06:30:04 forms_logbook incremental 2026-06-30T06:30:04Z..2026-07-14T06:30:04Z
06:30:17 upserted 179 -> vmimporteddata.raw.forms_logbook (now 2731 rows)
2026-07-14 06:35:05,707 INFO token acquired; loading 2 entities
2026-07-14 06:35:05,727 INFO == purchaseorder/getall -> raw.purchase_orders ==
2026-07-14 06:35:30,188 INFO   loaded 857 rows -> vmimporteddata.raw.purchase_orders
2026-07-14 06:35:30,188 INFO == SubcontractorPurchaseOrder/GetAll -> raw.subcontractor_purchase_orders ==
2026-07-14 06:36:17,820 INFO   loaded 1165 rows -> vmimporteddata.raw.subcontractor_purchase_orders
2026-07-14 06:36:17,820 INFO === SUMMARY ===
2026-07-14 06:36:17,820 INFO   purchase_orders                 857  ok
2026-07-14 06:36:17,820 INFO   subcontractor_purchase_orders     1165  ok
07:00:07 jobs incremental 2026-07-11T07:00:07Z..2026-07-14T07:00:07Z
07:00:43 upserted 251 -> vmimporteddata.raw.jobs (now 34136 rows)
07:15:05 jobs incremental 2026-07-11T07:15:05Z..2026-07-14T07:15:05Z
07:15:38 upserted 251 -> vmimporteddata.raw.jobs (now 34136 rows)
07:30:05 jobs incremental 2026-07-11T07:30:05Z..2026-07-14T07:30:05Z
07:30:38 upserted 253 -> vmimporteddata.raw.jobs (now 34136 rows)
07:45:06 jobs incremental 2026-07-11T07:45:06Z..2026-07-14T07:45:06Z
07:45:50 upserted 254 -> vmimporteddata.raw.jobs (now 34137 rows)
08:00:05 jobs incremental 2026-07-11T08:00:05Z..2026-07-14T08:00:05Z
08:01:17 upserted 256 -> vmimporteddata.raw.jobs (now 34138 rows)
08:15:05 jobs incremental 2026-07-11T08:15:05Z..2026-07-14T08:15:05Z
08:15:39 upserted 264 -> vmimporteddata.raw.jobs (now 34144 rows)
08:30:06 jobs incremental 2026-07-11T08:30:06Z..2026-07-14T08:30:06Z
08:30:34 upserted 267 -> vmimporteddata.raw.jobs (now 34146 rows)
08:45:05 jobs incremental 2026-07-11T08:45:05Z..2026-07-14T08:45:05Z
08:45:49 upserted 271 -> vmimporteddata.raw.jobs (now 34147 rows)
09:00:06 jobs incremental 2026-07-11T09:00:06Z..2026-07-14T09:00:06Z
09:01:07 upserted 275 -> vmimporteddata.raw.jobs (now 34147 rows)
09:15:06 jobs incremental 2026-07-11T09:15:06Z..2026-07-14T09:15:06Z
09:15:44 upserted 313 -> vmimporteddata.raw.jobs (now 34185 rows)
09:20:05 quotes incremental 2026-06-30T09:20:05Z..2026-07-14T09:20:05Z
09:20:22 upserted 170 -> vmimporteddata.raw.quotes (now 3091 rows)
09:25:05 invoices incremental 2026-06-30T09:25:05Z..2026-07-14T09:25:05Z
09:25:29 upserted 119 -> vmimporteddata.raw.invoices (now 2158 rows)
09:30:07 forms_logbook incremental 2026-06-30T09:30:07Z..2026-07-14T09:30:07Z
09:30:07 jobs incremental 2026-07-11T09:30:07Z..2026-07-14T09:30:07Z
09:30:23 upserted 181 -> vmimporteddata.raw.forms_logbook (now 2739 rows)
09:30:37 upserted 316 -> vmimporteddata.raw.jobs (now 34186 rows)
2026-07-14 09:35:06,179 INFO token acquired; loading 2 entities
2026-07-14 09:35:06,199 INFO == purchaseorder/getall -> raw.purchase_orders ==
2026-07-14 09:35:33,581 INFO   loaded 858 rows -> vmimporteddata.raw.purchase_orders
2026-07-14 09:35:33,582 INFO == SubcontractorPurchaseOrder/GetAll -> raw.subcontractor_purchase_orders ==
2026-07-14 09:36:12,015 INFO   loaded 1166 rows -> vmimporteddata.raw.subcontractor_purchase_orders
2026-07-14 09:36:12,015 INFO === SUMMARY ===
2026-07-14 09:36:12,015 INFO   purchase_orders                 858  ok
2026-07-14 09:36:12,015 INFO   subcontractor_purchase_orders     1166  ok
09:45:05 jobs incremental 2026-07-11T09:45:05Z..2026-07-14T09:45:05Z
09:45:30 upserted 316 -> vmimporteddata.raw.jobs (now 34186 rows)
10:00:06 jobs incremental 2026-07-11T10:00:06Z..2026-07-14T10:00:06Z
10:01:16 upserted 319 -> vmimporteddata.raw.jobs (now 34186 rows)
10:15:05 jobs incremental 2026-07-11T10:15:05Z..2026-07-14T10:15:05Z
10:15:42 upserted 324 -> vmimporteddata.raw.jobs (now 34187 rows)
10:30:05 jobs incremental 2026-07-11T10:30:05Z..2026-07-14T10:30:05Z
10:31:04 upserted 326 -> vmimporteddata.raw.jobs (now 34187 rows)
10:45:05 jobs incremental 2026-07-11T10:45:05Z..2026-07-14T10:45:05Z
10:45:51 upserted 326 -> vmimporteddata.raw.jobs (now 34187 rows)
11:00:06 jobs incremental 2026-07-11T11:00:06Z..2026-07-14T11:00:06Z
11:00:45 upserted 326 -> vmimporteddata.raw.jobs (now 34187 rows)
11:15:05 jobs incremental 2026-07-11T11:15:05Z..2026-07-14T11:15:05Z
11:15:37 upserted 327 -> vmimporteddata.raw.jobs (now 34187 rows)
11:30:07 jobs incremental 2026-07-11T11:30:07Z..2026-07-14T11:30:07Z
11:30:36 upserted 327 -> vmimporteddata.raw.jobs (now 34187 rows)
11:45:07 jobs incremental 2026-07-11T11:45:07Z..2026-07-14T11:45:07Z
11:45:46 upserted 328 -> vmimporteddata.raw.jobs (now 34187 rows)
12:00:05 jobs incremental 2026-07-11T12:00:05Z..2026-07-14T12:00:05Z
12:00:42 upserted 330 -> vmimporteddata.raw.jobs (now 34187 rows)
12:15:06 jobs incremental 2026-07-11T12:15:06Z..2026-07-14T12:15:06Z
12:15:47 upserted 332 -> vmimporteddata.raw.jobs (now 34188 rows)
12:20:06 quotes incremental 2026-06-30T12:20:06Z..2026-07-14T12:20:06Z
12:20:20 upserted 172 -> vmimporteddata.raw.quotes (now 3096 rows)
12:25:04 invoices incremental 2026-06-30T12:25:04Z..2026-07-14T12:25:04Z
12:25:21 upserted 125 -> vmimporteddata.raw.invoices (now 2164 rows)
12:30:07 forms_logbook incremental 2026-06-30T12:30:07Z..2026-07-14T12:30:07Z
12:30:07 jobs incremental 2026-07-11T12:30:07Z..2026-07-14T12:30:07Z
12:30:29 upserted 179 -> vmimporteddata.raw.forms_logbook (now 2742 rows)
12:30:50 upserted 335 -> vmimporteddata.raw.jobs (now 34189 rows)
2026-07-14 12:35:05,354 INFO token acquired; loading 2 entities
2026-07-14 12:35:05,373 INFO == purchaseorder/getall -> raw.purchase_orders ==
2026-07-14 12:35:35,159 INFO   loaded 858 rows -> vmimporteddata.raw.purchase_orders
2026-07-14 12:35:35,159 INFO == SubcontractorPurchaseOrder/GetAll -> raw.subcontractor_purchase_orders ==
2026-07-14 12:36:19,280 INFO   loaded 1167 rows -> vmimporteddata.raw.subcontractor_purchase_orders
2026-07-14 12:36:19,281 INFO === SUMMARY ===
2026-07-14 12:36:19,281 INFO   purchase_orders                 858  ok
2026-07-14 12:36:19,281 INFO   subcontractor_purchase_orders     1167  ok
12:45:05 jobs incremental 2026-07-11T12:45:05Z..2026-07-14T12:45:05Z
12:45:55 upserted 337 -> vmimporteddata.raw.jobs (now 34190 rows)
13:00:06 jobs incremental 2026-07-11T13:00:06Z..2026-07-14T13:00:06Z
13:01:39 upserted 338 -> vmimporteddata.raw.jobs (now 34191 rows)
13:15:05 jobs incremental 2026-07-11T13:15:05Z..2026-07-14T13:15:05Z
13:15:40 upserted 342 -> vmimporteddata.raw.jobs (now 34192 rows)
13:30:06 jobs incremental 2026-07-11T13:30:06Z..2026-07-14T13:30:06Z
13:30:42 upserted 345 -> vmimporteddata.raw.jobs (now 34193 rows)
13:45:05 jobs incremental 2026-07-11T13:45:05Z..2026-07-14T13:45:05Z
13:45:46 upserted 348 -> vmimporteddata.raw.jobs (now 34193 rows)
14:00:05 jobs incremental 2026-07-11T14:00:05Z..2026-07-14T14:00:05Z
14:01:28 upserted 352 -> vmimporteddata.raw.jobs (now 34195 rows)
14:15:05 jobs incremental 2026-07-11T14:15:05Z..2026-07-14T14:15:05Z
14:17:53 upserted 418 -> vmimporteddata.raw.jobs (now 34261 rows)
14:30:06 jobs incremental 2026-07-11T14:30:06Z..2026-07-14T14:30:06Z
14:32:15 upserted 418 -> vmimporteddata.raw.jobs (now 34261 rows)
14:45:05 jobs incremental 2026-07-11T14:45:05Z..2026-07-14T14:45:05Z
14:46:51 upserted 421 -> vmimporteddata.raw.jobs (now 34261 rows)
15:00:05 jobs incremental 2026-07-11T15:00:05Z..2026-07-14T15:00:05Z
15:02:49 upserted 424 -> vmimporteddata.raw.jobs (now 34262 rows)
15:15:05 jobs incremental 2026-07-11T15:15:05Z..2026-07-14T15:15:05Z
15:16:35 upserted 428 -> vmimporteddata.raw.jobs (now 34264 rows)
15:20:06 quotes incremental 2026-06-30T15:20:06Z..2026-07-14T15:20:06Z
15:20:34 upserted 173 -> vmimporteddata.raw.quotes (now 3103 rows)
15:25:04 invoices incremental 2026-06-30T15:25:04Z..2026-07-14T15:25:04Z
15:25:30 upserted 126 -> vmimporteddata.raw.invoices (now 2165 rows)
15:30:08 jobs incremental 2026-07-11T15:30:08Z..2026-07-14T15:30:08Z
15:30:08 forms_logbook incremental 2026-06-30T15:30:08Z..2026-07-14T15:30:08Z
15:30:47 upserted 178 -> vmimporteddata.raw.forms_logbook (now 2744 rows)
15:31:50 upserted 431 -> vmimporteddata.raw.jobs (now 34264 rows)
2026-07-14 15:35:05,514 INFO token acquired; loading 2 entities
2026-07-14 15:35:05,533 INFO == purchaseorder/getall -> raw.purchase_orders ==
2026-07-14 15:36:31,569 INFO   loaded 860 rows -> vmimporteddata.raw.purchase_orders
2026-07-14 15:36:31,569 INFO == SubcontractorPurchaseOrder/GetAll -> raw.subcontractor_purchase_orders ==
2026-07-14 15:38:18,357 INFO   loaded 1170 rows -> vmimporteddata.raw.subcontractor_purchase_orders
2026-07-14 15:38:18,357 INFO === SUMMARY ===
2026-07-14 15:38:18,357 INFO   purchase_orders                 860  ok
2026-07-14 15:38:18,357 INFO   subcontractor_purchase_orders     1170  ok
15:45:07 jobs incremental 2026-07-11T15:45:07Z..2026-07-14T15:45:07Z
15:46:48 upserted 431 -> vmimporteddata.raw.jobs (now 34264 rows)
16:00:05 jobs incremental 2026-07-11T16:00:05Z..2026-07-14T16:00:05Z
16:02:38 upserted 432 -> vmimporteddata.raw.jobs (now 34265 rows)
16:15:05 jobs incremental 2026-07-11T16:15:05Z..2026-07-14T16:15:05Z
16:16:25 upserted 433 -> vmimporteddata.raw.jobs (now 34267 rows)
16:30:05 jobs incremental 2026-07-11T16:30:05Z..2026-07-14T16:30:05Z
16:31:44 upserted 435 -> vmimporteddata.raw.jobs (now 34268 rows)
16:45:07 jobs incremental 2026-07-11T16:45:07Z..2026-07-14T16:45:07Z
16:46:44 upserted 438 -> vmimporteddata.raw.jobs (now 34271 rows)
17:00:05 jobs incremental 2026-07-11T17:00:05Z..2026-07-14T17:00:05Z
17:02:36 upserted 438 -> vmimporteddata.raw.jobs (now 34271 rows)
17:15:05 jobs incremental 2026-07-11T17:15:05Z..2026-07-14T17:15:05Z
17:16:13 upserted 440 -> vmimporteddata.raw.jobs (now 34272 rows)
17:30:06 jobs incremental 2026-07-11T17:30:06Z..2026-07-14T17:30:06Z
17:31:34 upserted 440 -> vmimporteddata.raw.jobs (now 34272 rows)
17:45:05 jobs incremental 2026-07-11T17:45:05Z..2026-07-14T17:45:05Z
17:46:21 upserted 441 -> vmimporteddata.raw.jobs (now 34273 rows)
18:00:05 jobs incremental 2026-07-11T18:00:05Z..2026-07-14T18:00:05Z
18:01:32 upserted 442 -> vmimporteddata.raw.jobs (now 34274 rows)
18:15:05 jobs incremental 2026-07-11T18:15:05Z..2026-07-14T18:15:05Z
18:16:40 upserted 442 -> vmimporteddata.raw.jobs (now 34274 rows)
18:20:05 quotes incremental 2026-06-30T18:20:05Z..2026-07-14T18:20:05Z
18:20:27 upserted 177 -> vmimporteddata.raw.quotes (now 3109 rows)
18:25:05 invoices incremental 2026-06-30T18:25:05Z..2026-07-14T18:25:05Z
18:25:24 upserted 126 -> vmimporteddata.raw.invoices (now 2165 rows)
18:30:06 jobs incremental 2026-07-11T18:30:06Z..2026-07-14T18:30:06Z
18:30:06 forms_logbook incremental 2026-06-30T18:30:06Z..2026-07-14T18:30:06Z
18:30:31 upserted 178 -> vmimporteddata.raw.forms_logbook (now 2744 rows)
18:31:36 upserted 443 -> vmimporteddata.raw.jobs (now 34274 rows)
2026-07-14 18:35:05,390 INFO token acquired; loading 2 entities
2026-07-14 18:35:05,409 INFO == purchaseorder/getall -> raw.purchase_orders ==
2026-07-14 18:36:41,278 INFO   loaded 866 rows -> vmimporteddata.raw.purchase_orders
2026-07-14 18:36:41,278 INFO == SubcontractorPurchaseOrder/GetAll -> raw.subcontractor_purchase_orders ==
2026-07-14 18:38:01,911 INFO   loaded 1170 rows -> vmimporteddata.raw.subcontractor_purchase_orders
2026-07-14 18:38:01,911 INFO === SUMMARY ===
2026-07-14 18:38:01,911 INFO   purchase_orders                 866  ok
2026-07-14 18:38:01,911 INFO   subcontractor_purchase_orders     1170  ok
18:45:04 jobs incremental 2026-07-11T18:45:04Z..2026-07-14T18:45:04Z
18:46:36 upserted 444 -> vmimporteddata.raw.jobs (now 34274 rows)
19:00:06 jobs incremental 2026-07-11T19:00:06Z..2026-07-14T19:00:06Z
19:01:40 upserted 444 -> vmimporteddata.raw.jobs (now 34274 rows)
19:15:05 jobs incremental 2026-07-11T19:15:05Z..2026-07-14T19:15:05Z
19:16:31 upserted 444 -> vmimporteddata.raw.jobs (now 34274 rows)
19:30:05 jobs incremental 2026-07-11T19:30:05Z..2026-07-14T19:30:05Z
19:30:56 upserted 444 -> vmimporteddata.raw.jobs (now 34274 rows)
19:45:05 jobs incremental 2026-07-11T19:45:05Z..2026-07-14T19:45:05Z
19:46:07 upserted 445 -> vmimporteddata.raw.jobs (now 34274 rows)
21:20:05 quotes incremental 2026-06-30T21:20:05Z..2026-07-14T21:20:05Z
21:20:21 upserted 179 -> vmimporteddata.raw.quotes (now 3111 rows)
21:25:05 invoices incremental 2026-06-30T21:25:05Z..2026-07-14T21:25:05Z
21:25:26 upserted 126 -> vmimporteddata.raw.invoices (now 2165 rows)
21:30:05 forms_logbook incremental 2026-06-30T21:30:05Z..2026-07-14T21:30:05Z
21:30:29 upserted 180 -> vmimporteddata.raw.forms_logbook (now 2746 rows)
2026-07-14 21:35:04,955 INFO token acquired; loading 2 entities
2026-07-14 21:35:04,975 INFO == purchaseorder/getall -> raw.purchase_orders ==
2026-07-14 21:35:30,503 INFO   loaded 866 rows -> vmimporteddata.raw.purchase_orders
2026-07-14 21:35:30,503 INFO == SubcontractorPurchaseOrder/GetAll -> raw.subcontractor_purchase_orders ==
2026-07-14 21:36:14,990 INFO   loaded 1170 rows -> vmimporteddata.raw.subcontractor_purchase_orders
2026-07-14 21:36:14,990 INFO === SUMMARY ===
2026-07-14 21:36:14,990 INFO   purchase_orders                 866  ok
2026-07-14 21:36:14,990 INFO   subcontractor_purchase_orders     1170  ok
00:20:06 quotes incremental 2026-07-01T00:20:06Z..2026-07-15T00:20:06Z
00:20:18 upserted 179 -> vmimporteddata.raw.quotes (now 3111 rows)
00:25:05 invoices incremental 2026-07-01T00:25:05Z..2026-07-15T00:25:05Z
00:25:17 upserted 117 -> vmimporteddata.raw.invoices (now 2167 rows)
00:30:04 forms_logbook incremental 2026-07-01T00:30:04Z..2026-07-15T00:30:04Z
00:30:18 upserted 178 -> vmimporteddata.raw.forms_logbook (now 2746 rows)
2026-07-15 00:35:05,475 INFO token acquired; loading 2 entities
2026-07-15 00:35:05,497 INFO == purchaseorder/getall -> raw.purchase_orders ==
2026-07-15 00:35:32,196 INFO   loaded 866 rows -> vmimporteddata.raw.purchase_orders
2026-07-15 00:35:32,196 INFO == SubcontractorPurchaseOrder/GetAll -> raw.subcontractor_purchase_orders ==
2026-07-15 00:35:52,910 INFO   loaded 1170 rows -> vmimporteddata.raw.subcontractor_purchase_orders
2026-07-15 00:35:52,911 INFO === SUMMARY ===
2026-07-15 00:35:52,911 INFO   purchase_orders                 866  ok
2026-07-15 00:35:52,911 INFO   subcontractor_purchase_orders     1170  ok
2026-07-15 02:00:05,305 INFO token acquired; loading 1 entities
2026-07-15 02:00:05,323 INFO == Job/getall -> raw.jobs ==
2026-07-15 02:40:11,375 INFO token acquired; loading 2 entities
2026-07-15 02:40:11,413 INFO == Quote/GetAll -> raw.quotes ==
2026-07-15 02:41:05,558 INFO   loaded 3111 rows -> vmimporteddata.raw.quotes
2026-07-15 02:41:05,558 INFO == FormsLogbook/getall -> raw.forms_logbook ==
2026-07-15 02:41:44,441 INFO   loaded 2746 rows -> vmimporteddata.raw.forms_logbook
2026-07-15 02:41:44,442 INFO === SUMMARY ===
2026-07-15 02:41:44,442 INFO   quotes                         3111  ok
2026-07-15 02:41:44,442 INFO   forms_logbook                  2746  ok
2026-07-15 03:00:07,829 INFO token acquired; loading 8 entities
2026-07-15 03:00:07,853 INFO == Customer/GetAll -> raw.customers ==
2026-07-15 03:00:20,243 INFO   loaded 43 rows -> vmimporteddata.raw.customers
2026-07-15 03:00:20,243 INFO == Site/GetAll -> raw.sites ==
2026-07-15 03:00:27,581 INFO   loaded 144 rows -> vmimporteddata.raw.sites
2026-07-15 03:00:27,581 INFO == Staff/GetAll -> raw.staff ==
2026-07-15 03:00:32,059 INFO   loaded 96 rows -> vmimporteddata.raw.staff
2026-07-15 03:00:32,059 INFO == Supplier/GetAll -> raw.suppliers ==
2026-07-15 03:00:35,652 INFO   loaded 46 rows -> vmimporteddata.raw.suppliers
2026-07-15 03:00:35,652 INFO == Subcontractor/GetAll -> raw.subcontractors ==
2026-07-15 03:00:41,725 INFO   loaded 125 rows -> vmimporteddata.raw.subcontractors
2026-07-15 03:00:41,725 INFO == Asset/GetAll -> raw.assets ==
2026-07-15 03:05:25,670 INFO   loaded 13035 rows -> vmimporteddata.raw.assets
2026-07-15 03:05:25,670 INFO == Part/GetAll -> raw.parts ==
2026-07-15 03:05:57,900 INFO   loaded 1985 rows -> vmimporteddata.raw.parts
2026-07-15 03:05:57,900 INFO == Expense/GetAll -> raw.expenses ==
2026-07-15 03:06:02,965 INFO   loaded 54 rows -> vmimporteddata.raw.expenses
2026-07-15 03:06:02,965 INFO === SUMMARY ===
2026-07-15 03:06:02,966 INFO   customers                        43  ok
2026-07-15 03:06:02,966 INFO   sites                           144  ok
2026-07-15 03:06:02,966 INFO   staff                            96  ok
2026-07-15 03:06:02,966 INFO   suppliers                        46  ok
2026-07-15 03:06:02,966 INFO   subcontractors                  125  ok
2026-07-15 03:06:02,966 INFO   assets                        13035  ok
2026-07-15 03:06:02,966 INFO   parts                          1985  ok
2026-07-15 03:06:02,966 INFO   expenses                         54  ok
03:20:05 quotes incremental 2026-07-01T03:20:05Z..2026-07-15T03:20:05Z
03:20:30 upserted 179 -> vmimporteddata.raw.quotes (now 3111 rows)
03:25:04 invoices incremental 2026-07-01T03:25:04Z..2026-07-15T03:25:04Z
03:25:31 upserted 117 -> vmimporteddata.raw.invoices (now 2167 rows)
03:30:05 forms_logbook incremental 2026-07-01T03:30:05Z..2026-07-15T03:30:05Z
03:30:21 upserted 178 -> vmimporteddata.raw.forms_logbook (now 2746 rows)
2026-07-15 03:35:05,361 INFO token acquired; loading 2 entities
2026-07-15 03:35:05,380 INFO == purchaseorder/getall -> raw.purchase_orders ==
2026-07-15 03:35:42,580 INFO   loaded 866 rows -> vmimporteddata.raw.purchase_orders
2026-07-15 03:35:42,580 INFO == SubcontractorPurchaseOrder/GetAll -> raw.subcontractor_purchase_orders ==
2026-07-15 03:37:05,827 INFO   loaded 1170 rows -> vmimporteddata.raw.subcontractor_purchase_orders
2026-07-15 03:37:05,827 INFO === SUMMARY ===
2026-07-15 03:37:05,827 INFO   purchase_orders                 866  ok
2026-07-15 03:37:05,827 INFO   subcontractor_purchase_orders     1170  ok
2026-07-15 04:00:05,753 INFO token acquired; loading 1 entities
2026-07-15 04:00:05,773 INFO == Timesheet/GetAll -> raw.timesheets ==
2026-07-15 04:12:41,506 INFO   loaded 7828 rows -> vmimporteddata.raw.timesheets
2026-07-15 04:12:41,530 INFO === SUMMARY ===
2026-07-15 04:12:41,530 INFO   timesheets                     7828  ok
Upload complete.
Waiting on bqjob_r1aca97fdeabdc7a4_0000019f640a3a5a_1 ... (0s) Current status: RUNNING                                                                                      Waiting on bqjob_r1aca97fdeabdc7a4_0000019f640a3a5a_1 ... (0s) Current status: DONE   
audit sync done: 114201 lines
06:20:07 quotes incremental 2026-07-01T06:20:07Z..2026-07-15T06:20:07Z
06:20:22 upserted 178 -> vmimporteddata.raw.quotes (now 3111 rows)
06:25:04 invoices incremental 2026-07-01T06:25:04Z..2026-07-15T06:25:04Z
06:25:19 upserted 117 -> vmimporteddata.raw.invoices (now 2167 rows)
06:30:07 forms_logbook incremental 2026-07-01T06:30:07Z..2026-07-15T06:30:07Z
06:30:22 upserted 178 -> vmimporteddata.raw.forms_logbook (now 2746 rows)
2026-07-15 06:35:05,620 INFO token acquired; loading 2 entities
2026-07-15 06:35:05,641 INFO == purchaseorder/getall -> raw.purchase_orders ==
2026-07-15 06:35:30,794 INFO   loaded 866 rows -> vmimporteddata.raw.purchase_orders
2026-07-15 06:35:30,795 INFO == SubcontractorPurchaseOrder/GetAll -> raw.subcontractor_purchase_orders ==
2026-07-15 06:36:23,997 INFO   loaded 1170 rows -> vmimporteddata.raw.subcontractor_purchase_orders
2026-07-15 06:36:23,997 INFO === SUMMARY ===
2026-07-15 06:36:23,997 INFO   purchase_orders                 866  ok
2026-07-15 06:36:23,997 INFO   subcontractor_purchase_orders     1170  ok
07:00:05 jobs incremental 2026-07-12T07:00:05Z..2026-07-15T07:00:05Z
07:00:54 upserted 463 -> vmimporteddata.raw.jobs (now 34281 rows)
07:15:05 jobs incremental 2026-07-12T07:15:05Z..2026-07-15T07:15:05Z
07:16:20 upserted 463 -> vmimporteddata.raw.jobs (now 34281 rows)
07:30:06 jobs incremental 2026-07-12T07:30:06Z..2026-07-15T07:30:06Z
07:31:24 upserted 463 -> vmimporteddata.raw.jobs (now 34281 rows)
07:45:05 jobs incremental 2026-07-12T07:45:05Z..2026-07-15T07:45:05Z
07:45:46 upserted 465 -> vmimporteddata.raw.jobs (now 34282 rows)
08:00:06 jobs incremental 2026-07-12T08:00:06Z..2026-07-15T08:00:06Z
08:01:31 upserted 467 -> vmimporteddata.raw.jobs (now 34282 rows)
08:15:05 jobs incremental 2026-07-12T08:15:05Z..2026-07-15T08:15:05Z
08:15:55 upserted 468 -> vmimporteddata.raw.jobs (now 34283 rows)
08:30:05 jobs incremental 2026-07-12T08:30:05Z..2026-07-15T08:30:05Z
08:30:48 upserted 470 -> vmimporteddata.raw.jobs (now 34284 rows)
08:45:05 jobs incremental 2026-07-12T08:45:05Z..2026-07-15T08:45:05Z
08:46:03 upserted 493 -> vmimporteddata.raw.jobs (now 34305 rows)
09:00:05 jobs incremental 2026-07-12T09:00:05Z..2026-07-15T09:00:05Z
09:01:15 upserted 499 -> vmimporteddata.raw.jobs (now 34309 rows)
09:15:05 jobs incremental 2026-07-12T09:15:05Z..2026-07-15T09:15:05Z
09:15:45 upserted 508 -> vmimporteddata.raw.jobs (now 34317 rows)
09:20:05 quotes incremental 2026-07-01T09:20:05Z..2026-07-15T09:20:05Z
09:20:28 upserted 175 -> vmimporteddata.raw.quotes (now 3112 rows)
09:25:05 invoices incremental 2026-07-01T09:25:05Z..2026-07-15T09:25:05Z
09:25:22 upserted 117 -> vmimporteddata.raw.invoices (now 2167 rows)
09:30:08 forms_logbook incremental 2026-07-01T09:30:08Z..2026-07-15T09:30:08Z
09:30:08 jobs incremental 2026-07-12T09:30:08Z..2026-07-15T09:30:08Z
09:30:25 upserted 183 -> vmimporteddata.raw.forms_logbook (now 2753 rows)
09:30:56 upserted 541 -> vmimporteddata.raw.jobs (now 34349 rows)
2026-07-15 09:35:05,667 INFO token acquired; loading 2 entities
2026-07-15 09:35:05,688 INFO == purchaseorder/getall -> raw.purchase_orders ==
2026-07-15 09:35:39,747 INFO   loaded 866 rows -> vmimporteddata.raw.purchase_orders
2026-07-15 09:35:39,747 INFO == SubcontractorPurchaseOrder/GetAll -> raw.subcontractor_purchase_orders ==
2026-07-15 09:36:11,869 INFO   loaded 1171 rows -> vmimporteddata.raw.subcontractor_purchase_orders
2026-07-15 09:36:11,870 INFO === SUMMARY ===
2026-07-15 09:36:11,870 INFO   purchase_orders                 866  ok
2026-07-15 09:36:11,870 INFO   subcontractor_purchase_orders     1171  ok
09:45:05 jobs incremental 2026-07-12T09:45:05Z..2026-07-15T09:45:05Z
09:46:10 upserted 542 -> vmimporteddata.raw.jobs (now 34350 rows)
10:00:05 jobs incremental 2026-07-12T10:00:05Z..2026-07-15T10:00:05Z
10:01:33 upserted 545 -> vmimporteddata.raw.jobs (now 34352 rows)
10:15:06 jobs incremental 2026-07-12T10:15:06Z..2026-07-15T10:15:06Z
10:15:53 upserted 546 -> vmimporteddata.raw.jobs (now 34353 rows)
10:30:05 jobs incremental 2026-07-12T10:30:05Z..2026-07-15T10:30:05Z
10:30:55 upserted 548 -> vmimporteddata.raw.jobs (now 34355 rows)
10:45:05 jobs incremental 2026-07-12T10:45:05Z..2026-07-15T10:45:05Z
10:45:48 upserted 551 -> vmimporteddata.raw.jobs (now 34356 rows)
11:00:06 jobs incremental 2026-07-12T11:00:06Z..2026-07-15T11:00:06Z
11:01:48 upserted 555 -> vmimporteddata.raw.jobs (now 34357 rows)
11:15:05 jobs incremental 2026-07-12T11:15:05Z..2026-07-15T11:15:05Z
11:16:29 upserted 559 -> vmimporteddata.raw.jobs (now 34360 rows)
11:30:05 jobs incremental 2026-07-12T11:30:05Z..2026-07-15T11:30:05Z
11:30:48 upserted 560 -> vmimporteddata.raw.jobs (now 34361 rows)
11:45:08 jobs incremental 2026-07-12T11:45:08Z..2026-07-15T11:45:08Z
11:46:10 upserted 576 -> vmimporteddata.raw.jobs (now 34377 rows)
12:00:05 jobs incremental 2026-07-12T12:00:05Z..2026-07-15T12:00:05Z
12:01:37 upserted 578 -> vmimporteddata.raw.jobs (now 34379 rows)
12:15:05 jobs incremental 2026-07-12T12:15:05Z..2026-07-15T12:15:05Z
12:15:55 upserted 579 -> vmimporteddata.raw.jobs (now 34379 rows)
12:20:05 quotes incremental 2026-07-01T12:20:05Z..2026-07-15T12:20:05Z
12:20:19 upserted 174 -> vmimporteddata.raw.quotes (now 3115 rows)
12:25:05 invoices incremental 2026-07-01T12:25:05Z..2026-07-15T12:25:05Z
12:25:19 upserted 147 -> vmimporteddata.raw.invoices (now 2197 rows)
12:30:06 forms_logbook incremental 2026-07-01T12:30:06Z..2026-07-15T12:30:06Z
12:30:06 jobs incremental 2026-07-12T12:30:06Z..2026-07-15T12:30:06Z
12:30:20 upserted 183 -> vmimporteddata.raw.forms_logbook (now 2757 rows)
12:30:52 upserted 600 -> vmimporteddata.raw.jobs (now 34399 rows)
2026-07-15 12:35:05,711 INFO token acquired; loading 2 entities
2026-07-15 12:35:05,731 INFO == purchaseorder/getall -> raw.purchase_orders ==
2026-07-15 12:35:33,287 INFO   loaded 869 rows -> vmimporteddata.raw.purchase_orders
2026-07-15 12:35:33,287 INFO == SubcontractorPurchaseOrder/GetAll -> raw.subcontractor_purchase_orders ==
2026-07-15 12:36:36,689 INFO   loaded 1177 rows -> vmimporteddata.raw.subcontractor_purchase_orders
2026-07-15 12:36:36,689 INFO === SUMMARY ===
2026-07-15 12:36:36,690 INFO   purchase_orders                 869  ok
2026-07-15 12:36:36,690 INFO   subcontractor_purchase_orders     1177  ok
12:45:05 jobs incremental 2026-07-12T12:45:05Z..2026-07-15T12:45:05Z
12:45:47 upserted 600 -> vmimporteddata.raw.jobs (now 34399 rows)
13:00:05 jobs incremental 2026-07-12T13:00:05Z..2026-07-15T13:00:05Z
13:01:29 upserted 602 -> vmimporteddata.raw.jobs (now 34400 rows)
13:15:06 jobs incremental 2026-07-12T13:15:06Z..2026-07-15T13:15:06Z
13:15:50 upserted 605 -> vmimporteddata.raw.jobs (now 34400 rows)
13:30:06 jobs incremental 2026-07-12T13:30:06Z..2026-07-15T13:30:06Z
13:31:20 upserted 611 -> vmimporteddata.raw.jobs (now 34405 rows)
13:45:05 jobs incremental 2026-07-12T13:45:05Z..2026-07-15T13:45:05Z
13:46:14 upserted 614 -> vmimporteddata.raw.jobs (now 34406 rows)
14:00:06 jobs incremental 2026-07-12T14:00:06Z..2026-07-15T14:00:06Z
14:03:09 upserted 615 -> vmimporteddata.raw.jobs (now 34406 rows)
14:15:06 jobs incremental 2026-07-12T14:15:06Z..2026-07-15T14:15:06Z
14:16:00 upserted 618 -> vmimporteddata.raw.jobs (now 34408 rows)
14:30:05 jobs incremental 2026-07-12T14:30:05Z..2026-07-15T14:30:05Z
14:30:54 upserted 620 -> vmimporteddata.raw.jobs (now 34408 rows)
14:45:08 jobs incremental 2026-07-12T14:45:08Z..2026-07-15T14:45:08Z
14:45:54 upserted 630 -> vmimporteddata.raw.jobs (now 34417 rows)
15:00:06 jobs incremental 2026-07-12T15:00:06Z..2026-07-15T15:00:06Z
15:03:53 upserted 631 -> vmimporteddata.raw.jobs (now 34418 rows)
15:15:06 jobs incremental 2026-07-12T15:15:06Z..2026-07-15T15:15:06Z
15:15:56 upserted 631 -> vmimporteddata.raw.jobs (now 34418 rows)
15:20:05 quotes incremental 2026-07-01T15:20:05Z..2026-07-15T15:20:05Z
15:20:20 upserted 177 -> vmimporteddata.raw.quotes (now 3123 rows)
15:25:05 invoices incremental 2026-07-01T15:25:05Z..2026-07-15T15:25:05Z
15:25:21 upserted 149 -> vmimporteddata.raw.invoices (now 2199 rows)
15:30:06 jobs incremental 2026-07-12T15:30:06Z..2026-07-15T15:30:06Z
15:30:06 forms_logbook incremental 2026-07-01T15:30:06Z..2026-07-15T15:30:06Z
15:30:23 upserted 185 -> vmimporteddata.raw.forms_logbook (now 2762 rows)
15:30:59 upserted 632 -> vmimporteddata.raw.jobs (now 34419 rows)
2026-07-15 15:35:04,769 INFO token acquired; loading 2 entities
2026-07-15 15:35:04,788 INFO == purchaseorder/getall -> raw.purchase_orders ==
2026-07-15 15:35:33,346 INFO   loaded 870 rows -> vmimporteddata.raw.purchase_orders
2026-07-15 15:35:33,346 INFO == SubcontractorPurchaseOrder/GetAll -> raw.subcontractor_purchase_orders ==
2026-07-15 15:36:07,189 INFO   loaded 1181 rows -> vmimporteddata.raw.subcontractor_purchase_orders
2026-07-15 15:36:07,189 INFO === SUMMARY ===
2026-07-15 15:36:07,189 INFO   purchase_orders                 870  ok
2026-07-15 15:36:07,189 INFO   subcontractor_purchase_orders     1181  ok
15:45:05 jobs incremental 2026-07-12T15:45:05Z..2026-07-15T15:45:05Z
15:45:52 upserted 633 -> vmimporteddata.raw.jobs (now 34420 rows)
16:00:05 jobs incremental 2026-07-12T16:00:05Z..2026-07-15T16:00:05Z
16:01:11 upserted 633 -> vmimporteddata.raw.jobs (now 34420 rows)
16:15:05 jobs incremental 2026-07-12T16:15:05Z..2026-07-15T16:15:05Z
16:15:43 upserted 633 -> vmimporteddata.raw.jobs (now 34420 rows)
16:30:05 jobs incremental 2026-07-12T16:30:05Z..2026-07-15T16:30:05Z
16:30:50 upserted 633 -> vmimporteddata.raw.jobs (now 34421 rows)
16:45:05 jobs incremental 2026-07-12T16:45:05Z..2026-07-15T16:45:05Z
16:46:04 upserted 634 -> vmimporteddata.raw.jobs (now 34422 rows)
17:00:06 jobs incremental 2026-07-12T17:00:06Z..2026-07-15T17:00:06Z
17:01:28 upserted 635 -> vmimporteddata.raw.jobs (now 34423 rows)
17:15:05 jobs incremental 2026-07-12T17:15:05Z..2026-07-15T17:15:05Z
17:15:41 upserted 635 -> vmimporteddata.raw.jobs (now 34423 rows)
17:30:06 jobs incremental 2026-07-12T17:30:06Z..2026-07-15T17:30:06Z
17:30:49 upserted 637 -> vmimporteddata.raw.jobs (now 34424 rows)
17:45:05 jobs incremental 2026-07-12T17:45:05Z..2026-07-15T17:45:05Z
17:46:11 upserted 637 -> vmimporteddata.raw.jobs (now 34424 rows)
18:00:05 jobs incremental 2026-07-12T18:00:05Z..2026-07-15T18:00:05Z
18:01:29 upserted 638 -> vmimporteddata.raw.jobs (now 34425 rows)
18:15:05 jobs incremental 2026-07-12T18:15:05Z..2026-07-15T18:15:05Z
18:16:08 upserted 638 -> vmimporteddata.raw.jobs (now 34425 rows)
18:20:05 quotes incremental 2026-07-01T18:20:05Z..2026-07-15T18:20:05Z
18:20:35 upserted 177 -> vmimporteddata.raw.quotes (now 3123 rows)
18:25:04 invoices incremental 2026-07-01T18:25:04Z..2026-07-15T18:25:04Z
18:25:22 upserted 149 -> vmimporteddata.raw.invoices (now 2199 rows)
18:30:08 forms_logbook incremental 2026-07-01T18:30:08Z..2026-07-15T18:30:08Z
18:30:08 jobs incremental 2026-07-12T18:30:08Z..2026-07-15T18:30:08Z
18:30:32 upserted 185 -> vmimporteddata.raw.forms_logbook (now 2762 rows)
18:31:08 upserted 638 -> vmimporteddata.raw.jobs (now 34425 rows)
2026-07-15 18:35:05,719 INFO token acquired; loading 2 entities
2026-07-15 18:35:05,742 INFO == purchaseorder/getall -> raw.purchase_orders ==
2026-07-15 18:35:34,901 INFO   loaded 870 rows -> vmimporteddata.raw.purchase_orders
2026-07-15 18:35:34,901 INFO == SubcontractorPurchaseOrder/GetAll -> raw.subcontractor_purchase_orders ==
2026-07-15 18:36:19,439 INFO   loaded 1182 rows -> vmimporteddata.raw.subcontractor_purchase_orders
2026-07-15 18:36:19,439 INFO === SUMMARY ===
2026-07-15 18:36:19,439 INFO   purchase_orders                 870  ok
2026-07-15 18:36:19,439 INFO   subcontractor_purchase_orders     1182  ok
18:45:05 jobs incremental 2026-07-12T18:45:05Z..2026-07-15T18:45:05Z
18:45:48 upserted 638 -> vmimporteddata.raw.jobs (now 34425 rows)
19:00:05 jobs incremental 2026-07-12T19:00:05Z..2026-07-15T19:00:05Z
19:01:04 upserted 638 -> vmimporteddata.raw.jobs (now 34425 rows)
19:15:07 jobs incremental 2026-07-12T19:15:07Z..2026-07-15T19:15:07Z
19:15:52 upserted 638 -> vmimporteddata.raw.jobs (now 34425 rows)
19:30:05 jobs incremental 2026-07-12T19:30:05Z..2026-07-15T19:30:05Z
19:31:14 upserted 638 -> vmimporteddata.raw.jobs (now 34425 rows)
19:45:05 jobs incremental 2026-07-12T19:45:05Z..2026-07-15T19:45:05Z
19:45:54 upserted 638 -> vmimporteddata.raw.jobs (now 34425 rows)
21:20:05 quotes incremental 2026-07-01T21:20:05Z..2026-07-15T21:20:05Z
21:20:19 upserted 177 -> vmimporteddata.raw.quotes (now 3123 rows)
21:25:04 invoices incremental 2026-07-01T21:25:04Z..2026-07-15T21:25:04Z
21:25:22 upserted 149 -> vmimporteddata.raw.invoices (now 2199 rows)
21:30:05 forms_logbook incremental 2026-07-01T21:30:05Z..2026-07-15T21:30:05Z
21:30:19 upserted 185 -> vmimporteddata.raw.forms_logbook (now 2762 rows)
2026-07-15 21:35:05,440 INFO token acquired; loading 2 entities
2026-07-15 21:35:05,462 INFO == purchaseorder/getall -> raw.purchase_orders ==
2026-07-15 21:35:28,979 INFO   loaded 870 rows -> vmimporteddata.raw.purchase_orders
2026-07-15 21:35:28,979 INFO == SubcontractorPurchaseOrder/GetAll -> raw.subcontractor_purchase_orders ==
2026-07-15 21:36:14,179 INFO   loaded 1182 rows -> vmimporteddata.raw.subcontractor_purchase_orders
2026-07-15 21:36:14,179 INFO === SUMMARY ===
2026-07-15 21:36:14,181 INFO   purchase_orders                 870  ok
2026-07-15 21:36:14,181 INFO   subcontractor_purchase_orders     1182  ok
00:20:05 quotes incremental 2026-07-02T00:20:05Z..2026-07-16T00:20:05Z
00:20:19 upserted 178 -> vmimporteddata.raw.quotes (now 3124 rows)
00:25:05 invoices incremental 2026-07-02T00:25:05Z..2026-07-16T00:25:05Z
00:25:18 upserted 147 -> vmimporteddata.raw.invoices (now 2199 rows)
00:30:05 forms_logbook incremental 2026-07-02T00:30:05Z..2026-07-16T00:30:05Z
00:30:17 upserted 185 -> vmimporteddata.raw.forms_logbook (now 2762 rows)
2026-07-16 00:35:05,557 INFO token acquired; loading 2 entities
2026-07-16 00:35:05,576 INFO == purchaseorder/getall -> raw.purchase_orders ==
2026-07-16 00:35:22,587 INFO   loaded 870 rows -> vmimporteddata.raw.purchase_orders
2026-07-16 00:35:22,587 INFO == SubcontractorPurchaseOrder/GetAll -> raw.subcontractor_purchase_orders ==
2026-07-16 00:35:44,952 INFO   loaded 1182 rows -> vmimporteddata.raw.subcontractor_purchase_orders
2026-07-16 00:35:44,952 INFO === SUMMARY ===
2026-07-16 00:35:44,953 INFO   purchase_orders                 870  ok
2026-07-16 00:35:44,953 INFO   subcontractor_purchase_orders     1182  ok
2026-07-16 02:00:07,590 INFO token acquired; loading 1 entities
2026-07-16 02:00:07,623 INFO == Job/getall -> raw.jobs ==
2026-07-16 02:40:10,650 INFO token acquired; loading 2 entities
2026-07-16 02:40:10,729 INFO == Quote/GetAll -> raw.quotes ==
2026-07-16 02:41:13,731 INFO   loaded 3123 rows -> vmimporteddata.raw.quotes
2026-07-16 02:41:13,731 INFO == FormsLogbook/getall -> raw.forms_logbook ==
2026-07-16 02:41:53,423 INFO   loaded 2762 rows -> vmimporteddata.raw.forms_logbook
2026-07-16 02:41:53,423 INFO === SUMMARY ===
2026-07-16 02:41:53,423 INFO   quotes                         3123  ok
2026-07-16 02:41:53,423 INFO   forms_logbook                  2762  ok
2026-07-16 03:00:06,844 INFO token acquired; loading 8 entities
2026-07-16 03:00:06,867 INFO == Customer/GetAll -> raw.customers ==
2026-07-16 03:00:10,754 INFO   loaded 43 rows -> vmimporteddata.raw.customers
2026-07-16 03:00:10,754 INFO == Site/GetAll -> raw.sites ==
2026-07-16 03:00:18,802 INFO   loaded 144 rows -> vmimporteddata.raw.sites
2026-07-16 03:00:18,802 INFO == Staff/GetAll -> raw.staff ==
2026-07-16 03:00:23,123 INFO   loaded 96 rows -> vmimporteddata.raw.staff
2026-07-16 03:00:23,124 INFO == Supplier/GetAll -> raw.suppliers ==
2026-07-16 03:00:27,823 INFO   loaded 47 rows -> vmimporteddata.raw.suppliers
2026-07-16 03:00:27,823 INFO == Subcontractor/GetAll -> raw.subcontractors ==
2026-07-16 03:00:47,487 INFO   loaded 125 rows -> vmimporteddata.raw.subcontractors
2026-07-16 03:00:47,487 INFO == Asset/GetAll -> raw.assets ==
2026-07-16 03:04:21,968 INFO   loaded 13035 rows -> vmimporteddata.raw.assets
2026-07-16 03:04:21,968 INFO == Part/GetAll -> raw.parts ==
2026-07-16 03:04:51,598 INFO   loaded 1985 rows -> vmimporteddata.raw.parts
2026-07-16 03:04:51,598 INFO == Expense/GetAll -> raw.expenses ==
2026-07-16 03:04:55,590 INFO   loaded 54 rows -> vmimporteddata.raw.expenses
2026-07-16 03:04:55,590 INFO === SUMMARY ===
2026-07-16 03:04:55,590 INFO   customers                        43  ok
2026-07-16 03:04:55,590 INFO   sites                           144  ok
2026-07-16 03:04:55,590 INFO   staff                            96  ok
2026-07-16 03:04:55,590 INFO   suppliers                        47  ok
2026-07-16 03:04:55,590 INFO   subcontractors                  125  ok
2026-07-16 03:04:55,590 INFO   assets                        13035  ok
2026-07-16 03:04:55,590 INFO   parts                          1985  ok
2026-07-16 03:04:55,590 INFO   expenses                         54  ok
03:20:05 quotes incremental 2026-07-02T03:20:05Z..2026-07-16T03:20:05Z
03:20:20 upserted 178 -> vmimporteddata.raw.quotes (now 3123 rows)
03:25:05 invoices incremental 2026-07-02T03:25:05Z..2026-07-16T03:25:05Z
03:25:21 upserted 147 -> vmimporteddata.raw.invoices (now 2199 rows)
03:30:04 forms_logbook incremental 2026-07-02T03:30:04Z..2026-07-16T03:30:04Z
03:30:47 upserted 185 -> vmimporteddata.raw.forms_logbook (now 2762 rows)
2026-07-16 03:35:05,101 INFO token acquired; loading 2 entities
2026-07-16 03:35:05,122 INFO == purchaseorder/getall -> raw.purchase_orders ==
2026-07-16 03:35:52,654 INFO   loaded 870 rows -> vmimporteddata.raw.purchase_orders
2026-07-16 03:35:52,654 INFO == SubcontractorPurchaseOrder/GetAll -> raw.subcontractor_purchase_orders ==
2026-07-16 03:36:48,506 INFO   loaded 1182 rows -> vmimporteddata.raw.subcontractor_purchase_orders
2026-07-16 03:36:48,506 INFO === SUMMARY ===
2026-07-16 03:36:48,506 INFO   purchase_orders                 870  ok
2026-07-16 03:36:48,506 INFO   subcontractor_purchase_orders     1182  ok
2026-07-16 04:00:06,515 INFO token acquired; loading 1 entities
2026-07-16 04:00:06,569 INFO == Timesheet/GetAll -> raw.timesheets ==
2026-07-16 04:13:54,627 INFO   loaded 7828 rows -> vmimporteddata.raw.timesheets
2026-07-16 04:13:54,627 INFO === SUMMARY ===
2026-07-16 04:13:54,627 INFO   timesheets                     7828  ok
Upload complete.
Waiting on bqjob_r3583e299c650d198_0000019f69309b3d_1 ... (0s) Current status: RUNNING                                                                                      Waiting on bqjob_r3583e299c650d198_0000019f69309b3d_1 ... (1s) Current status: RUNNING                                                                                      Waiting on bqjob_r3583e299c650d198_0000019f69309b3d_1 ... (1s) Current status: DONE   
audit sync done: 114749 lines
06:20:05 quotes incremental 2026-07-02T06:20:05Z..2026-07-16T06:20:05Z
06:20:18 upserted 178 -> vmimporteddata.raw.quotes (now 3123 rows)
06:25:04 invoices incremental 2026-07-02T06:25:04Z..2026-07-16T06:25:04Z
06:25:19 upserted 147 -> vmimporteddata.raw.invoices (now 2199 rows)
06:30:05 forms_logbook incremental 2026-07-02T06:30:05Z..2026-07-16T06:30:05Z
06:30:20 upserted 185 -> vmimporteddata.raw.forms_logbook (now 2762 rows)
2026-07-16 06:35:06,359 INFO token acquired; loading 2 entities
2026-07-16 06:35:06,382 INFO == purchaseorder/getall -> raw.purchase_orders ==
2026-07-16 06:35:28,489 INFO   loaded 870 rows -> vmimporteddata.raw.purchase_orders
2026-07-16 06:35:28,489 INFO == SubcontractorPurchaseOrder/GetAll -> raw.subcontractor_purchase_orders ==
2026-07-16 06:35:55,342 INFO   loaded 1182 rows -> vmimporteddata.raw.subcontractor_purchase_orders
2026-07-16 06:35:55,342 INFO === SUMMARY ===
2026-07-16 06:35:55,342 INFO   purchase_orders                 870  ok
2026-07-16 06:35:55,342 INFO   subcontractor_purchase_orders     1182  ok
07:00:08 jobs incremental 2026-07-13T07:00:08Z..2026-07-16T07:00:08Z
07:01:25 upserted 634 -> vmimporteddata.raw.jobs (now 34441 rows)
07:15:07 jobs incremental 2026-07-13T07:15:07Z..2026-07-16T07:15:07Z
07:16:09 upserted 632 -> vmimporteddata.raw.jobs (now 34441 rows)
07:30:05 jobs incremental 2026-07-13T07:30:05Z..2026-07-16T07:30:05Z
07:31:05 upserted 631 -> vmimporteddata.raw.jobs (now 34442 rows)
07:45:05 jobs incremental 2026-07-13T07:45:05Z..2026-07-16T07:45:05Z
07:45:55 upserted 630 -> vmimporteddata.raw.jobs (now 34442 rows)
08:00:06 jobs incremental 2026-07-13T08:00:06Z..2026-07-16T08:00:06Z
08:01:37 upserted 625 -> vmimporteddata.raw.jobs (now 34442 rows)
08:15:06 jobs incremental 2026-07-13T08:15:06Z..2026-07-16T08:15:06Z
08:16:14 upserted 621 -> vmimporteddata.raw.jobs (now 34442 rows)
08:30:07 jobs incremental 2026-07-13T08:30:07Z..2026-07-16T08:30:07Z
08:31:34 upserted 620 -> vmimporteddata.raw.jobs (now 34446 rows)
08:45:06 jobs incremental 2026-07-13T08:45:06Z..2026-07-16T08:45:06Z
08:46:18 upserted 633 -> vmimporteddata.raw.jobs (now 34458 rows)
09:00:06 jobs incremental 2026-07-13T09:00:06Z..2026-07-16T09:00:06Z
09:01:22 upserted 688 -> vmimporteddata.raw.jobs (now 34479 rows)
09:15:05 jobs incremental 2026-07-13T09:15:05Z..2026-07-16T09:15:05Z
09:16:18 upserted 688 -> vmimporteddata.raw.jobs (now 34480 rows)
09:20:05 quotes incremental 2026-07-02T09:20:05Z..2026-07-16T09:20:05Z
09:20:30 upserted 177 -> vmimporteddata.raw.quotes (now 3124 rows)
09:25:05 invoices incremental 2026-07-02T09:25:05Z..2026-07-16T09:25:05Z
09:25:20 upserted 147 -> vmimporteddata.raw.invoices (now 2199 rows)
09:30:07 jobs incremental 2026-07-13T09:30:07Z..2026-07-16T09:30:07Z
09:30:07 forms_logbook incremental 2026-07-02T09:30:07Z..2026-07-16T09:30:07Z
09:30:23 upserted 196 -> vmimporteddata.raw.forms_logbook (now 2774 rows)
09:31:14 upserted 690 -> vmimporteddata.raw.jobs (now 34483 rows)
2026-07-16 09:35:05,643 INFO token acquired; loading 2 entities
2026-07-16 09:35:05,663 INFO == purchaseorder/getall -> raw.purchase_orders ==
2026-07-16 09:35:34,207 INFO   loaded 870 rows -> vmimporteddata.raw.purchase_orders
2026-07-16 09:35:34,207 INFO == SubcontractorPurchaseOrder/GetAll -> raw.subcontractor_purchase_orders ==
2026-07-16 09:36:30,278 INFO   loaded 1182 rows -> vmimporteddata.raw.subcontractor_purchase_orders
2026-07-16 09:36:30,278 INFO === SUMMARY ===
2026-07-16 09:36:30,278 INFO   purchase_orders                 870  ok
2026-07-16 09:36:30,278 INFO   subcontractor_purchase_orders     1182  ok
09:45:05 jobs incremental 2026-07-13T09:45:05Z..2026-07-16T09:45:05Z
09:46:09 upserted 697 -> vmimporteddata.raw.jobs (now 34489 rows)
10:00:06 jobs incremental 2026-07-13T10:00:06Z..2026-07-16T10:00:06Z
10:02:10 upserted 700 -> vmimporteddata.raw.jobs (now 34490 rows)
10:15:05 jobs incremental 2026-07-13T10:15:05Z..2026-07-16T10:15:05Z
10:16:24 upserted 699 -> vmimporteddata.raw.jobs (now 34490 rows)
10:30:05 jobs incremental 2026-07-13T10:30:05Z..2026-07-16T10:30:05Z
10:31:50 upserted 705 -> vmimporteddata.raw.jobs (now 34496 rows)
10:45:07 jobs incremental 2026-07-13T10:45:07Z..2026-07-16T10:45:07Z
10:46:29 upserted 704 -> vmimporteddata.raw.jobs (now 34496 rows)
11:00:07 jobs incremental 2026-07-13T11:00:07Z..2026-07-16T11:00:07Z
11:02:41 upserted 704 -> vmimporteddata.raw.jobs (now 34498 rows)
11:15:05 jobs incremental 2026-07-13T11:15:05Z..2026-07-16T11:15:05Z
11:16:13 upserted 702 -> vmimporteddata.raw.jobs (now 34500 rows)
11:30:06 jobs incremental 2026-07-13T11:30:06Z..2026-07-16T11:30:06Z
11:31:04 upserted 696 -> vmimporteddata.raw.jobs (now 34500 rows)
11:45:06 jobs incremental 2026-07-13T11:45:06Z..2026-07-16T11:45:06Z
11:46:05 upserted 694 -> vmimporteddata.raw.jobs (now 34501 rows)
12:00:05 jobs incremental 2026-07-13T12:00:05Z..2026-07-16T12:00:05Z
12:01:50 upserted 732 -> vmimporteddata.raw.jobs (now 34540 rows)
12:15:05 jobs incremental 2026-07-13T12:15:05Z..2026-07-16T12:15:05Z
12:15:48 upserted 718 -> vmimporteddata.raw.jobs (now 34540 rows)
12:20:04 quotes incremental 2026-07-02T12:20:04Z..2026-07-16T12:20:04Z
12:20:26 upserted 180 -> vmimporteddata.raw.quotes (now 3133 rows)
12:25:04 invoices incremental 2026-07-02T12:25:04Z..2026-07-16T12:25:04Z
12:25:19 upserted 147 -> vmimporteddata.raw.invoices (now 2199 rows)
12:30:06 forms_logbook incremental 2026-07-02T12:30:06Z..2026-07-16T12:30:06Z
12:30:07 jobs incremental 2026-07-13T12:30:07Z..2026-07-16T12:30:07Z
12:30:34 upserted 199 -> vmimporteddata.raw.forms_logbook (now 2778 rows)
12:30:57 upserted 715 -> vmimporteddata.raw.jobs (now 34540 rows)
2026-07-16 12:35:05,799 INFO token acquired; loading 2 entities
2026-07-16 12:35:05,820 INFO == purchaseorder/getall -> raw.purchase_orders ==
2026-07-16 12:35:36,402 INFO   loaded 870 rows -> vmimporteddata.raw.purchase_orders
2026-07-16 12:35:36,402 INFO == SubcontractorPurchaseOrder/GetAll -> raw.subcontractor_purchase_orders ==
2026-07-16 12:36:10,178 INFO   loaded 1185 rows -> vmimporteddata.raw.subcontractor_purchase_orders
2026-07-16 12:36:10,178 INFO === SUMMARY ===
2026-07-16 12:36:10,179 INFO   purchase_orders                 870  ok
2026-07-16 12:36:10,179 INFO   subcontractor_purchase_orders     1185  ok
12:45:05 jobs incremental 2026-07-13T12:45:05Z..2026-07-16T12:45:05Z
12:46:04 upserted 715 -> vmimporteddata.raw.jobs (now 34540 rows)
13:00:06 jobs incremental 2026-07-13T13:00:06Z..2026-07-16T13:00:06Z
13:01:20 upserted 714 -> vmimporteddata.raw.jobs (now 34540 rows)
13:15:05 jobs incremental 2026-07-13T13:15:05Z..2026-07-16T13:15:05Z
13:15:56 upserted 714 -> vmimporteddata.raw.jobs (now 34543 rows)
13:30:05 jobs incremental 2026-07-13T13:30:05Z..2026-07-16T13:30:05Z
13:31:07 upserted 712 -> vmimporteddata.raw.jobs (now 34543 rows)
13:45:05 jobs incremental 2026-07-13T13:45:05Z..2026-07-16T13:45:05Z
13:46:03 upserted 712 -> vmimporteddata.raw.jobs (now 34545 rows)
14:00:05 jobs incremental 2026-07-13T14:00:05Z..2026-07-16T14:00:05Z
14:02:00 upserted 706 -> vmimporteddata.raw.jobs (now 34546 rows)
14:15:05 jobs incremental 2026-07-13T14:15:05Z..2026-07-16T14:15:05Z
14:16:07 upserted 706 -> vmimporteddata.raw.jobs (now 34547 rows)
14:30:06 jobs incremental 2026-07-13T14:30:06Z..2026-07-16T14:30:06Z
14:31:11 upserted 702 -> vmimporteddata.raw.jobs (now 34548 rows)
14:45:04 jobs incremental 2026-07-13T14:45:04Z..2026-07-16T14:45:04Z
14:46:24 upserted 710 -> vmimporteddata.raw.jobs (now 34558 rows)
15:00:05 jobs incremental 2026-07-13T15:00:05Z..2026-07-16T15:00:05Z
15:04:09 upserted 699 -> vmimporteddata.raw.jobs (now 34558 rows)
15:15:05 jobs incremental 2026-07-13T15:15:05Z..2026-07-16T15:15:05Z
15:16:13 upserted 697 -> vmimporteddata.raw.jobs (now 34559 rows)
15:20:05 quotes incremental 2026-07-02T15:20:05Z..2026-07-16T15:20:05Z
15:20:21 upserted 181 -> vmimporteddata.raw.quotes (now 3139 rows)
15:25:05 invoices incremental 2026-07-02T15:25:05Z..2026-07-16T15:25:05Z
15:25:20 upserted 147 -> vmimporteddata.raw.invoices (now 2199 rows)
15:30:06 jobs incremental 2026-07-13T15:30:06Z..2026-07-16T15:30:06Z
15:30:06 forms_logbook incremental 2026-07-02T15:30:06Z..2026-07-16T15:30:06Z
15:30:20 upserted 200 -> vmimporteddata.raw.forms_logbook (now 2782 rows)
15:31:02 upserted 698 -> vmimporteddata.raw.jobs (now 34560 rows)
2026-07-16 15:35:05,483 INFO token acquired; loading 2 entities
2026-07-16 15:35:05,502 INFO == purchaseorder/getall -> raw.purchase_orders ==
2026-07-16 15:35:28,509 INFO   loaded 870 rows -> vmimporteddata.raw.purchase_orders
2026-07-16 15:35:28,510 INFO == SubcontractorPurchaseOrder/GetAll -> raw.subcontractor_purchase_orders ==
2026-07-16 15:36:06,402 INFO   loaded 1187 rows -> vmimporteddata.raw.subcontractor_purchase_orders
2026-07-16 15:36:06,402 INFO === SUMMARY ===
2026-07-16 15:36:06,402 INFO   purchase_orders                 870  ok
2026-07-16 15:36:06,402 INFO   subcontractor_purchase_orders     1187  ok
15:45:05 jobs incremental 2026-07-13T15:45:05Z..2026-07-16T15:45:05Z
15:46:46 upserted 697 -> vmimporteddata.raw.jobs (now 34560 rows)
16:00:05 jobs incremental 2026-07-13T16:00:05Z..2026-07-16T16:00:05Z
16:01:09 upserted 698 -> vmimporteddata.raw.jobs (now 34562 rows)
16:15:05 jobs incremental 2026-07-13T16:15:05Z..2026-07-16T16:15:05Z
16:15:49 upserted 700 -> vmimporteddata.raw.jobs (now 34565 rows)
16:30:05 jobs incremental 2026-07-13T16:30:05Z..2026-07-16T16:30:05Z
16:30:54 upserted 701 -> vmimporteddata.raw.jobs (now 34566 rows)
16:45:05 jobs incremental 2026-07-13T16:45:05Z..2026-07-16T16:45:05Z
16:45:56 upserted 697 -> vmimporteddata.raw.jobs (now 34566 rows)
17:00:05 jobs incremental 2026-07-13T17:00:05Z..2026-07-16T17:00:05Z
17:00:53 upserted 696 -> vmimporteddata.raw.jobs (now 34566 rows)
17:15:05 jobs incremental 2026-07-13T17:15:05Z..2026-07-16T17:15:05Z
17:15:48 upserted 696 -> vmimporteddata.raw.jobs (now 34566 rows)
17:30:06 jobs incremental 2026-07-13T17:30:06Z..2026-07-16T17:30:06Z
17:30:42 upserted 696 -> vmimporteddata.raw.jobs (now 34566 rows)
17:45:05 jobs incremental 2026-07-13T17:45:05Z..2026-07-16T17:45:05Z
17:45:43 upserted 696 -> vmimporteddata.raw.jobs (now 34566 rows)
18:00:05 jobs incremental 2026-07-13T18:00:05Z..2026-07-16T18:00:05Z
18:00:56 upserted 696 -> vmimporteddata.raw.jobs (now 34566 rows)
18:15:05 jobs incremental 2026-07-13T18:15:05Z..2026-07-16T18:15:05Z
18:15:50 upserted 696 -> vmimporteddata.raw.jobs (now 34566 rows)
18:20:05 quotes incremental 2026-07-02T18:20:05Z..2026-07-16T18:20:05Z
18:20:18 upserted 175 -> vmimporteddata.raw.quotes (now 3144 rows)
18:25:05 invoices incremental 2026-07-02T18:25:05Z..2026-07-16T18:25:05Z
18:25:20 upserted 147 -> vmimporteddata.raw.invoices (now 2199 rows)
18:30:06 forms_logbook incremental 2026-07-02T18:30:06Z..2026-07-16T18:30:06Z
18:30:06 jobs incremental 2026-07-13T18:30:06Z..2026-07-16T18:30:06Z
18:30:21 upserted 203 -> vmimporteddata.raw.forms_logbook (now 2785 rows)
18:30:51 upserted 697 -> vmimporteddata.raw.jobs (now 34566 rows)
2026-07-16 18:35:05,333 INFO token acquired; loading 2 entities
2026-07-16 18:35:05,353 INFO == purchaseorder/getall -> raw.purchase_orders ==
2026-07-16 18:35:26,379 INFO   loaded 871 rows -> vmimporteddata.raw.purchase_orders
2026-07-16 18:35:26,379 INFO == SubcontractorPurchaseOrder/GetAll -> raw.subcontractor_purchase_orders ==
2026-07-16 18:35:58,044 INFO   loaded 1192 rows -> vmimporteddata.raw.subcontractor_purchase_orders
2026-07-16 18:35:58,044 INFO === SUMMARY ===
2026-07-16 18:35:58,044 INFO   purchase_orders                 871  ok
2026-07-16 18:35:58,044 INFO   subcontractor_purchase_orders     1192  ok
18:45:05 jobs incremental 2026-07-13T18:45:05Z..2026-07-16T18:45:05Z
18:45:41 upserted 697 -> vmimporteddata.raw.jobs (now 34566 rows)
19:00:06 jobs incremental 2026-07-13T19:00:06Z..2026-07-16T19:00:06Z
19:01:06 upserted 698 -> vmimporteddata.raw.jobs (now 34566 rows)
19:15:05 jobs incremental 2026-07-13T19:15:05Z..2026-07-16T19:15:05Z
19:15:44 upserted 696 -> vmimporteddata.raw.jobs (now 34566 rows)
19:30:04 jobs incremental 2026-07-13T19:30:04Z..2026-07-16T19:30:04Z
19:30:49 upserted 696 -> vmimporteddata.raw.jobs (now 34566 rows)
19:45:05 jobs incremental 2026-07-13T19:45:05Z..2026-07-16T19:45:05Z
19:45:40 upserted 695 -> vmimporteddata.raw.jobs (now 34566 rows)
21:20:05 quotes incremental 2026-07-02T21:20:05Z..2026-07-16T21:20:05Z
21:20:18 upserted 173 -> vmimporteddata.raw.quotes (now 3144 rows)
21:25:05 invoices incremental 2026-07-02T21:25:05Z..2026-07-16T21:25:05Z
21:25:18 upserted 147 -> vmimporteddata.raw.invoices (now 2199 rows)
21:30:05 forms_logbook incremental 2026-07-02T21:30:05Z..2026-07-16T21:30:05Z
21:30:19 upserted 203 -> vmimporteddata.raw.forms_logbook (now 2785 rows)
2026-07-16 21:35:05,594 INFO token acquired; loading 2 entities
2026-07-16 21:35:05,615 INFO == purchaseorder/getall -> raw.purchase_orders ==
2026-07-16 21:35:33,212 INFO   loaded 871 rows -> vmimporteddata.raw.purchase_orders
2026-07-16 21:35:33,212 INFO == SubcontractorPurchaseOrder/GetAll -> raw.subcontractor_purchase_orders ==
2026-07-16 21:35:55,630 INFO   loaded 1192 rows -> vmimporteddata.raw.subcontractor_purchase_orders
2026-07-16 21:35:55,630 INFO === SUMMARY ===
2026-07-16 21:35:55,630 INFO   purchase_orders                 871  ok
2026-07-16 21:35:55,630 INFO   subcontractor_purchase_orders     1192  ok
00:20:06 quotes incremental 2026-07-03T00:20:06Z..2026-07-17T00:20:06Z
00:20:18 upserted 173 -> vmimporteddata.raw.quotes (now 3144 rows)
00:25:05 invoices incremental 2026-07-03T00:25:05Z..2026-07-17T00:25:05Z
00:25:19 upserted 142 -> vmimporteddata.raw.invoices (now 2199 rows)
00:30:05 forms_logbook incremental 2026-07-03T00:30:05Z..2026-07-17T00:30:05Z
00:30:18 upserted 203 -> vmimporteddata.raw.forms_logbook (now 2785 rows)
2026-07-17 00:35:04,738 INFO token acquired; loading 2 entities
2026-07-17 00:35:04,758 INFO == purchaseorder/getall -> raw.purchase_orders ==
2026-07-17 00:35:31,108 INFO   loaded 871 rows -> vmimporteddata.raw.purchase_orders
2026-07-17 00:35:31,108 INFO == SubcontractorPurchaseOrder/GetAll -> raw.subcontractor_purchase_orders ==
2026-07-17 00:35:54,442 INFO   loaded 1192 rows -> vmimporteddata.raw.subcontractor_purchase_orders
2026-07-17 00:35:54,442 INFO === SUMMARY ===
2026-07-17 00:35:54,442 INFO   purchase_orders                 871  ok
2026-07-17 00:35:54,442 INFO   subcontractor_purchase_orders     1192  ok
2026-07-17 02:00:08,163 INFO token acquired; loading 1 entities
2026-07-17 02:00:08,266 INFO == Job/getall -> raw.jobs ==
2026-07-17 02:12:16,344 INFO   loaded 34566 rows -> vmimporteddata.raw.jobs
2026-07-17 02:12:16,374 INFO === SUMMARY ===
2026-07-17 02:12:16,374 INFO   jobs                          34566  ok
2026-07-17 02:40:11,145 INFO token acquired; loading 2 entities
2026-07-17 02:40:11,184 INFO == Quote/GetAll -> raw.quotes ==
2026-07-17 02:41:30,263 INFO   loaded 3144 rows -> vmimporteddata.raw.quotes
2026-07-17 02:41:30,263 INFO == FormsLogbook/getall -> raw.forms_logbook ==
2026-07-17 02:42:22,924 INFO   loaded 2785 rows -> vmimporteddata.raw.forms_logbook
2026-07-17 02:42:22,924 INFO === SUMMARY ===
2026-07-17 02:42:22,925 INFO   quotes                         3144  ok
2026-07-17 02:42:22,925 INFO   forms_logbook                  2785  ok
2026-07-17 03:00:06,416 INFO token acquired; loading 8 entities
2026-07-17 03:00:06,445 INFO == Customer/GetAll -> raw.customers ==
2026-07-17 03:00:13,236 INFO   loaded 43 rows -> vmimporteddata.raw.customers
2026-07-17 03:00:13,236 INFO == Site/GetAll -> raw.sites ==
2026-07-17 03:00:21,917 INFO   loaded 144 rows -> vmimporteddata.raw.sites
2026-07-17 03:00:21,917 INFO == Staff/GetAll -> raw.staff ==
2026-07-17 03:00:31,722 INFO   loaded 96 rows -> vmimporteddata.raw.staff
2026-07-17 03:00:31,723 INFO == Supplier/GetAll -> raw.suppliers ==
2026-07-17 03:00:34,869 INFO   loaded 47 rows -> vmimporteddata.raw.suppliers
2026-07-17 03:00:34,869 INFO == Subcontractor/GetAll -> raw.subcontractors ==
2026-07-17 03:00:57,603 INFO   loaded 125 rows -> vmimporteddata.raw.subcontractors
2026-07-17 03:00:57,603 INFO == Asset/GetAll -> raw.assets ==
2026-07-17 03:05:27,916 INFO   loaded 13035 rows -> vmimporteddata.raw.assets
2026-07-17 03:05:27,916 INFO == Part/GetAll -> raw.parts ==
2026-07-17 03:05:57,676 INFO   loaded 1986 rows -> vmimporteddata.raw.parts
2026-07-17 03:05:57,676 INFO == Expense/GetAll -> raw.expenses ==
2026-07-17 03:06:12,130 INFO   loaded 54 rows -> vmimporteddata.raw.expenses
2026-07-17 03:06:12,130 INFO === SUMMARY ===
2026-07-17 03:06:12,130 INFO   customers                        43  ok
2026-07-17 03:06:12,130 INFO   sites                           144  ok
2026-07-17 03:06:12,130 INFO   staff                            96  ok
2026-07-17 03:06:12,130 INFO   suppliers                        47  ok
2026-07-17 03:06:12,130 INFO   subcontractors                  125  ok
2026-07-17 03:06:12,130 INFO   assets                        13035  ok
2026-07-17 03:06:12,130 INFO   parts                          1986  ok
2026-07-17 03:06:12,130 INFO   expenses                         54  ok
03:20:04 quotes incremental 2026-07-03T03:20:04Z..2026-07-17T03:20:04Z
03:20:18 upserted 173 -> vmimporteddata.raw.quotes (now 3144 rows)
03:25:05 invoices incremental 2026-07-03T03:25:05Z..2026-07-17T03:25:05Z
03:25:19 upserted 142 -> vmimporteddata.raw.invoices (now 2199 rows)
03:30:05 forms_logbook incremental 2026-07-03T03:30:05Z..2026-07-17T03:30:05Z
03:30:21 upserted 203 -> vmimporteddata.raw.forms_logbook (now 2785 rows)
2026-07-17 03:35:05,487 INFO token acquired; loading 2 entities
2026-07-17 03:35:05,506 INFO == purchaseorder/getall -> raw.purchase_orders ==
2026-07-17 03:35:38,438 INFO   loaded 871 rows -> vmimporteddata.raw.purchase_orders
2026-07-17 03:35:38,438 INFO == SubcontractorPurchaseOrder/GetAll -> raw.subcontractor_purchase_orders ==
2026-07-17 03:36:23,195 INFO   loaded 1192 rows -> vmimporteddata.raw.subcontractor_purchase_orders
2026-07-17 03:36:23,196 INFO === SUMMARY ===
2026-07-17 03:36:23,196 INFO   purchase_orders                 871  ok
2026-07-17 03:36:23,196 INFO   subcontractor_purchase_orders     1192  ok
2026-07-17 04:00:05,962 INFO token acquired; loading 1 entities
2026-07-17 04:00:06,013 INFO == Timesheet/GetAll -> raw.timesheets ==
2026-07-17 04:11:51,321 INFO   loaded 7828 rows -> vmimporteddata.raw.timesheets
2026-07-17 04:11:51,321 INFO === SUMMARY ===
2026-07-17 04:11:51,321 INFO   timesheets                     7828  ok
Upload complete.
Waiting on bqjob_r352d1c83c3b371c1_0000019f6e57015f_1 ... (0s) Current status: RUNNING                                                                                      Waiting on bqjob_r352d1c83c3b371c1_0000019f6e57015f_1 ... (1s) Current status: RUNNING                                                                                      Waiting on bqjob_r352d1c83c3b371c1_0000019f6e57015f_1 ... (1s) Current status: DONE   
audit sync done: 115279 lines
06:20:06 quotes incremental 2026-07-03T06:20:06Z..2026-07-17T06:20:06Z
06:20:21 upserted 172 -> vmimporteddata.raw.quotes (now 3144 rows)
06:25:05 invoices incremental 2026-07-03T06:25:05Z..2026-07-17T06:25:05Z
06:25:32 upserted 142 -> vmimporteddata.raw.invoices (now 2199 rows)
06:30:06 forms_logbook incremental 2026-07-03T06:30:06Z..2026-07-17T06:30:06Z
06:30:22 upserted 203 -> vmimporteddata.raw.forms_logbook (now 2785 rows)
2026-07-17 06:35:05,039 INFO token acquired; loading 2 entities
2026-07-17 06:35:05,060 INFO == purchaseorder/getall -> raw.purchase_orders ==
2026-07-17 06:35:31,150 INFO   loaded 871 rows -> vmimporteddata.raw.purchase_orders
2026-07-17 06:35:31,150 INFO == SubcontractorPurchaseOrder/GetAll -> raw.subcontractor_purchase_orders ==
2026-07-17 06:36:42,558 INFO   loaded 1192 rows -> vmimporteddata.raw.subcontractor_purchase_orders
2026-07-17 06:36:42,558 INFO === SUMMARY ===
2026-07-17 06:36:42,558 INFO   purchase_orders                 871  ok
2026-07-17 06:36:42,558 INFO   subcontractor_purchase_orders     1192  ok
07:00:05 jobs incremental 2026-07-14T07:00:05Z..2026-07-17T07:00:05Z
07:01:20 upserted 707 -> vmimporteddata.raw.jobs (now 34569 rows)
07:15:06 jobs incremental 2026-07-14T07:15:06Z..2026-07-17T07:15:06Z
07:16:07 upserted 710 -> vmimporteddata.raw.jobs (now 34571 rows)
07:30:06 jobs incremental 2026-07-14T07:30:06Z..2026-07-17T07:30:06Z
07:31:02 upserted 706 -> vmimporteddata.raw.jobs (now 34571 rows)
07:45:05 jobs incremental 2026-07-14T07:45:05Z..2026-07-17T07:45:05Z
07:46:02 upserted 703 -> vmimporteddata.raw.jobs (now 34571 rows)
08:00:05 jobs incremental 2026-07-14T08:00:05Z..2026-07-17T08:00:05Z
08:01:11 upserted 707 -> vmimporteddata.raw.jobs (now 34571 rows)
08:15:05 jobs incremental 2026-07-14T08:15:05Z..2026-07-17T08:15:05Z
08:15:52 upserted 704 -> vmimporteddata.raw.jobs (now 34571 rows)
08:30:04 jobs incremental 2026-07-14T08:30:04Z..2026-07-17T08:30:04Z
08:31:42 upserted 705 -> vmimporteddata.raw.jobs (now 34572 rows)
08:45:05 jobs incremental 2026-07-14T08:45:05Z..2026-07-17T08:45:05Z
08:46:22 upserted 713 -> vmimporteddata.raw.jobs (now 34585 rows)
09:00:06 jobs incremental 2026-07-14T09:00:06Z..2026-07-17T09:00:06Z
09:01:35 upserted 728 -> vmimporteddata.raw.jobs (now 34599 rows)
09:15:05 jobs incremental 2026-07-14T09:15:05Z..2026-07-17T09:15:05Z
09:16:07 upserted 712 -> vmimporteddata.raw.jobs (now 34599 rows)
09:20:05 quotes incremental 2026-07-03T09:20:05Z..2026-07-17T09:20:05Z
09:20:19 upserted 172 -> vmimporteddata.raw.quotes (now 3145 rows)
09:25:04 invoices incremental 2026-07-03T09:25:04Z..2026-07-17T09:25:04Z
09:25:21 upserted 142 -> vmimporteddata.raw.invoices (now 2199 rows)
09:30:07 forms_logbook incremental 2026-07-03T09:30:07Z..2026-07-17T09:30:07Z
09:30:07 jobs incremental 2026-07-14T09:30:07Z..2026-07-17T09:30:07Z
09:30:22 upserted 199 -> vmimporteddata.raw.forms_logbook (now 2787 rows)
09:31:20 upserted 712 -> vmimporteddata.raw.jobs (now 34599 rows)
2026-07-17 09:35:05,985 INFO token acquired; loading 2 entities
2026-07-17 09:35:06,007 INFO == purchaseorder/getall -> raw.purchase_orders ==
2026-07-17 09:35:31,839 INFO   loaded 871 rows -> vmimporteddata.raw.purchase_orders
2026-07-17 09:35:31,839 INFO == SubcontractorPurchaseOrder/GetAll -> raw.subcontractor_purchase_orders ==
2026-07-17 09:36:03,918 INFO   loaded 1192 rows -> vmimporteddata.raw.subcontractor_purchase_orders
2026-07-17 09:36:03,918 INFO === SUMMARY ===
2026-07-17 09:36:03,918 INFO   purchase_orders                 871  ok
2026-07-17 09:36:03,918 INFO   subcontractor_purchase_orders     1192  ok
09:45:06 jobs incremental 2026-07-14T09:45:06Z..2026-07-17T09:45:06Z
09:45:57 upserted 710 -> vmimporteddata.raw.jobs (now 34599 rows)
10:00:06 jobs incremental 2026-07-14T10:00:06Z..2026-07-17T10:00:06Z
10:01:18 upserted 708 -> vmimporteddata.raw.jobs (now 34600 rows)
10:15:05 jobs incremental 2026-07-14T10:15:05Z..2026-07-17T10:15:05Z
10:16:23 upserted 701 -> vmimporteddata.raw.jobs (now 34602 rows)
10:30:05 jobs incremental 2026-07-14T10:30:05Z..2026-07-17T10:30:05Z
10:31:10 upserted 697 -> vmimporteddata.raw.jobs (now 34602 rows)
10:45:06 jobs incremental 2026-07-14T10:45:06Z..2026-07-17T10:45:06Z
10:45:55 upserted 692 -> vmimporteddata.raw.jobs (now 34602 rows)
11:00:06 jobs incremental 2026-07-14T11:00:06Z..2026-07-17T11:00:06Z
11:01:03 upserted 691 -> vmimporteddata.raw.jobs (now 34602 rows)
11:15:05 jobs incremental 2026-07-14T11:15:05Z..2026-07-17T11:15:05Z
11:16:07 upserted 690 -> vmimporteddata.raw.jobs (now 34603 rows)
11:30:05 jobs incremental 2026-07-14T11:30:05Z..2026-07-17T11:30:05Z
11:30:57 upserted 691 -> vmimporteddata.raw.jobs (now 34603 rows)
11:45:05 jobs incremental 2026-07-14T11:45:05Z..2026-07-17T11:45:05Z
11:45:56 upserted 716 -> vmimporteddata.raw.jobs (now 34630 rows)
12:00:05 jobs incremental 2026-07-14T12:00:05Z..2026-07-17T12:00:05Z
12:01:27 upserted 713 -> vmimporteddata.raw.jobs (now 34630 rows)
12:15:05 jobs incremental 2026-07-14T12:15:05Z..2026-07-17T12:15:05Z
12:15:56 upserted 733 -> vmimporteddata.raw.jobs (now 34649 rows)
12:20:06 quotes incremental 2026-07-03T12:20:06Z..2026-07-17T12:20:06Z
12:20:19 upserted 176 -> vmimporteddata.raw.quotes (now 3152 rows)
12:25:05 invoices incremental 2026-07-03T12:25:05Z..2026-07-17T12:25:05Z
12:25:20 upserted 142 -> vmimporteddata.raw.invoices (now 2199 rows)
12:30:07 forms_logbook incremental 2026-07-03T12:30:07Z..2026-07-17T12:30:07Z
12:30:07 jobs incremental 2026-07-14T12:30:07Z..2026-07-17T12:30:07Z
12:30:24 upserted 192 -> vmimporteddata.raw.forms_logbook (now 2791 rows)
12:31:20 upserted 737 -> vmimporteddata.raw.jobs (now 34653 rows)
2026-07-17 12:35:06,723 INFO token acquired; loading 2 entities
2026-07-17 12:35:06,750 INFO == purchaseorder/getall -> raw.purchase_orders ==
2026-07-17 12:35:46,308 INFO   loaded 872 rows -> vmimporteddata.raw.purchase_orders
2026-07-17 12:35:46,309 INFO == SubcontractorPurchaseOrder/GetAll -> raw.subcontractor_purchase_orders ==
2026-07-17 12:36:33,285 INFO   loaded 1192 rows -> vmimporteddata.raw.subcontractor_purchase_orders
2026-07-17 12:36:33,285 INFO === SUMMARY ===
2026-07-17 12:36:33,285 INFO   purchase_orders                 872  ok
2026-07-17 12:36:33,285 INFO   subcontractor_purchase_orders     1192  ok
12:45:06 jobs incremental 2026-07-14T12:45:06Z..2026-07-17T12:45:06Z
12:46:24 upserted 737 -> vmimporteddata.raw.jobs (now 34654 rows)
13:00:05 jobs incremental 2026-07-14T13:00:05Z..2026-07-17T13:00:05Z
13:01:20 upserted 735 -> vmimporteddata.raw.jobs (now 34654 rows)
13:15:05 jobs incremental 2026-07-14T13:15:05Z..2026-07-17T13:15:05Z
13:16:02 upserted 731 -> vmimporteddata.raw.jobs (now 34654 rows)
13:30:05 jobs incremental 2026-07-14T13:30:05Z..2026-07-17T13:30:05Z
13:31:01 upserted 731 -> vmimporteddata.raw.jobs (now 34657 rows)
13:45:05 jobs incremental 2026-07-14T13:45:05Z..2026-07-17T13:45:05Z
13:45:59 upserted 731 -> vmimporteddata.raw.jobs (now 34659 rows)
14:00:05 jobs incremental 2026-07-14T14:00:05Z..2026-07-17T14:00:05Z
14:01:50 upserted 727 -> vmimporteddata.raw.jobs (now 34660 rows)
14:15:06 jobs incremental 2026-07-14T14:15:06Z..2026-07-17T14:15:06Z
14:15:56 upserted 701 -> vmimporteddata.raw.jobs (now 34660 rows)
14:30:05 jobs incremental 2026-07-14T14:30:05Z..2026-07-17T14:30:05Z
14:31:38 upserted 696 -> vmimporteddata.raw.jobs (now 34660 rows)
14:45:05 jobs incremental 2026-07-14T14:45:05Z..2026-07-17T14:45:05Z
14:46:22 upserted 691 -> vmimporteddata.raw.jobs (now 34660 rows)
15:00:05 jobs incremental 2026-07-14T15:00:05Z..2026-07-17T15:00:05Z
15:03:34 upserted 688 -> vmimporteddata.raw.jobs (now 34660 rows)
15:15:06 jobs incremental 2026-07-14T15:15:06Z..2026-07-17T15:15:06Z
15:15:57 upserted 685 -> vmimporteddata.raw.jobs (now 34660 rows)
15:20:05 quotes incremental 2026-07-03T15:20:05Z..2026-07-17T15:20:05Z
15:20:17 upserted 171 -> vmimporteddata.raw.quotes (now 3156 rows)
15:25:04 invoices incremental 2026-07-03T15:25:04Z..2026-07-17T15:25:04Z
15:25:22 upserted 142 -> vmimporteddata.raw.invoices (now 2199 rows)
15:30:06 forms_logbook incremental 2026-07-03T15:30:06Z..2026-07-17T15:30:06Z
15:30:06 jobs incremental 2026-07-14T15:30:06Z..2026-07-17T15:30:06Z
15:30:38 upserted 183 -> vmimporteddata.raw.forms_logbook (now 2793 rows)
15:31:32 upserted 686 -> vmimporteddata.raw.jobs (now 34663 rows)
2026-07-17 15:35:05,607 INFO token acquired; loading 2 entities
2026-07-17 15:35:05,626 INFO == purchaseorder/getall -> raw.purchase_orders ==
2026-07-17 15:35:34,969 INFO   loaded 871 rows -> vmimporteddata.raw.purchase_orders
2026-07-17 15:35:34,969 INFO == SubcontractorPurchaseOrder/GetAll -> raw.subcontractor_purchase_orders ==
2026-07-17 15:36:21,642 INFO   loaded 1192 rows -> vmimporteddata.raw.subcontractor_purchase_orders
2026-07-17 15:36:21,642 INFO === SUMMARY ===
2026-07-17 15:36:21,642 INFO   purchase_orders                 871  ok
2026-07-17 15:36:21,642 INFO   subcontractor_purchase_orders     1192  ok
15:45:05 jobs incremental 2026-07-14T15:45:05Z..2026-07-17T15:45:05Z
15:45:58 upserted 686 -> vmimporteddata.raw.jobs (now 34663 rows)
16:00:06 jobs incremental 2026-07-14T16:00:06Z..2026-07-17T16:00:06Z
16:01:04 upserted 685 -> vmimporteddata.raw.jobs (now 34663 rows)
16:15:05 jobs incremental 2026-07-14T16:15:05Z..2026-07-17T16:15:05Z
16:15:58 upserted 682 -> vmimporteddata.raw.jobs (now 34663 rows)
16:30:05 jobs incremental 2026-07-14T16:30:05Z..2026-07-17T16:30:05Z
16:31:14 upserted 680 -> vmimporteddata.raw.jobs (now 34663 rows)
16:45:05 jobs incremental 2026-07-14T16:45:05Z..2026-07-17T16:45:05Z
16:45:50 upserted 677 -> vmimporteddata.raw.jobs (now 34663 rows)
17:00:05 jobs incremental 2026-07-14T17:00:05Z..2026-07-17T17:00:05Z
17:01:02 upserted 678 -> vmimporteddata.raw.jobs (now 34663 rows)
17:15:05 jobs incremental 2026-07-14T17:15:05Z..2026-07-17T17:15:05Z
17:15:47 upserted 676 -> vmimporteddata.raw.jobs (now 34663 rows)
17:30:05 jobs incremental 2026-07-14T17:30:05Z..2026-07-17T17:30:05Z
17:31:09 upserted 676 -> vmimporteddata.raw.jobs (now 34663 rows)
17:45:05 jobs incremental 2026-07-14T17:45:05Z..2026-07-17T17:45:05Z
17:45:58 upserted 675 -> vmimporteddata.raw.jobs (now 34663 rows)
18:00:05 jobs incremental 2026-07-14T18:00:05Z..2026-07-17T18:00:05Z
18:00:53 upserted 674 -> vmimporteddata.raw.jobs (now 34663 rows)
18:15:05 jobs incremental 2026-07-14T18:15:05Z..2026-07-17T18:15:05Z
18:16:05 upserted 674 -> vmimporteddata.raw.jobs (now 34663 rows)
18:20:05 quotes incremental 2026-07-03T18:20:05Z..2026-07-17T18:20:05Z
18:20:19 upserted 168 -> vmimporteddata.raw.quotes (now 3157 rows)
18:25:05 invoices incremental 2026-07-03T18:25:05Z..2026-07-17T18:25:05Z
18:25:18 upserted 142 -> vmimporteddata.raw.invoices (now 2199 rows)
18:30:07 forms_logbook incremental 2026-07-03T18:30:07Z..2026-07-17T18:30:07Z
18:30:07 jobs incremental 2026-07-14T18:30:07Z..2026-07-17T18:30:07Z
18:30:32 upserted 183 -> vmimporteddata.raw.forms_logbook (now 2793 rows)
18:31:02 upserted 673 -> vmimporteddata.raw.jobs (now 34663 rows)
2026-07-17 18:35:05,651 INFO token acquired; loading 2 entities
2026-07-17 18:35:05,670 INFO == purchaseorder/getall -> raw.purchase_orders ==
2026-07-17 18:35:23,293 INFO   loaded 871 rows -> vmimporteddata.raw.purchase_orders
2026-07-17 18:35:23,293 INFO == SubcontractorPurchaseOrder/GetAll -> raw.subcontractor_purchase_orders ==
2026-07-17 18:35:52,866 INFO   loaded 1192 rows -> vmimporteddata.raw.subcontractor_purchase_orders
2026-07-17 18:35:52,866 INFO === SUMMARY ===
2026-07-17 18:35:52,866 INFO   purchase_orders                 871  ok
2026-07-17 18:35:52,866 INFO   subcontractor_purchase_orders     1192  ok
18:45:05 jobs incremental 2026-07-14T18:45:05Z..2026-07-17T18:45:05Z
18:45:46 upserted 673 -> vmimporteddata.raw.jobs (now 34663 rows)
19:00:05 jobs incremental 2026-07-14T19:00:05Z..2026-07-17T19:00:05Z
19:01:30 upserted 671 -> vmimporteddata.raw.jobs (now 34663 rows)
19:15:05 jobs incremental 2026-07-14T19:15:05Z..2026-07-17T19:15:05Z
19:15:43 upserted 671 -> vmimporteddata.raw.jobs (now 34663 rows)
19:30:05 jobs incremental 2026-07-14T19:30:05Z..2026-07-17T19:30:05Z
19:30:46 upserted 671 -> vmimporteddata.raw.jobs (now 34663 rows)
19:45:05 jobs incremental 2026-07-14T19:45:05Z..2026-07-17T19:45:05Z
19:45:41 upserted 670 -> vmimporteddata.raw.jobs (now 34663 rows)
21:20:05 quotes incremental 2026-07-03T21:20:05Z..2026-07-17T21:20:05Z
21:20:16 upserted 168 -> vmimporteddata.raw.quotes (now 3157 rows)
21:25:05 invoices incremental 2026-07-03T21:25:05Z..2026-07-17T21:25:05Z
21:25:19 upserted 142 -> vmimporteddata.raw.invoices (now 2199 rows)
21:30:04 forms_logbook incremental 2026-07-03T21:30:04Z..2026-07-17T21:30:04Z
21:30:16 upserted 183 -> vmimporteddata.raw.forms_logbook (now 2793 rows)
2026-07-17 21:35:05,542 INFO token acquired; loading 2 entities
2026-07-17 21:35:05,561 INFO == purchaseorder/getall -> raw.purchase_orders ==
2026-07-17 21:35:30,284 INFO   loaded 871 rows -> vmimporteddata.raw.purchase_orders
2026-07-17 21:35:30,285 INFO == SubcontractorPurchaseOrder/GetAll -> raw.subcontractor_purchase_orders ==
2026-07-17 21:35:58,213 INFO   loaded 1192 rows -> vmimporteddata.raw.subcontractor_purchase_orders
2026-07-17 21:35:58,213 INFO === SUMMARY ===
2026-07-17 21:35:58,213 INFO   purchase_orders                 871  ok
2026-07-17 21:35:58,213 INFO   subcontractor_purchase_orders     1192  ok
00:20:08 quotes incremental 2026-07-04T00:20:08Z..2026-07-18T00:20:08Z
00:20:20 upserted 169 -> vmimporteddata.raw.quotes (now 3158 rows)
00:25:09 invoices incremental 2026-07-04T00:25:09Z..2026-07-18T00:25:09Z
00:25:21 upserted 142 -> vmimporteddata.raw.invoices (now 2199 rows)
00:30:05 forms_logbook incremental 2026-07-04T00:30:05Z..2026-07-18T00:30:05Z
00:30:17 upserted 183 -> vmimporteddata.raw.forms_logbook (now 2793 rows)
2026-07-18 00:35:05,550 INFO token acquired; loading 2 entities
2026-07-18 00:35:05,571 INFO == purchaseorder/getall -> raw.purchase_orders ==
2026-07-18 00:35:22,692 INFO   loaded 871 rows -> vmimporteddata.raw.purchase_orders
2026-07-18 00:35:22,692 INFO == SubcontractorPurchaseOrder/GetAll -> raw.subcontractor_purchase_orders ==
2026-07-18 00:35:45,223 INFO   loaded 1192 rows -> vmimporteddata.raw.subcontractor_purchase_orders
2026-07-18 00:35:45,223 INFO === SUMMARY ===
2026-07-18 00:35:45,223 INFO   purchase_orders                 871  ok
2026-07-18 00:35:45,223 INFO   subcontractor_purchase_orders     1192  ok
2026-07-18 02:00:06,456 INFO token acquired; loading 1 entities
2026-07-18 02:00:06,502 INFO == Job/getall -> raw.jobs ==
2026-07-18 02:15:32,320 INFO   loaded 34662 rows -> vmimporteddata.raw.jobs
2026-07-18 02:15:32,453 INFO === SUMMARY ===
2026-07-18 02:15:32,453 INFO   jobs                          34662  ok
2026-07-18 02:40:11,289 INFO token acquired; loading 2 entities
2026-07-18 02:40:11,327 INFO == Quote/GetAll -> raw.quotes ==
2026-07-18 02:41:33,729 INFO   loaded 3158 rows -> vmimporteddata.raw.quotes
2026-07-18 02:41:33,729 INFO == FormsLogbook/getall -> raw.forms_logbook ==
2026-07-18 02:42:21,455 INFO   loaded 2793 rows -> vmimporteddata.raw.forms_logbook
2026-07-18 02:42:21,455 INFO === SUMMARY ===
2026-07-18 02:42:21,455 INFO   quotes                         3158  ok
2026-07-18 02:42:21,455 INFO   forms_logbook                  2793  ok
2026-07-18 03:00:06,782 INFO token acquired; loading 8 entities
2026-07-18 03:00:06,811 INFO == Customer/GetAll -> raw.customers ==
2026-07-18 03:00:18,394 INFO   loaded 43 rows -> vmimporteddata.raw.customers
2026-07-18 03:00:18,394 INFO == Site/GetAll -> raw.sites ==
2026-07-18 03:00:25,745 INFO   loaded 144 rows -> vmimporteddata.raw.sites
2026-07-18 03:00:25,745 INFO == Staff/GetAll -> raw.staff ==
2026-07-18 03:00:33,944 INFO   loaded 96 rows -> vmimporteddata.raw.staff
2026-07-18 03:00:33,944 INFO == Supplier/GetAll -> raw.suppliers ==
2026-07-18 03:01:07,391 INFO   loaded 48 rows -> vmimporteddata.raw.suppliers
2026-07-18 03:01:07,392 INFO == Subcontractor/GetAll -> raw.subcontractors ==
2026-07-18 03:01:10,920 INFO   loaded 125 rows -> vmimporteddata.raw.subcontractors
2026-07-18 03:01:10,920 INFO == Asset/GetAll -> raw.assets ==
2026-07-18 03:04:32,308 INFO   loaded 13037 rows -> vmimporteddata.raw.assets
2026-07-18 03:04:32,308 INFO == Part/GetAll -> raw.parts ==
2026-07-18 03:05:10,816 INFO   loaded 1989 rows -> vmimporteddata.raw.parts
2026-07-18 03:05:10,816 INFO == Expense/GetAll -> raw.expenses ==
2026-07-18 03:05:14,362 INFO   loaded 54 rows -> vmimporteddata.raw.expenses
2026-07-18 03:05:14,363 INFO === SUMMARY ===
2026-07-18 03:05:14,363 INFO   customers                        43  ok
2026-07-18 03:05:14,363 INFO   sites                           144  ok
2026-07-18 03:05:14,363 INFO   staff                            96  ok
2026-07-18 03:05:14,363 INFO   suppliers                        48  ok
2026-07-18 03:05:14,363 INFO   subcontractors                  125  ok
2026-07-18 03:05:14,363 INFO   assets                        13037  ok
2026-07-18 03:05:14,363 INFO   parts                          1989  ok
2026-07-18 03:05:14,363 INFO   expenses                         54  ok
03:20:06 quotes incremental 2026-07-04T03:20:06Z..2026-07-18T03:20:06Z
03:20:19 upserted 169 -> vmimporteddata.raw.quotes (now 3158 rows)
03:25:05 invoices incremental 2026-07-04T03:25:05Z..2026-07-18T03:25:05Z
03:25:27 upserted 142 -> vmimporteddata.raw.invoices (now 2199 rows)
03:30:05 forms_logbook incremental 2026-07-04T03:30:05Z..2026-07-18T03:30:05Z
03:30:20 upserted 183 -> vmimporteddata.raw.forms_logbook (now 2793 rows)
2026-07-18 03:35:06,139 INFO token acquired; loading 2 entities
2026-07-18 03:35:06,158 INFO == purchaseorder/getall -> raw.purchase_orders ==
2026-07-18 03:35:42,857 INFO   loaded 871 rows -> vmimporteddata.raw.purchase_orders
2026-07-18 03:35:42,858 INFO == SubcontractorPurchaseOrder/GetAll -> raw.subcontractor_purchase_orders ==
2026-07-18 03:36:25,538 INFO   loaded 1192 rows -> vmimporteddata.raw.subcontractor_purchase_orders
2026-07-18 03:36:25,539 INFO === SUMMARY ===
2026-07-18 03:36:25,539 INFO   purchase_orders                 871  ok
2026-07-18 03:36:25,539 INFO   subcontractor_purchase_orders     1192  ok
2026-07-18 04:00:05,868 INFO token acquired; loading 1 entities
2026-07-18 04:00:05,891 INFO == Timesheet/GetAll -> raw.timesheets ==
2026-07-18 04:11:43,235 INFO   loaded 7828 rows -> vmimporteddata.raw.timesheets
2026-07-18 04:11:43,260 INFO === SUMMARY ===
2026-07-18 04:11:43,260 INFO   timesheets                     7828  ok
Upload complete.
Waiting on bqjob_r2d32fa8910185fd4_0000019f737d5a75_1 ... (0s) Current status: RUNNING                                                                                      Waiting on bqjob_r2d32fa8910185fd4_0000019f737d5a75_1 ... (1s) Current status: RUNNING                                                                                      Waiting on bqjob_r2d32fa8910185fd4_0000019f737d5a75_1 ... (1s) Current status: DONE   
audit sync done: 115588 lines
06:20:07 quotes incremental 2026-07-04T06:20:07Z..2026-07-18T06:20:07Z
06:20:19 upserted 169 -> vmimporteddata.raw.quotes (now 3158 rows)
06:25:05 invoices incremental 2026-07-04T06:25:05Z..2026-07-18T06:25:05Z
06:25:18 upserted 142 -> vmimporteddata.raw.invoices (now 2199 rows)
06:30:06 forms_logbook incremental 2026-07-04T06:30:06Z..2026-07-18T06:30:06Z
06:30:19 upserted 183 -> vmimporteddata.raw.forms_logbook (now 2793 rows)
2026-07-18 06:35:05,786 INFO token acquired; loading 2 entities
2026-07-18 06:35:05,810 INFO == purchaseorder/getall -> raw.purchase_orders ==
2026-07-18 06:35:23,764 INFO   loaded 871 rows -> vmimporteddata.raw.purchase_orders
2026-07-18 06:35:23,764 INFO == SubcontractorPurchaseOrder/GetAll -> raw.subcontractor_purchase_orders ==
2026-07-18 06:35:52,518 INFO   loaded 1192 rows -> vmimporteddata.raw.subcontractor_purchase_orders
2026-07-18 06:35:52,518 INFO === SUMMARY ===
2026-07-18 06:35:52,518 INFO   purchase_orders                 871  ok
2026-07-18 06:35:52,518 INFO   subcontractor_purchase_orders     1192  ok
09:20:10 quotes incremental 2026-07-04T09:20:10Z..2026-07-18T09:20:10Z
09:20:23 upserted 169 -> vmimporteddata.raw.quotes (now 3158 rows)
09:25:09 invoices incremental 2026-07-04T09:25:09Z..2026-07-18T09:25:09Z
09:25:22 upserted 142 -> vmimporteddata.raw.invoices (now 2199 rows)
09:30:05 forms_logbook incremental 2026-07-04T09:30:05Z..2026-07-18T09:30:05Z
09:30:18 upserted 183 -> vmimporteddata.raw.forms_logbook (now 2793 rows)
2026-07-18 09:35:05,694 INFO token acquired; loading 2 entities
2026-07-18 09:35:05,715 INFO == purchaseorder/getall -> raw.purchase_orders ==
2026-07-18 09:35:32,206 INFO   loaded 871 rows -> vmimporteddata.raw.purchase_orders
2026-07-18 09:35:32,206 INFO == SubcontractorPurchaseOrder/GetAll -> raw.subcontractor_purchase_orders ==
2026-07-18 09:35:59,598 INFO   loaded 1192 rows -> vmimporteddata.raw.subcontractor_purchase_orders
2026-07-18 09:35:59,598 INFO === SUMMARY ===
2026-07-18 09:35:59,599 INFO   purchase_orders                 871  ok
2026-07-18 09:35:59,599 INFO   subcontractor_purchase_orders     1192  ok
12:20:07 quotes incremental 2026-07-04T12:20:07Z..2026-07-18T12:20:07Z
12:20:26 upserted 169 -> vmimporteddata.raw.quotes (now 3158 rows)
12:25:05 invoices incremental 2026-07-04T12:25:05Z..2026-07-18T12:25:05Z
12:25:29 upserted 142 -> vmimporteddata.raw.invoices (now 2199 rows)
12:30:05 forms_logbook incremental 2026-07-04T12:30:05Z..2026-07-18T12:30:05Z
12:30:17 upserted 183 -> vmimporteddata.raw.forms_logbook (now 2793 rows)
2026-07-18 12:35:05,296 INFO token acquired; loading 2 entities
2026-07-18 12:35:05,316 INFO == purchaseorder/getall -> raw.purchase_orders ==
2026-07-18 12:35:25,677 INFO   loaded 871 rows -> vmimporteddata.raw.purchase_orders
2026-07-18 12:35:25,677 INFO == SubcontractorPurchaseOrder/GetAll -> raw.subcontractor_purchase_orders ==
2026-07-18 12:35:50,746 INFO   loaded 1192 rows -> vmimporteddata.raw.subcontractor_purchase_orders
2026-07-18 12:35:50,746 INFO === SUMMARY ===
2026-07-18 12:35:50,746 INFO   purchase_orders                 871  ok
2026-07-18 12:35:50,746 INFO   subcontractor_purchase_orders     1192  ok
15:20:07 quotes incremental 2026-07-04T15:20:07Z..2026-07-18T15:20:07Z
15:20:26 upserted 169 -> vmimporteddata.raw.quotes (now 3158 rows)
15:25:05 invoices incremental 2026-07-04T15:25:05Z..2026-07-18T15:25:05Z
15:25:18 upserted 142 -> vmimporteddata.raw.invoices (now 2199 rows)
15:30:05 forms_logbook incremental 2026-07-04T15:30:05Z..2026-07-18T15:30:05Z
15:30:24 upserted 183 -> vmimporteddata.raw.forms_logbook (now 2793 rows)
2026-07-18 15:35:05,413 INFO token acquired; loading 2 entities
2026-07-18 15:35:05,436 INFO == purchaseorder/getall -> raw.purchase_orders ==
2026-07-18 15:35:25,112 INFO   loaded 871 rows -> vmimporteddata.raw.purchase_orders
2026-07-18 15:35:25,112 INFO == SubcontractorPurchaseOrder/GetAll -> raw.subcontractor_purchase_orders ==
2026-07-18 15:35:48,194 INFO   loaded 1192 rows -> vmimporteddata.raw.subcontractor_purchase_orders
2026-07-18 15:35:48,195 INFO === SUMMARY ===
2026-07-18 15:35:48,195 INFO   purchase_orders                 871  ok
2026-07-18 15:35:48,195 INFO   subcontractor_purchase_orders     1192  ok
18:20:06 quotes incremental 2026-07-04T18:20:06Z..2026-07-18T18:20:06Z
18:20:17 upserted 169 -> vmimporteddata.raw.quotes (now 3158 rows)
18:25:04 invoices incremental 2026-07-04T18:25:04Z..2026-07-18T18:25:04Z
18:25:16 upserted 142 -> vmimporteddata.raw.invoices (now 2199 rows)
18:30:04 forms_logbook incremental 2026-07-04T18:30:04Z..2026-07-18T18:30:04Z
18:30:16 upserted 183 -> vmimporteddata.raw.forms_logbook (now 2793 rows)
2026-07-18 18:35:05,628 INFO token acquired; loading 2 entities
2026-07-18 18:35:05,651 INFO == purchaseorder/getall -> raw.purchase_orders ==
2026-07-18 18:35:23,587 INFO   loaded 871 rows -> vmimporteddata.raw.purchase_orders
2026-07-18 18:35:23,588 INFO == SubcontractorPurchaseOrder/GetAll -> raw.subcontractor_purchase_orders ==
2026-07-18 18:35:46,343 INFO   loaded 1192 rows -> vmimporteddata.raw.subcontractor_purchase_orders
2026-07-18 18:35:46,343 INFO === SUMMARY ===
2026-07-18 18:35:46,343 INFO   purchase_orders                 871  ok
2026-07-18 18:35:46,343 INFO   subcontractor_purchase_orders     1192  ok
21:20:06 quotes incremental 2026-07-04T21:20:06Z..2026-07-18T21:20:06Z
21:20:17 upserted 169 -> vmimporteddata.raw.quotes (now 3158 rows)
21:25:05 invoices incremental 2026-07-04T21:25:05Z..2026-07-18T21:25:05Z
21:25:17 upserted 142 -> vmimporteddata.raw.invoices (now 2199 rows)
21:30:05 forms_logbook incremental 2026-07-04T21:30:05Z..2026-07-18T21:30:05Z
21:30:16 upserted 183 -> vmimporteddata.raw.forms_logbook (now 2793 rows)
2026-07-18 21:35:05,210 INFO token acquired; loading 2 entities
2026-07-18 21:35:05,230 INFO == purchaseorder/getall -> raw.purchase_orders ==
2026-07-18 21:35:24,143 INFO   loaded 871 rows -> vmimporteddata.raw.purchase_orders
2026-07-18 21:35:24,143 INFO == SubcontractorPurchaseOrder/GetAll -> raw.subcontractor_purchase_orders ==
2026-07-18 21:35:56,855 INFO   loaded 1192 rows -> vmimporteddata.raw.subcontractor_purchase_orders
2026-07-18 21:35:56,855 INFO === SUMMARY ===
2026-07-18 21:35:56,855 INFO   purchase_orders                 871  ok
2026-07-18 21:35:56,855 INFO   subcontractor_purchase_orders     1192  ok
00:20:05 quotes incremental 2026-07-05T00:20:05Z..2026-07-19T00:20:05Z
00:20:20 upserted 169 -> vmimporteddata.raw.quotes (now 3158 rows)
00:25:05 invoices incremental 2026-07-05T00:25:05Z..2026-07-19T00:25:05Z
00:25:18 upserted 142 -> vmimporteddata.raw.invoices (now 2199 rows)
00:30:04 forms_logbook incremental 2026-07-05T00:30:04Z..2026-07-19T00:30:04Z
00:30:25 upserted 183 -> vmimporteddata.raw.forms_logbook (now 2793 rows)
2026-07-19 00:35:04,992 INFO token acquired; loading 2 entities
2026-07-19 00:35:05,015 INFO == purchaseorder/getall -> raw.purchase_orders ==
2026-07-19 00:35:35,674 INFO   loaded 871 rows -> vmimporteddata.raw.purchase_orders
2026-07-19 00:35:35,674 INFO == SubcontractorPurchaseOrder/GetAll -> raw.subcontractor_purchase_orders ==
2026-07-19 00:36:25,149 INFO   loaded 1192 rows -> vmimporteddata.raw.subcontractor_purchase_orders
2026-07-19 00:36:25,149 INFO === SUMMARY ===
2026-07-19 00:36:25,150 INFO   purchase_orders                 871  ok
2026-07-19 00:36:25,150 INFO   subcontractor_purchase_orders     1192  ok
01:00:05 invoices backfill over 24 monthly windows
01:04:51 backfill loaded 2207 -> vmimporteddata.raw.invoices
2026-07-19 02:00:05,706 INFO token acquired; loading 1 entities
2026-07-19 02:00:05,730 INFO == Job/getall -> raw.jobs ==
2026-07-19 02:19:35,558 INFO   loaded 34662 rows -> vmimporteddata.raw.jobs
2026-07-19 02:19:35,619 INFO === SUMMARY ===
2026-07-19 02:19:35,619 INFO   jobs                          34662  ok
2026-07-19 02:40:10,696 INFO token acquired; loading 2 entities
2026-07-19 02:40:10,737 INFO == Quote/GetAll -> raw.quotes ==
2026-07-19 02:41:13,103 INFO   loaded 3158 rows -> vmimporteddata.raw.quotes
2026-07-19 02:41:13,103 INFO == FormsLogbook/getall -> raw.forms_logbook ==
2026-07-19 02:41:53,836 INFO   loaded 2793 rows -> vmimporteddata.raw.forms_logbook
2026-07-19 02:41:53,836 INFO === SUMMARY ===
2026-07-19 02:41:53,836 INFO   quotes                         3158  ok
2026-07-19 02:41:53,837 INFO   forms_logbook                  2793  ok
2026-07-19 03:00:06,159 INFO token acquired; loading 8 entities
2026-07-19 03:00:06,182 INFO == Customer/GetAll -> raw.customers ==
2026-07-19 03:00:10,333 INFO   loaded 43 rows -> vmimporteddata.raw.customers
2026-07-19 03:00:10,334 INFO == Site/GetAll -> raw.sites ==
2026-07-19 03:00:15,697 INFO   loaded 144 rows -> vmimporteddata.raw.sites
2026-07-19 03:00:15,697 INFO == Staff/GetAll -> raw.staff ==
2026-07-19 03:00:22,629 INFO   loaded 96 rows -> vmimporteddata.raw.staff
2026-07-19 03:00:22,630 INFO == Supplier/GetAll -> raw.suppliers ==
2026-07-19 03:00:28,002 INFO   loaded 48 rows -> vmimporteddata.raw.suppliers
2026-07-19 03:00:28,002 INFO == Subcontractor/GetAll -> raw.subcontractors ==
2026-07-19 03:00:33,797 INFO   loaded 125 rows -> vmimporteddata.raw.subcontractors
2026-07-19 03:00:33,797 INFO == Asset/GetAll -> raw.assets ==
2026-07-19 03:04:46,708 INFO   loaded 13037 rows -> vmimporteddata.raw.assets
2026-07-19 03:04:46,708 INFO == Part/GetAll -> raw.parts ==
2026-07-19 03:05:15,798 INFO   loaded 1989 rows -> vmimporteddata.raw.parts
2026-07-19 03:05:15,799 INFO == Expense/GetAll -> raw.expenses ==
2026-07-19 03:05:18,772 INFO   loaded 54 rows -> vmimporteddata.raw.expenses
2026-07-19 03:05:18,772 INFO === SUMMARY ===
2026-07-19 03:05:18,772 INFO   customers                        43  ok
2026-07-19 03:05:18,772 INFO   sites                           144  ok
2026-07-19 03:05:18,772 INFO   staff                            96  ok
2026-07-19 03:05:18,772 INFO   suppliers                        48  ok
2026-07-19 03:05:18,772 INFO   subcontractors                  125  ok
2026-07-19 03:05:18,772 INFO   assets                        13037  ok
2026-07-19 03:05:18,772 INFO   parts                          1989  ok
2026-07-19 03:05:18,772 INFO   expenses                         54  ok
03:20:06 quotes incremental 2026-07-05T03:20:06Z..2026-07-19T03:20:06Z
03:20:24 upserted 169 -> vmimporteddata.raw.quotes (now 3158 rows)
03:25:04 invoices incremental 2026-07-05T03:25:04Z..2026-07-19T03:25:04Z
03:25:22 upserted 142 -> vmimporteddata.raw.invoices (now 2207 rows)
03:30:04 forms_logbook incremental 2026-07-05T03:30:04Z..2026-07-19T03:30:04Z
03:30:16 upserted 183 -> vmimporteddata.raw.forms_logbook (now 2793 rows)
2026-07-19 03:35:05,116 INFO token acquired; loading 2 entities
2026-07-19 03:35:05,138 INFO == purchaseorder/getall -> raw.purchase_orders ==
2026-07-19 03:35:22,722 INFO   loaded 871 rows -> vmimporteddata.raw.purchase_orders
2026-07-19 03:35:22,722 INFO == SubcontractorPurchaseOrder/GetAll -> raw.subcontractor_purchase_orders ==
2026-07-19 03:35:53,805 INFO   loaded 1192 rows -> vmimporteddata.raw.subcontractor_purchase_orders
2026-07-19 03:35:53,805 INFO === SUMMARY ===
2026-07-19 03:35:53,805 INFO   purchase_orders                 871  ok
2026-07-19 03:35:53,805 INFO   subcontractor_purchase_orders     1192  ok
2026-07-19 04:00:06,301 INFO token acquired; loading 1 entities
2026-07-19 04:00:06,338 INFO == Timesheet/GetAll -> raw.timesheets ==
2026-07-19 04:11:02,249 INFO   loaded 7828 rows -> vmimporteddata.raw.timesheets
2026-07-19 04:11:02,269 INFO === SUMMARY ===
2026-07-19 04:11:02,270 INFO   timesheets                     7828  ok
Upload complete.
Waiting on bqjob_r718d025b679ed2da_0000019f78a3acdc_1 ... (0s) Current status: RUNNING                                                                                      Waiting on bqjob_r718d025b679ed2da_0000019f78a3acdc_1 ... (1s) Current status: RUNNING                                                                                      Waiting on bqjob_r718d025b679ed2da_0000019f78a3acdc_1 ... (1s) Current status: DONE   
audit sync done: 115598 lines
06:20:09 quotes incremental 2026-07-05T06:20:09Z..2026-07-19T06:20:09Z
06:20:28 upserted 169 -> vmimporteddata.raw.quotes (now 3158 rows)
06:25:05 invoices incremental 2026-07-05T06:25:05Z..2026-07-19T06:25:05Z
06:25:18 upserted 142 -> vmimporteddata.raw.invoices (now 2207 rows)
06:30:05 forms_logbook incremental 2026-07-05T06:30:05Z..2026-07-19T06:30:05Z
06:30:18 upserted 183 -> vmimporteddata.raw.forms_logbook (now 2793 rows)
2026-07-19 06:35:05,267 INFO token acquired; loading 2 entities
2026-07-19 06:35:05,288 INFO == purchaseorder/getall -> raw.purchase_orders ==
2026-07-19 06:35:31,416 INFO   loaded 871 rows -> vmimporteddata.raw.purchase_orders
2026-07-19 06:35:31,416 INFO == SubcontractorPurchaseOrder/GetAll -> raw.subcontractor_purchase_orders ==
2026-07-19 06:35:54,736 INFO   loaded 1192 rows -> vmimporteddata.raw.subcontractor_purchase_orders
2026-07-19 06:35:54,736 INFO === SUMMARY ===
2026-07-19 06:35:54,736 INFO   purchase_orders                 871  ok
2026-07-19 06:35:54,736 INFO   subcontractor_purchase_orders     1192  ok
09:20:07 quotes incremental 2026-07-05T09:20:07Z..2026-07-19T09:20:07Z
09:20:18 upserted 170 -> vmimporteddata.raw.quotes (now 3159 rows)
09:25:05 invoices incremental 2026-07-05T09:25:05Z..2026-07-19T09:25:05Z
09:25:17 upserted 142 -> vmimporteddata.raw.invoices (now 2207 rows)
09:30:05 forms_logbook incremental 2026-07-05T09:30:05Z..2026-07-19T09:30:05Z
09:30:18 upserted 183 -> vmimporteddata.raw.forms_logbook (now 2793 rows)
2026-07-19 09:35:05,337 INFO token acquired; loading 2 entities
2026-07-19 09:35:05,359 INFO == purchaseorder/getall -> raw.purchase_orders ==
2026-07-19 09:35:25,213 INFO   loaded 871 rows -> vmimporteddata.raw.purchase_orders
2026-07-19 09:35:25,214 INFO == SubcontractorPurchaseOrder/GetAll -> raw.subcontractor_purchase_orders ==
2026-07-19 09:35:54,985 INFO   loaded 1192 rows -> vmimporteddata.raw.subcontractor_purchase_orders
2026-07-19 09:35:54,985 INFO === SUMMARY ===
2026-07-19 09:35:54,985 INFO   purchase_orders                 871  ok
2026-07-19 09:35:54,985 INFO   subcontractor_purchase_orders     1192  ok
12:20:05 quotes incremental 2026-07-05T12:20:05Z..2026-07-19T12:20:05Z
12:20:18 upserted 170 -> vmimporteddata.raw.quotes (now 3159 rows)
12:25:04 invoices incremental 2026-07-05T12:25:04Z..2026-07-19T12:25:04Z
12:25:18 upserted 142 -> vmimporteddata.raw.invoices (now 2207 rows)
12:30:05 forms_logbook incremental 2026-07-05T12:30:05Z..2026-07-19T12:30:05Z
12:30:27 upserted 183 -> vmimporteddata.raw.forms_logbook (now 2793 rows)
2026-07-19 12:35:05,295 INFO token acquired; loading 2 entities
2026-07-19 12:35:05,323 INFO == purchaseorder/getall -> raw.purchase_orders ==
2026-07-19 12:35:24,515 INFO   loaded 871 rows -> vmimporteddata.raw.purchase_orders
2026-07-19 12:35:24,515 INFO == SubcontractorPurchaseOrder/GetAll -> raw.subcontractor_purchase_orders ==
2026-07-19 12:35:47,536 INFO   loaded 1192 rows -> vmimporteddata.raw.subcontractor_purchase_orders
2026-07-19 12:35:47,536 INFO === SUMMARY ===
2026-07-19 12:35:47,536 INFO   purchase_orders                 871  ok
2026-07-19 12:35:47,537 INFO   subcontractor_purchase_orders     1192  ok
15:20:06 quotes incremental 2026-07-05T15:20:06Z..2026-07-19T15:20:06Z
15:20:25 upserted 170 -> vmimporteddata.raw.quotes (now 3159 rows)
15:25:04 invoices incremental 2026-07-05T15:25:04Z..2026-07-19T15:25:04Z
15:25:18 upserted 142 -> vmimporteddata.raw.invoices (now 2207 rows)
15:30:05 forms_logbook incremental 2026-07-05T15:30:05Z..2026-07-19T15:30:05Z
15:30:18 upserted 183 -> vmimporteddata.raw.forms_logbook (now 2793 rows)
2026-07-19 15:35:05,784 INFO token acquired; loading 2 entities
2026-07-19 15:35:05,803 INFO == purchaseorder/getall -> raw.purchase_orders ==
2026-07-19 15:35:24,306 INFO   loaded 871 rows -> vmimporteddata.raw.purchase_orders
2026-07-19 15:35:24,306 INFO == SubcontractorPurchaseOrder/GetAll -> raw.subcontractor_purchase_orders ==
2026-07-19 15:35:47,914 INFO   loaded 1192 rows -> vmimporteddata.raw.subcontractor_purchase_orders
2026-07-19 15:35:47,915 INFO === SUMMARY ===
2026-07-19 15:35:47,915 INFO   purchase_orders                 871  ok
2026-07-19 15:35:47,915 INFO   subcontractor_purchase_orders     1192  ok
18:20:05 quotes incremental 2026-07-05T18:20:05Z..2026-07-19T18:20:05Z
18:20:18 upserted 170 -> vmimporteddata.raw.quotes (now 3159 rows)
18:25:05 invoices incremental 2026-07-05T18:25:05Z..2026-07-19T18:25:05Z
18:25:19 upserted 142 -> vmimporteddata.raw.invoices (now 2207 rows)
18:30:05 forms_logbook incremental 2026-07-05T18:30:05Z..2026-07-19T18:30:05Z
18:30:18 upserted 183 -> vmimporteddata.raw.forms_logbook (now 2793 rows)
2026-07-19 18:35:05,042 INFO token acquired; loading 2 entities
2026-07-19 18:35:05,065 INFO == purchaseorder/getall -> raw.purchase_orders ==
2026-07-19 18:35:22,546 INFO   loaded 871 rows -> vmimporteddata.raw.purchase_orders
2026-07-19 18:35:22,546 INFO == SubcontractorPurchaseOrder/GetAll -> raw.subcontractor_purchase_orders ==
2026-07-19 18:35:52,345 INFO   loaded 1192 rows -> vmimporteddata.raw.subcontractor_purchase_orders
2026-07-19 18:35:52,346 INFO === SUMMARY ===
2026-07-19 18:35:52,346 INFO   purchase_orders                 871  ok
2026-07-19 18:35:52,346 INFO   subcontractor_purchase_orders     1192  ok
21:20:07 quotes incremental 2026-07-05T21:20:07Z..2026-07-19T21:20:07Z
21:20:20 upserted 170 -> vmimporteddata.raw.quotes (now 3159 rows)
21:25:04 invoices incremental 2026-07-05T21:25:04Z..2026-07-19T21:25:04Z
21:25:17 upserted 142 -> vmimporteddata.raw.invoices (now 2207 rows)
21:30:05 forms_logbook incremental 2026-07-05T21:30:05Z..2026-07-19T21:30:05Z
21:30:17 upserted 183 -> vmimporteddata.raw.forms_logbook (now 2793 rows)
2026-07-19 21:35:05,561 INFO token acquired; loading 2 entities
2026-07-19 21:35:05,580 INFO == purchaseorder/getall -> raw.purchase_orders ==
2026-07-19 21:35:30,858 INFO   loaded 871 rows -> vmimporteddata.raw.purchase_orders
2026-07-19 21:35:30,858 INFO == SubcontractorPurchaseOrder/GetAll -> raw.subcontractor_purchase_orders ==
2026-07-19 21:36:00,024 INFO   loaded 1192 rows -> vmimporteddata.raw.subcontractor_purchase_orders
2026-07-19 21:36:00,024 INFO === SUMMARY ===
2026-07-19 21:36:00,024 INFO   purchase_orders                 871  ok
2026-07-19 21:36:00,024 INFO   subcontractor_purchase_orders     1192  ok
00:20:05 quotes incremental 2026-07-06T00:20:05Z..2026-07-20T00:20:05Z
00:20:18 upserted 170 -> vmimporteddata.raw.quotes (now 3159 rows)
00:25:05 invoices incremental 2026-07-06T00:25:05Z..2026-07-20T00:25:05Z
00:25:23 upserted 140 -> vmimporteddata.raw.invoices (now 2207 rows)
00:30:05 forms_logbook incremental 2026-07-06T00:30:05Z..2026-07-20T00:30:05Z
00:30:20 upserted 183 -> vmimporteddata.raw.forms_logbook (now 2793 rows)
2026-07-20 00:35:05,299 INFO token acquired; loading 2 entities
2026-07-20 00:35:05,320 INFO == purchaseorder/getall -> raw.purchase_orders ==
2026-07-20 00:35:28,477 INFO   loaded 871 rows -> vmimporteddata.raw.purchase_orders
2026-07-20 00:35:28,477 INFO == SubcontractorPurchaseOrder/GetAll -> raw.subcontractor_purchase_orders ==
2026-07-20 00:35:55,696 INFO   loaded 1192 rows -> vmimporteddata.raw.subcontractor_purchase_orders
2026-07-20 00:35:55,697 INFO === SUMMARY ===
2026-07-20 00:35:55,697 INFO   purchase_orders                 871  ok
2026-07-20 00:35:55,697 INFO   subcontractor_purchase_orders     1192  ok
2026-07-20 02:00:07,160 INFO token acquired; loading 1 entities
2026-07-20 02:00:07,205 INFO == Job/getall -> raw.jobs ==
2026-07-20 02:13:14,167 INFO   loaded 34665 rows -> vmimporteddata.raw.jobs
2026-07-20 02:13:14,225 INFO === SUMMARY ===
2026-07-20 02:13:14,226 INFO   jobs                          34665  ok
2026-07-20 02:40:09,723 INFO token acquired; loading 2 entities
2026-07-20 02:40:09,765 INFO == Quote/GetAll -> raw.quotes ==
2026-07-20 02:41:11,625 INFO   loaded 3159 rows -> vmimporteddata.raw.quotes
2026-07-20 02:41:11,626 INFO == FormsLogbook/getall -> raw.forms_logbook ==
2026-07-20 02:41:51,177 INFO   loaded 2793 rows -> vmimporteddata.raw.forms_logbook
2026-07-20 02:41:51,178 INFO === SUMMARY ===
2026-07-20 02:41:51,178 INFO   quotes                         3159  ok
2026-07-20 02:41:51,178 INFO   forms_logbook                  2793  ok
2026-07-20 03:00:07,274 INFO token acquired; loading 8 entities
2026-07-20 03:00:07,396 INFO == Customer/GetAll -> raw.customers ==
2026-07-20 03:00:14,109 INFO   loaded 43 rows -> vmimporteddata.raw.customers
2026-07-20 03:00:14,109 INFO == Site/GetAll -> raw.sites ==
2026-07-20 03:00:31,395 INFO   loaded 144 rows -> vmimporteddata.raw.sites
2026-07-20 03:00:31,396 INFO == Staff/GetAll -> raw.staff ==
2026-07-20 03:00:35,479 INFO   loaded 96 rows -> vmimporteddata.raw.staff
2026-07-20 03:00:35,479 INFO == Supplier/GetAll -> raw.suppliers ==
2026-07-20 03:00:39,255 INFO   loaded 48 rows -> vmimporteddata.raw.suppliers
2026-07-20 03:00:39,256 INFO == Subcontractor/GetAll -> raw.subcontractors ==
2026-07-20 03:00:44,048 INFO   loaded 125 rows -> vmimporteddata.raw.subcontractors
2026-07-20 03:00:44,048 INFO == Asset/GetAll -> raw.assets ==
2026-07-20 03:04:48,454 INFO   loaded 13037 rows -> vmimporteddata.raw.assets
2026-07-20 03:04:48,454 INFO == Part/GetAll -> raw.parts ==
2026-07-20 03:05:27,580 INFO   loaded 1989 rows -> vmimporteddata.raw.parts
2026-07-20 03:05:27,580 INFO == Expense/GetAll -> raw.expenses ==
2026-07-20 03:05:32,290 INFO   loaded 54 rows -> vmimporteddata.raw.expenses
2026-07-20 03:05:32,291 INFO === SUMMARY ===
2026-07-20 03:05:32,291 INFO   customers                        43  ok
2026-07-20 03:05:32,291 INFO   sites                           144  ok
2026-07-20 03:05:32,291 INFO   staff                            96  ok
2026-07-20 03:05:32,291 INFO   suppliers                        48  ok
2026-07-20 03:05:32,291 INFO   subcontractors                  125  ok
2026-07-20 03:05:32,291 INFO   assets                        13037  ok
2026-07-20 03:05:32,291 INFO   parts                          1989  ok
2026-07-20 03:05:32,291 INFO   expenses                         54  ok
03:20:05 quotes incremental 2026-07-06T03:20:05Z..2026-07-20T03:20:05Z
03:20:16 upserted 170 -> vmimporteddata.raw.quotes (now 3159 rows)
03:25:04 invoices incremental 2026-07-06T03:25:04Z..2026-07-20T03:25:04Z
03:25:18 upserted 140 -> vmimporteddata.raw.invoices (now 2207 rows)
03:30:05 forms_logbook incremental 2026-07-06T03:30:05Z..2026-07-20T03:30:05Z
03:30:18 upserted 183 -> vmimporteddata.raw.forms_logbook (now 2793 rows)
2026-07-20 03:35:05,340 INFO token acquired; loading 2 entities
2026-07-20 03:35:05,359 INFO == purchaseorder/getall -> raw.purchase_orders ==
2026-07-20 03:35:32,631 INFO   loaded 871 rows -> vmimporteddata.raw.purchase_orders
2026-07-20 03:35:32,631 INFO == SubcontractorPurchaseOrder/GetAll -> raw.subcontractor_purchase_orders ==
2026-07-20 03:36:02,885 INFO   loaded 1192 rows -> vmimporteddata.raw.subcontractor_purchase_orders
2026-07-20 03:36:02,886 INFO === SUMMARY ===
2026-07-20 03:36:02,886 INFO   purchase_orders                 871  ok
2026-07-20 03:36:02,886 INFO   subcontractor_purchase_orders     1192  ok
2026-07-20 04:00:05,885 INFO token acquired; loading 1 entities
2026-07-20 04:00:05,906 INFO == Timesheet/GetAll -> raw.timesheets ==
2026-07-20 04:11:13,181 INFO   loaded 7828 rows -> vmimporteddata.raw.timesheets
2026-07-20 04:11:13,263 INFO === SUMMARY ===
2026-07-20 04:11:13,263 INFO   timesheets                     7828  ok
Upload complete.
Waiting on bqjob_r977d61ca37db25d_0000019f7dca1278_1 ... (0s) Current status: RUNNING                                                                                     Waiting on bqjob_r977d61ca37db25d_0000019f7dca1278_1 ... (1s) Current status: RUNNING                                                                                     Waiting on bqjob_r977d61ca37db25d_0000019f7dca1278_1 ... (1s) Current status: DONE   
audit sync done: 115660 lines
06:20:07 quotes incremental 2026-07-06T06:20:07Z..2026-07-20T06:20:07Z
06:20:21 upserted 170 -> vmimporteddata.raw.quotes (now 3159 rows)
06:25:05 invoices incremental 2026-07-06T06:25:05Z..2026-07-20T06:25:05Z
06:25:20 upserted 140 -> vmimporteddata.raw.invoices (now 2207 rows)
06:30:05 forms_logbook incremental 2026-07-06T06:30:05Z..2026-07-20T06:30:05Z
06:30:19 upserted 183 -> vmimporteddata.raw.forms_logbook (now 2794 rows)
2026-07-20 06:35:05,811 INFO token acquired; loading 2 entities
2026-07-20 06:35:05,832 INFO == purchaseorder/getall -> raw.purchase_orders ==
2026-07-20 06:35:36,863 INFO   loaded 871 rows -> vmimporteddata.raw.purchase_orders
2026-07-20 06:35:36,863 INFO == SubcontractorPurchaseOrder/GetAll -> raw.subcontractor_purchase_orders ==
2026-07-20 06:36:11,082 INFO   loaded 1192 rows -> vmimporteddata.raw.subcontractor_purchase_orders
2026-07-20 06:36:11,082 INFO === SUMMARY ===
2026-07-20 06:36:11,082 INFO   purchase_orders                 871  ok
2026-07-20 06:36:11,082 INFO   subcontractor_purchase_orders     1192  ok
07:00:06 jobs incremental 2026-07-17T07:00:06Z..2026-07-20T07:00:06Z
07:00:39 upserted 210 -> vmimporteddata.raw.jobs (now 34665 rows)
07:15:08 jobs incremental 2026-07-17T07:15:08Z..2026-07-20T07:15:08Z
07:15:37 upserted 208 -> vmimporteddata.raw.jobs (now 34665 rows)
07:30:04 jobs incremental 2026-07-17T07:30:04Z..2026-07-20T07:30:04Z
07:31:10 upserted 208 -> vmimporteddata.raw.jobs (now 34665 rows)
07:45:06 jobs incremental 2026-07-17T07:45:06Z..2026-07-20T07:45:06Z
07:45:53 upserted 209 -> vmimporteddata.raw.jobs (now 34665 rows)
08:00:06 jobs incremental 2026-07-17T08:00:06Z..2026-07-20T08:00:06Z
08:00:39 upserted 203 -> vmimporteddata.raw.jobs (now 34665 rows)
08:15:06 jobs incremental 2026-07-17T08:15:06Z..2026-07-20T08:15:06Z
08:15:29 upserted 203 -> vmimporteddata.raw.jobs (now 34665 rows)
08:30:05 jobs incremental 2026-07-17T08:30:05Z..2026-07-20T08:30:05Z
08:30:41 upserted 202 -> vmimporteddata.raw.jobs (now 34665 rows)
08:45:06 jobs incremental 2026-07-17T08:45:06Z..2026-07-20T08:45:06Z
08:45:32 upserted 198 -> vmimporteddata.raw.jobs (now 34667 rows)
09:00:05 jobs incremental 2026-07-17T09:00:05Z..2026-07-20T09:00:05Z
09:00:30 upserted 185 -> vmimporteddata.raw.jobs (now 34668 rows)
09:15:05 jobs incremental 2026-07-17T09:15:05Z..2026-07-20T09:15:05Z
09:15:37 upserted 210 -> vmimporteddata.raw.jobs (now 34694 rows)
09:20:05 quotes incremental 2026-07-06T09:20:05Z..2026-07-20T09:20:05Z
09:20:19 upserted 170 -> vmimporteddata.raw.quotes (now 3162 rows)
09:25:07 invoices incremental 2026-07-06T09:25:07Z..2026-07-20T09:25:07Z
09:25:22 upserted 140 -> vmimporteddata.raw.invoices (now 2207 rows)
09:30:07 jobs incremental 2026-07-17T09:30:07Z..2026-07-20T09:30:07Z
09:30:08 forms_logbook incremental 2026-07-06T09:30:08Z..2026-07-20T09:30:08Z
09:30:24 upserted 185 -> vmimporteddata.raw.forms_logbook (now 2799 rows)
09:30:35 upserted 210 -> vmimporteddata.raw.jobs (now 34694 rows)
2026-07-20 09:35:05,223 INFO token acquired; loading 2 entities
2026-07-20 09:35:05,244 INFO == purchaseorder/getall -> raw.purchase_orders ==
2026-07-20 09:35:53,312 INFO   loaded 871 rows -> vmimporteddata.raw.purchase_orders
2026-07-20 09:35:53,312 INFO == SubcontractorPurchaseOrder/GetAll -> raw.subcontractor_purchase_orders ==
2026-07-20 09:36:40,425 INFO   loaded 1193 rows -> vmimporteddata.raw.subcontractor_purchase_orders
2026-07-20 09:36:40,425 INFO === SUMMARY ===
2026-07-20 09:36:40,425 INFO   purchase_orders                 871  ok
2026-07-20 09:36:40,425 INFO   subcontractor_purchase_orders     1193  ok
09:45:05 jobs incremental 2026-07-17T09:45:05Z..2026-07-20T09:45:05Z
09:45:54 upserted 230 -> vmimporteddata.raw.jobs (now 34712 rows)
10:00:05 jobs incremental 2026-07-17T10:00:05Z..2026-07-20T10:00:05Z
10:01:12 upserted 235 -> vmimporteddata.raw.jobs (now 34712 rows)
10:15:06 jobs incremental 2026-07-17T10:15:06Z..2026-07-20T10:15:06Z
10:15:30 upserted 235 -> vmimporteddata.raw.jobs (now 34713 rows)
10:30:07 jobs incremental 2026-07-17T10:30:07Z..2026-07-20T10:30:07Z
10:30:37 upserted 233 -> vmimporteddata.raw.jobs (now 34714 rows)
10:45:05 jobs incremental 2026-07-17T10:45:05Z..2026-07-20T10:45:05Z
10:45:28 upserted 236 -> vmimporteddata.raw.jobs (now 34715 rows)
11:00:06 jobs incremental 2026-07-17T11:00:06Z..2026-07-20T11:00:06Z
11:01:00 upserted 233 -> vmimporteddata.raw.jobs (now 34716 rows)
11:15:05 jobs incremental 2026-07-17T11:15:05Z..2026-07-20T11:15:05Z
11:15:30 upserted 231 -> vmimporteddata.raw.jobs (now 34716 rows)
11:30:05 jobs incremental 2026-07-17T11:30:05Z..2026-07-20T11:30:05Z
11:30:26 upserted 228 -> vmimporteddata.raw.jobs (now 34716 rows)
11:45:05 jobs incremental 2026-07-17T11:45:05Z..2026-07-20T11:45:05Z
11:45:38 upserted 242 -> vmimporteddata.raw.jobs (now 34749 rows)
12:00:05 jobs incremental 2026-07-17T12:00:05Z..2026-07-20T12:00:05Z
12:01:06 upserted 247 -> vmimporteddata.raw.jobs (now 34753 rows)
12:15:06 jobs incremental 2026-07-17T12:15:06Z..2026-07-20T12:15:06Z
12:15:26 upserted 232 -> vmimporteddata.raw.jobs (now 34754 rows)
12:20:06 quotes incremental 2026-07-06T12:20:06Z..2026-07-20T12:20:06Z
12:20:22 upserted 161 -> vmimporteddata.raw.quotes (now 3165 rows)
12:25:06 invoices incremental 2026-07-06T12:25:06Z..2026-07-20T12:25:06Z
12:25:20 upserted 143 -> vmimporteddata.raw.invoices (now 2210 rows)
12:30:06 jobs incremental 2026-07-17T12:30:06Z..2026-07-20T12:30:06Z
12:30:06 forms_logbook incremental 2026-07-06T12:30:06Z..2026-07-20T12:30:06Z
12:30:21 upserted 190 -> vmimporteddata.raw.forms_logbook (now 2811 rows)
12:30:29 upserted 231 -> vmimporteddata.raw.jobs (now 34755 rows)
2026-07-20 12:35:05,547 INFO token acquired; loading 2 entities
2026-07-20 12:35:05,566 INFO == purchaseorder/getall -> raw.purchase_orders ==
2026-07-20 12:35:36,629 INFO   loaded 872 rows -> vmimporteddata.raw.purchase_orders
2026-07-20 12:35:36,629 INFO == SubcontractorPurchaseOrder/GetAll -> raw.subcontractor_purchase_orders ==
2026-07-20 12:36:16,968 INFO   loaded 1196 rows -> vmimporteddata.raw.subcontractor_purchase_orders
2026-07-20 12:36:16,969 INFO === SUMMARY ===
2026-07-20 12:36:16,969 INFO   purchase_orders                 872  ok
2026-07-20 12:36:16,969 INFO   subcontractor_purchase_orders     1196  ok
12:45:05 jobs incremental 2026-07-17T12:45:05Z..2026-07-20T12:45:05Z
12:45:28 upserted 235 -> vmimporteddata.raw.jobs (now 34756 rows)
13:00:05 jobs incremental 2026-07-17T13:00:05Z..2026-07-20T13:00:05Z
13:00:45 upserted 232 -> vmimporteddata.raw.jobs (now 34756 rows)
13:15:05 jobs incremental 2026-07-17T13:15:05Z..2026-07-20T13:15:05Z
13:15:34 upserted 228 -> vmimporteddata.raw.jobs (now 34756 rows)
13:30:05 jobs incremental 2026-07-17T13:30:05Z..2026-07-20T13:30:05Z
13:30:44 upserted 227 -> vmimporteddata.raw.jobs (now 34756 rows)
13:45:05 jobs incremental 2026-07-17T13:45:05Z..2026-07-20T13:45:05Z
13:45:32 upserted 231 -> vmimporteddata.raw.jobs (now 34757 rows)
14:00:05 jobs incremental 2026-07-17T14:00:05Z..2026-07-20T14:00:05Z
14:00:43 upserted 235 -> vmimporteddata.raw.jobs (now 34758 rows)
14:15:06 jobs incremental 2026-07-17T14:15:06Z..2026-07-20T14:15:06Z
14:15:29 upserted 241 -> vmimporteddata.raw.jobs (now 34759 rows)
14:30:06 jobs incremental 2026-07-17T14:30:06Z..2026-07-20T14:30:06Z
14:30:35 upserted 241 -> vmimporteddata.raw.jobs (now 34759 rows)
14:45:07 jobs incremental 2026-07-17T14:45:07Z..2026-07-20T14:45:07Z
14:45:29 upserted 262 -> vmimporteddata.raw.jobs (now 34778 rows)
15:00:05 jobs incremental 2026-07-17T15:00:05Z..2026-07-20T15:00:05Z
15:00:48 upserted 264 -> vmimporteddata.raw.jobs (now 34781 rows)
15:15:05 jobs incremental 2026-07-17T15:15:05Z..2026-07-20T15:15:05Z
15:15:35 upserted 267 -> vmimporteddata.raw.jobs (now 34783 rows)
15:20:05 quotes incremental 2026-07-06T15:20:05Z..2026-07-20T15:20:05Z
15:20:37 upserted 162 -> vmimporteddata.raw.quotes (now 3174 rows)
15:25:05 invoices incremental 2026-07-06T15:25:05Z..2026-07-20T15:25:05Z
15:25:29 upserted 156 -> vmimporteddata.raw.invoices (now 2224 rows)
15:30:06 forms_logbook incremental 2026-07-06T15:30:06Z..2026-07-20T15:30:06Z
15:30:06 jobs incremental 2026-07-17T15:30:06Z..2026-07-20T15:30:06Z
15:30:28 upserted 196 -> vmimporteddata.raw.forms_logbook (now 2822 rows)
15:30:42 upserted 268 -> vmimporteddata.raw.jobs (now 34783 rows)
2026-07-20 15:35:05,888 INFO token acquired; loading 2 entities
2026-07-20 15:35:05,911 INFO == purchaseorder/getall -> raw.purchase_orders ==
2026-07-20 15:35:54,866 INFO   loaded 873 rows -> vmimporteddata.raw.purchase_orders
2026-07-20 15:35:54,867 INFO == SubcontractorPurchaseOrder/GetAll -> raw.subcontractor_purchase_orders ==
2026-07-20 15:37:40,248 INFO   loaded 1198 rows -> vmimporteddata.raw.subcontractor_purchase_orders
2026-07-20 15:37:40,249 INFO === SUMMARY ===
2026-07-20 15:37:40,249 INFO   purchase_orders                 873  ok
2026-07-20 15:37:40,249 INFO   subcontractor_purchase_orders     1198  ok
15:45:06 jobs incremental 2026-07-17T15:45:06Z..2026-07-20T15:45:06Z
15:45:31 upserted 270 -> vmimporteddata.raw.jobs (now 34784 rows)
16:00:06 jobs incremental 2026-07-17T16:00:06Z..2026-07-20T16:00:06Z
16:00:44 upserted 269 -> vmimporteddata.raw.jobs (now 34784 rows)
16:15:06 jobs incremental 2026-07-17T16:15:06Z..2026-07-20T16:15:06Z
16:15:28 upserted 268 -> vmimporteddata.raw.jobs (now 34784 rows)
16:30:05 jobs incremental 2026-07-17T16:30:05Z..2026-07-20T16:30:05Z
16:30:27 upserted 268 -> vmimporteddata.raw.jobs (now 34785 rows)
16:45:06 jobs incremental 2026-07-17T16:45:06Z..2026-07-20T16:45:06Z
16:45:34 upserted 267 -> vmimporteddata.raw.jobs (now 34785 rows)
17:00:05 jobs incremental 2026-07-17T17:00:05Z..2026-07-20T17:00:05Z
17:00:29 upserted 266 -> vmimporteddata.raw.jobs (now 34785 rows)
17:15:07 jobs incremental 2026-07-17T17:15:07Z..2026-07-20T17:15:07Z
17:15:34 upserted 267 -> vmimporteddata.raw.jobs (now 34785 rows)
17:30:05 jobs incremental 2026-07-17T17:30:05Z..2026-07-20T17:30:05Z
17:30:27 upserted 267 -> vmimporteddata.raw.jobs (now 34785 rows)
17:45:06 jobs incremental 2026-07-17T17:45:06Z..2026-07-20T17:45:06Z
17:45:25 upserted 267 -> vmimporteddata.raw.jobs (now 34785 rows)
18:00:06 jobs incremental 2026-07-17T18:00:06Z..2026-07-20T18:00:06Z
18:00:34 upserted 267 -> vmimporteddata.raw.jobs (now 34785 rows)
18:15:05 jobs incremental 2026-07-17T18:15:05Z..2026-07-20T18:15:05Z
18:15:26 upserted 266 -> vmimporteddata.raw.jobs (now 34785 rows)
18:20:05 quotes incremental 2026-07-06T18:20:05Z..2026-07-20T18:20:05Z
18:20:18 upserted 166 -> vmimporteddata.raw.quotes (now 3180 rows)
18:25:05 invoices incremental 2026-07-06T18:25:05Z..2026-07-20T18:25:05Z
18:25:22 upserted 157 -> vmimporteddata.raw.invoices (now 2224 rows)
18:30:07 jobs incremental 2026-07-17T18:30:07Z..2026-07-20T18:30:07Z
18:30:07 forms_logbook incremental 2026-07-06T18:30:07Z..2026-07-20T18:30:07Z
18:30:20 upserted 196 -> vmimporteddata.raw.forms_logbook (now 2822 rows)
18:30:25 upserted 266 -> vmimporteddata.raw.jobs (now 34785 rows)
2026-07-20 18:35:04,990 INFO token acquired; loading 2 entities
2026-07-20 18:35:05,010 INFO == purchaseorder/getall -> raw.purchase_orders ==
2026-07-20 18:35:34,230 INFO   loaded 874 rows -> vmimporteddata.raw.purchase_orders
2026-07-20 18:35:34,230 INFO == SubcontractorPurchaseOrder/GetAll -> raw.subcontractor_purchase_orders ==
2026-07-20 18:36:03,378 INFO   loaded 1198 rows -> vmimporteddata.raw.subcontractor_purchase_orders
2026-07-20 18:36:03,378 INFO === SUMMARY ===
2026-07-20 18:36:03,378 INFO   purchase_orders                 874  ok
2026-07-20 18:36:03,378 INFO   subcontractor_purchase_orders     1198  ok
18:45:05 jobs incremental 2026-07-17T18:45:05Z..2026-07-20T18:45:05Z
18:45:24 upserted 266 -> vmimporteddata.raw.jobs (now 34785 rows)
19:00:06 jobs incremental 2026-07-17T19:00:06Z..2026-07-20T19:00:06Z
19:00:29 upserted 266 -> vmimporteddata.raw.jobs (now 34785 rows)
19:15:05 jobs incremental 2026-07-17T19:15:05Z..2026-07-20T19:15:05Z
19:15:25 upserted 266 -> vmimporteddata.raw.jobs (now 34785 rows)
19:30:05 jobs incremental 2026-07-17T19:30:05Z..2026-07-20T19:30:05Z
19:30:32 upserted 266 -> vmimporteddata.raw.jobs (now 34785 rows)
19:45:05 jobs incremental 2026-07-17T19:45:05Z..2026-07-20T19:45:05Z
19:45:35 upserted 266 -> vmimporteddata.raw.jobs (now 34785 rows)
21:20:06 quotes incremental 2026-07-06T21:20:06Z..2026-07-20T21:20:06Z
21:20:17 upserted 167 -> vmimporteddata.raw.quotes (now 3181 rows)
21:25:05 invoices incremental 2026-07-06T21:25:05Z..2026-07-20T21:25:05Z
21:25:19 upserted 154 -> vmimporteddata.raw.invoices (now 2224 rows)
21:30:05 forms_logbook incremental 2026-07-06T21:30:05Z..2026-07-20T21:30:05Z
21:30:20 upserted 196 -> vmimporteddata.raw.forms_logbook (now 2822 rows)
2026-07-20 21:35:05,787 INFO token acquired; loading 2 entities
2026-07-20 21:35:05,811 INFO == purchaseorder/getall -> raw.purchase_orders ==
2026-07-20 21:35:34,009 INFO   loaded 874 rows -> vmimporteddata.raw.purchase_orders
2026-07-20 21:35:34,009 INFO == SubcontractorPurchaseOrder/GetAll -> raw.subcontractor_purchase_orders ==
2026-07-20 21:36:20,809 INFO   loaded 1198 rows -> vmimporteddata.raw.subcontractor_purchase_orders
2026-07-20 21:36:20,809 INFO === SUMMARY ===
2026-07-20 21:36:20,809 INFO   purchase_orders                 874  ok
2026-07-20 21:36:20,809 INFO   subcontractor_purchase_orders     1198  ok
00:20:06 quotes incremental 2026-07-07T00:20:06Z..2026-07-21T00:20:06Z
00:20:19 upserted 167 -> vmimporteddata.raw.quotes (now 3181 rows)
00:25:05 invoices incremental 2026-07-07T00:25:05Z..2026-07-21T00:25:05Z
00:25:19 upserted 154 -> vmimporteddata.raw.invoices (now 2224 rows)
00:30:05 forms_logbook incremental 2026-07-07T00:30:05Z..2026-07-21T00:30:05Z
00:30:17 upserted 199 -> vmimporteddata.raw.forms_logbook (now 2825 rows)
2026-07-21 00:35:06,299 INFO token acquired; loading 2 entities
2026-07-21 00:35:06,327 INFO == purchaseorder/getall -> raw.purchase_orders ==
2026-07-21 00:35:36,596 INFO   loaded 874 rows -> vmimporteddata.raw.purchase_orders
2026-07-21 00:35:36,596 INFO == SubcontractorPurchaseOrder/GetAll -> raw.subcontractor_purchase_orders ==
2026-07-21 00:35:59,458 INFO   loaded 1198 rows -> vmimporteddata.raw.subcontractor_purchase_orders
2026-07-21 00:35:59,458 INFO === SUMMARY ===
2026-07-21 00:35:59,458 INFO   purchase_orders                 874  ok
2026-07-21 00:35:59,458 INFO   subcontractor_purchase_orders     1198  ok
2026-07-21 02:00:09,908 INFO token acquired; loading 1 entities
2026-07-21 02:00:10,005 INFO == Job/getall -> raw.jobs ==
2026-07-21 02:14:06,625 INFO   loaded 34792 rows -> vmimporteddata.raw.jobs
2026-07-21 02:14:06,726 INFO === SUMMARY ===
2026-07-21 02:14:06,727 INFO   jobs                          34792  ok
2026-07-21 02:40:10,739 INFO token acquired; loading 2 entities
2026-07-21 02:40:10,827 INFO == Quote/GetAll -> raw.quotes ==
2026-07-21 02:41:03,277 INFO   loaded 3181 rows -> vmimporteddata.raw.quotes
2026-07-21 02:41:03,277 INFO == FormsLogbook/getall -> raw.forms_logbook ==
2026-07-21 02:41:51,379 INFO   loaded 2825 rows -> vmimporteddata.raw.forms_logbook
2026-07-21 02:41:51,379 INFO === SUMMARY ===
2026-07-21 02:41:51,379 INFO   quotes                         3181  ok
2026-07-21 02:41:51,379 INFO   forms_logbook                  2825  ok
02:55:06 INFO mode=incr quotes to fetch=16
Traceback (most recent call last):
  File "/opt/jl-loader/load_quote_types.py", line 169, in <module>
    main()
  File "/opt/jl-loader/load_quote_types.py", line 137, in main
    with open(OUT, "w") as f:
         ^^^^^^^^^^^^^^
PermissionError: [Errno 13] Permission denied: '/tmp/quote_types.jsonl'
2026-07-21 03:00:05,695 INFO token acquired; loading 8 entities
2026-07-21 03:00:05,715 INFO == Customer/GetAll -> raw.customers ==
2026-07-21 03:00:08,462 INFO   loaded 44 rows -> vmimporteddata.raw.customers
2026-07-21 03:00:08,462 INFO == Site/GetAll -> raw.sites ==
2026-07-21 03:00:13,157 INFO   loaded 145 rows -> vmimporteddata.raw.sites
2026-07-21 03:00:13,157 INFO == Staff/GetAll -> raw.staff ==
2026-07-21 03:00:16,938 INFO   loaded 96 rows -> vmimporteddata.raw.staff
2026-07-21 03:00:16,938 INFO == Supplier/GetAll -> raw.suppliers ==
2026-07-21 03:00:20,152 INFO   loaded 49 rows -> vmimporteddata.raw.suppliers
2026-07-21 03:00:20,152 INFO == Subcontractor/GetAll -> raw.subcontractors ==
2026-07-21 03:00:24,576 INFO   loaded 126 rows -> vmimporteddata.raw.subcontractors
2026-07-21 03:00:24,576 INFO == Asset/GetAll -> raw.assets ==
2026-07-21 03:04:26,857 INFO   loaded 13038 rows -> vmimporteddata.raw.assets
2026-07-21 03:04:26,857 INFO == Part/GetAll -> raw.parts ==
2026-07-21 03:04:55,761 INFO   loaded 1993 rows -> vmimporteddata.raw.parts
2026-07-21 03:04:55,761 INFO == Expense/GetAll -> raw.expenses ==
2026-07-21 03:04:59,551 INFO   loaded 55 rows -> vmimporteddata.raw.expenses
2026-07-21 03:04:59,552 INFO === SUMMARY ===
2026-07-21 03:04:59,552 INFO   customers                        44  ok
2026-07-21 03:04:59,552 INFO   sites                           145  ok
2026-07-21 03:04:59,552 INFO   staff                            96  ok
2026-07-21 03:04:59,552 INFO   suppliers                        49  ok
2026-07-21 03:04:59,552 INFO   subcontractors                  126  ok
2026-07-21 03:04:59,552 INFO   assets                        13038  ok
2026-07-21 03:04:59,552 INFO   parts                          1993  ok
2026-07-21 03:04:59,552 INFO   expenses                         55  ok
Waiting on bqjob_r3d1a77bd3ba11128_0000019f82a6eb7d_1 ... (0s) Current status: RUNNING                                                                                      Waiting on bqjob_r3d1a77bd3ba11128_0000019f82a6eb7d_1 ... (1s) Current status: RUNNING                                                                                      Waiting on bqjob_r3d1a77bd3ba11128_0000019f82a6eb7d_1 ... (1s) Current status: DONE   
CREATE TABLE IF NOT EXISTS `vmimporteddata.raw.quote_status_events` (
  quote_id     INT64,
  quote_number STRING,
  old_status   STRING,   -- NULL on the seed/first observation
  new_status   STRING,
  observed_at  TIMESTAMP
); -- at [6:1]
Skipped vmimporteddata.raw.quote_status_events

INSERT INTO `vmimporteddata.raw.quote_status_events` (quote_id, quote_number, old_status, new_status, observed_at)
WITH cur AS (
  SELECT Id AS quote_id,
         ANY_VALUE(QuoteNumber) AS quote_number,
         ANY_VALUE(QuoteStatusDescription) AS status
  FROM `vmimporteddata.raw.quotes`
  WHERE Id IS NOT NULL
  GROUP BY Id
),
last_seen AS (
  SELECT quote_id, new_status AS status
  FROM `vmimporteddata.raw.quote_status_events`
  QUALIFY ROW_NUMBER() OVER (PARTITION BY quote_id ORDER BY observed_at DESC) = 1
)
SELECT c.quote_id, c.quote_number, l.status, c.status, CURRENT_TIMESTAMP()
FROM cur c
LEFT JOIN last_seen l ON l.quote_id = c.quote_id
WHERE l.quote_id IS NULL                              -- new quote (seed)
   OR IFNULL(l.status, '') != IFNULL(c.status, ''); -- at [14:1]
Number of affected rows: 35

03:20:06 quotes incremental 2026-07-07T03:20:06Z..2026-07-21T03:20:06Z
03:20:23 upserted 167 -> vmimporteddata.raw.quotes (now 3181 rows)
03:25:05 invoices incremental 2026-07-07T03:25:05Z..2026-07-21T03:25:05Z
03:25:29 upserted 157 -> vmimporteddata.raw.invoices (now 2224 rows)
03:30:05 forms_logbook incremental 2026-07-07T03:30:05Z..2026-07-21T03:30:05Z
03:30:21 upserted 199 -> vmimporteddata.raw.forms_logbook (now 2825 rows)
2026-07-21 03:35:05,631 INFO token acquired; loading 2 entities
2026-07-21 03:35:05,652 INFO == purchaseorder/getall -> raw.purchase_orders ==
2026-07-21 03:35:48,172 INFO   loaded 874 rows -> vmimporteddata.raw.purchase_orders
2026-07-21 03:35:48,172 INFO == SubcontractorPurchaseOrder/GetAll -> raw.subcontractor_purchase_orders ==
2026-07-21 03:36:53,287 INFO   loaded 1198 rows -> vmimporteddata.raw.subcontractor_purchase_orders
2026-07-21 03:36:53,287 INFO === SUMMARY ===
2026-07-21 03:36:53,287 INFO   purchase_orders                 874  ok
2026-07-21 03:36:53,287 INFO   subcontractor_purchase_orders     1198  ok
2026-07-21 04:00:06,007 INFO token acquired; loading 1 entities
2026-07-21 04:00:06,032 INFO == Timesheet/GetAll -> raw.timesheets ==
2026-07-21 04:16:00,840 INFO   loaded 7828 rows -> vmimporteddata.raw.timesheets
2026-07-21 04:16:00,841 INFO === SUMMARY ===
2026-07-21 04:16:00,841 INFO   timesheets                     7828  ok
Upload complete.
Waiting on bqjob_r2ee39c426b041ef6_0000019f82f0649d_1 ... (0s) Current status: RUNNING                                                                                      Waiting on bqjob_r2ee39c426b041ef6_0000019f82f0649d_1 ... (1s) Current status: RUNNING                                                                                      Waiting on bqjob_r2ee39c426b041ef6_0000019f82f0649d_1 ... (1s) Current status: DONE   
audit sync done: 116192 lines
06:20:06 quotes incremental 2026-07-07T06:20:06Z..2026-07-21T06:20:06Z
06:20:21 upserted 167 -> vmimporteddata.raw.quotes (now 3181 rows)
06:25:05 invoices incremental 2026-07-07T06:25:05Z..2026-07-21T06:25:05Z
06:25:22 upserted 154 -> vmimporteddata.raw.invoices (now 2224 rows)
06:30:05 forms_logbook incremental 2026-07-07T06:30:05Z..2026-07-21T06:30:05Z
06:30:24 upserted 199 -> vmimporteddata.raw.forms_logbook (now 2825 rows)
2026-07-21 06:35:05,728 INFO token acquired; loading 2 entities
2026-07-21 06:35:05,748 INFO == purchaseorder/getall -> raw.purchase_orders ==
2026-07-21 06:36:13,583 INFO   loaded 874 rows -> vmimporteddata.raw.purchase_orders
2026-07-21 06:36:13,583 INFO == SubcontractorPurchaseOrder/GetAll -> raw.subcontractor_purchase_orders ==
2026-07-21 06:37:13,996 INFO   loaded 1198 rows -> vmimporteddata.raw.subcontractor_purchase_orders
2026-07-21 06:37:13,996 INFO === SUMMARY ===
2026-07-21 06:37:13,996 INFO   purchase_orders                 874  ok
2026-07-21 06:37:13,996 INFO   subcontractor_purchase_orders     1198  ok
07:00:11 jobs incremental 2026-07-18T07:00:11Z..2026-07-21T07:00:11Z
07:00:59 upserted 283 -> vmimporteddata.raw.jobs (now 34797 rows)
07:15:07 jobs incremental 2026-07-18T07:15:07Z..2026-07-21T07:15:07Z
07:16:00 upserted 287 -> vmimporteddata.raw.jobs (now 34797 rows)
07:30:06 jobs incremental 2026-07-18T07:30:06Z..2026-07-21T07:30:06Z
07:30:37 upserted 288 -> vmimporteddata.raw.jobs (now 34797 rows)
07:45:05 jobs incremental 2026-07-18T07:45:05Z..2026-07-21T07:45:05Z
07:45:36 upserted 290 -> vmimporteddata.raw.jobs (now 34798 rows)
08:00:05 jobs incremental 2026-07-18T08:00:05Z..2026-07-21T08:00:05Z
08:00:51 upserted 296 -> vmimporteddata.raw.jobs (now 34798 rows)
08:15:06 jobs incremental 2026-07-18T08:15:06Z..2026-07-21T08:15:06Z
08:15:59 upserted 297 -> vmimporteddata.raw.jobs (now 34798 rows)
08:30:06 jobs incremental 2026-07-18T08:30:06Z..2026-07-21T08:30:06Z
08:31:41 upserted 300 -> vmimporteddata.raw.jobs (now 34801 rows)
08:45:05 jobs incremental 2026-07-18T08:45:05Z..2026-07-21T08:45:05Z
08:45:40 upserted 302 -> vmimporteddata.raw.jobs (now 34802 rows)
09:00:05 jobs incremental 2026-07-18T09:00:05Z..2026-07-21T09:00:05Z
09:00:43 upserted 317 -> vmimporteddata.raw.jobs (now 34814 rows)
09:15:05 jobs incremental 2026-07-18T09:15:05Z..2026-07-21T09:15:05Z
09:15:50 upserted 336 -> vmimporteddata.raw.jobs (now 34829 rows)
09:20:06 quotes incremental 2026-07-07T09:20:06Z..2026-07-21T09:20:06Z
09:20:23 upserted 165 -> vmimporteddata.raw.quotes (now 3181 rows)
09:25:05 invoices incremental 2026-07-07T09:25:05Z..2026-07-21T09:25:05Z
09:25:23 upserted 158 -> vmimporteddata.raw.invoices (now 2228 rows)
09:30:09 forms_logbook incremental 2026-07-07T09:30:09Z..2026-07-21T09:30:09Z
09:30:09 jobs incremental 2026-07-18T09:30:09Z..2026-07-21T09:30:09Z
09:30:27 upserted 207 -> vmimporteddata.raw.forms_logbook (now 2834 rows)
09:31:06 upserted 385 -> vmimporteddata.raw.jobs (now 34834 rows)
2026-07-21 09:35:05,777 INFO token acquired; loading 2 entities
2026-07-21 09:35:05,807 INFO == purchaseorder/getall -> raw.purchase_orders ==
2026-07-21 09:35:55,630 INFO   loaded 875 rows -> vmimporteddata.raw.purchase_orders
2026-07-21 09:35:55,630 INFO == SubcontractorPurchaseOrder/GetAll -> raw.subcontractor_purchase_orders ==
2026-07-21 09:36:55,287 INFO   loaded 1198 rows -> vmimporteddata.raw.subcontractor_purchase_orders
2026-07-21 09:36:55,287 INFO === SUMMARY ===
2026-07-21 09:36:55,287 INFO   purchase_orders                 875  ok
2026-07-21 09:36:55,287 INFO   subcontractor_purchase_orders     1198  ok
09:45:06 jobs incremental 2026-07-18T09:45:06Z..2026-07-21T09:45:06Z
09:45:56 upserted 404 -> vmimporteddata.raw.jobs (now 34836 rows)
10:00:05 jobs incremental 2026-07-18T10:00:05Z..2026-07-21T10:00:05Z
10:01:23 upserted 409 -> vmimporteddata.raw.jobs (now 34838 rows)
10:15:06 jobs incremental 2026-07-18T10:15:06Z..2026-07-21T10:15:06Z
10:15:44 upserted 414 -> vmimporteddata.raw.jobs (now 34840 rows)
10:30:06 jobs incremental 2026-07-18T10:30:06Z..2026-07-21T10:30:06Z
10:30:43 upserted 419 -> vmimporteddata.raw.jobs (now 34843 rows)
10:45:05 jobs incremental 2026-07-18T10:45:05Z..2026-07-21T10:45:05Z
10:45:42 upserted 422 -> vmimporteddata.raw.jobs (now 34844 rows)
11:00:05 jobs incremental 2026-07-18T11:00:05Z..2026-07-21T11:00:05Z
11:00:45 upserted 427 -> vmimporteddata.raw.jobs (now 34846 rows)
11:15:05 jobs incremental 2026-07-18T11:15:05Z..2026-07-21T11:15:05Z
11:15:49 upserted 431 -> vmimporteddata.raw.jobs (now 34847 rows)
11:30:05 jobs incremental 2026-07-18T11:30:05Z..2026-07-21T11:30:05Z
11:31:02 upserted 464 -> vmimporteddata.raw.jobs (now 34878 rows)
11:45:05 jobs incremental 2026-07-18T11:45:05Z..2026-07-21T11:45:05Z
11:45:46 upserted 472 -> vmimporteddata.raw.jobs (now 34886 rows)
12:00:08 jobs incremental 2026-07-18T12:00:08Z..2026-07-21T12:00:08Z
12:01:24 upserted 475 -> vmimporteddata.raw.jobs (now 34886 rows)
12:15:05 jobs incremental 2026-07-18T12:15:05Z..2026-07-21T12:15:05Z
12:15:38 upserted 477 -> vmimporteddata.raw.jobs (now 34887 rows)
12:20:05 quotes incremental 2026-07-07T12:20:05Z..2026-07-21T12:20:05Z
12:20:22 upserted 169 -> vmimporteddata.raw.quotes (now 3190 rows)
12:25:05 invoices incremental 2026-07-07T12:25:05Z..2026-07-21T12:25:05Z
12:25:24 upserted 239 -> vmimporteddata.raw.invoices (now 2306 rows)
12:30:06 jobs incremental 2026-07-18T12:30:06Z..2026-07-21T12:30:06Z
12:30:06 forms_logbook incremental 2026-07-07T12:30:06Z..2026-07-21T12:30:06Z
12:30:24 upserted 210 -> vmimporteddata.raw.forms_logbook (now 2839 rows)
12:30:46 upserted 478 -> vmimporteddata.raw.jobs (now 34888 rows)
2026-07-21 12:35:05,946 INFO token acquired; loading 2 entities
2026-07-21 12:35:05,965 INFO == purchaseorder/getall -> raw.purchase_orders ==
2026-07-21 12:35:51,599 INFO   loaded 877 rows -> vmimporteddata.raw.purchase_orders
2026-07-21 12:35:51,599 INFO == SubcontractorPurchaseOrder/GetAll -> raw.subcontractor_purchase_orders ==
2026-07-21 12:36:31,259 INFO   loaded 1202 rows -> vmimporteddata.raw.subcontractor_purchase_orders
2026-07-21 12:36:31,259 INFO === SUMMARY ===
2026-07-21 12:36:31,259 INFO   purchase_orders                 877  ok
2026-07-21 12:36:31,259 INFO   subcontractor_purchase_orders     1202  ok
12:45:05 jobs incremental 2026-07-18T12:45:05Z..2026-07-21T12:45:05Z
12:45:57 upserted 481 -> vmimporteddata.raw.jobs (now 34891 rows)
13:00:05 jobs incremental 2026-07-18T13:00:05Z..2026-07-21T13:00:05Z
13:01:18 upserted 481 -> vmimporteddata.raw.jobs (now 34891 rows)
13:15:06 jobs incremental 2026-07-18T13:15:06Z..2026-07-21T13:15:06Z
13:15:41 upserted 484 -> vmimporteddata.raw.jobs (now 34892 rows)
13:30:06 jobs incremental 2026-07-18T13:30:06Z..2026-07-21T13:30:06Z
13:30:39 upserted 484 -> vmimporteddata.raw.jobs (now 34892 rows)
13:45:06 jobs incremental 2026-07-18T13:45:06Z..2026-07-21T13:45:06Z
13:45:48 upserted 485 -> vmimporteddata.raw.jobs (now 34892 rows)
14:00:07 jobs incremental 2026-07-18T14:00:07Z..2026-07-21T14:00:07Z
14:02:11 upserted 488 -> vmimporteddata.raw.jobs (now 34893 rows)
14:15:05 jobs incremental 2026-07-18T14:15:05Z..2026-07-21T14:15:05Z
14:16:04 upserted 492 -> vmimporteddata.raw.jobs (now 34895 rows)
14:30:06 jobs incremental 2026-07-18T14:30:06Z..2026-07-21T14:30:06Z
14:30:59 upserted 492 -> vmimporteddata.raw.jobs (now 34895 rows)
14:45:05 jobs incremental 2026-07-18T14:45:05Z..2026-07-21T14:45:05Z
14:45:42 upserted 507 -> vmimporteddata.raw.jobs (now 34909 rows)
15:00:05 jobs incremental 2026-07-18T15:00:05Z..2026-07-21T15:00:05Z
15:01:45 upserted 509 -> vmimporteddata.raw.jobs (now 34909 rows)
15:15:05 jobs incremental 2026-07-18T15:15:05Z..2026-07-21T15:15:05Z
15:15:44 upserted 516 -> vmimporteddata.raw.jobs (now 34912 rows)
15:20:05 quotes incremental 2026-07-07T15:20:05Z..2026-07-21T15:20:05Z
15:20:21 upserted 173 -> vmimporteddata.raw.quotes (now 3196 rows)
15:25:05 invoices incremental 2026-07-07T15:25:05Z..2026-07-21T15:25:05Z
15:25:23 upserted 228 -> vmimporteddata.raw.invoices (now 2312 rows)
15:30:07 jobs incremental 2026-07-18T15:30:07Z..2026-07-21T15:30:07Z
15:30:07 forms_logbook incremental 2026-07-07T15:30:07Z..2026-07-21T15:30:07Z
15:30:25 upserted 200 -> vmimporteddata.raw.forms_logbook (now 2842 rows)
15:30:46 upserted 537 -> vmimporteddata.raw.jobs (now 34933 rows)
2026-07-21 15:35:04,977 INFO token acquired; loading 2 entities
2026-07-21 15:35:04,997 INFO == purchaseorder/getall -> raw.purchase_orders ==
2026-07-21 15:35:49,503 INFO   loaded 881 rows -> vmimporteddata.raw.purchase_orders
2026-07-21 15:35:49,503 INFO == SubcontractorPurchaseOrder/GetAll -> raw.subcontractor_purchase_orders ==
2026-07-21 15:36:32,477 INFO   loaded 1202 rows -> vmimporteddata.raw.subcontractor_purchase_orders
2026-07-21 15:36:32,477 INFO === SUMMARY ===
2026-07-21 15:36:32,477 INFO   purchase_orders                 881  ok
2026-07-21 15:36:32,477 INFO   subcontractor_purchase_orders     1202  ok
15:45:05 jobs incremental 2026-07-18T15:45:05Z..2026-07-21T15:45:05Z
15:45:45 upserted 538 -> vmimporteddata.raw.jobs (now 34935 rows)
16:00:05 jobs incremental 2026-07-18T16:00:05Z..2026-07-21T16:00:05Z
16:01:04 upserted 538 -> vmimporteddata.raw.jobs (now 34936 rows)
16:15:05 jobs incremental 2026-07-18T16:15:05Z..2026-07-21T16:15:05Z
16:15:43 upserted 539 -> vmimporteddata.raw.jobs (now 34937 rows)
16:30:05 jobs incremental 2026-07-18T16:30:05Z..2026-07-21T16:30:05Z
16:30:43 upserted 543 -> vmimporteddata.raw.jobs (now 34941 rows)
16:45:05 jobs incremental 2026-07-18T16:45:05Z..2026-07-21T16:45:05Z
16:45:55 upserted 543 -> vmimporteddata.raw.jobs (now 34941 rows)
17:00:05 jobs incremental 2026-07-18T17:00:05Z..2026-07-21T17:00:05Z
17:00:59 upserted 543 -> vmimporteddata.raw.jobs (now 34942 rows)
17:15:05 jobs incremental 2026-07-18T17:15:05Z..2026-07-21T17:15:05Z
17:15:46 upserted 543 -> vmimporteddata.raw.jobs (now 34942 rows)
17:30:05 jobs incremental 2026-07-18T17:30:05Z..2026-07-21T17:30:05Z
17:30:41 upserted 543 -> vmimporteddata.raw.jobs (now 34942 rows)
17:45:05 jobs incremental 2026-07-18T17:45:05Z..2026-07-21T17:45:05Z
17:45:40 upserted 544 -> vmimporteddata.raw.jobs (now 34942 rows)
18:00:05 jobs incremental 2026-07-18T18:00:05Z..2026-07-21T18:00:05Z
18:00:41 upserted 544 -> vmimporteddata.raw.jobs (now 34942 rows)
18:15:08 jobs incremental 2026-07-18T18:15:08Z..2026-07-21T18:15:08Z
18:15:41 upserted 544 -> vmimporteddata.raw.jobs (now 34942 rows)
18:20:05 quotes incremental 2026-07-07T18:20:05Z..2026-07-21T18:20:05Z
18:20:19 upserted 173 -> vmimporteddata.raw.quotes (now 3198 rows)
18:25:05 invoices incremental 2026-07-07T18:25:05Z..2026-07-21T18:25:05Z
18:25:31 upserted 228 -> vmimporteddata.raw.invoices (now 2313 rows)
18:30:07 forms_logbook incremental 2026-07-07T18:30:07Z..2026-07-21T18:30:07Z
18:30:07 jobs incremental 2026-07-18T18:30:07Z..2026-07-21T18:30:07Z
18:30:21 upserted 199 -> vmimporteddata.raw.forms_logbook (now 2842 rows)
18:30:47 upserted 544 -> vmimporteddata.raw.jobs (now 34942 rows)
2026-07-21 18:35:05,590 INFO token acquired; loading 2 entities
2026-07-21 18:35:05,609 INFO == purchaseorder/getall -> raw.purchase_orders ==
2026-07-21 18:35:27,291 INFO   loaded 881 rows -> vmimporteddata.raw.purchase_orders
2026-07-21 18:35:27,291 INFO == SubcontractorPurchaseOrder/GetAll -> raw.subcontractor_purchase_orders ==
2026-07-21 18:35:55,830 INFO   loaded 1205 rows -> vmimporteddata.raw.subcontractor_purchase_orders
2026-07-21 18:35:55,831 INFO === SUMMARY ===
2026-07-21 18:35:55,831 INFO   purchase_orders                 881  ok
2026-07-21 18:35:55,831 INFO   subcontractor_purchase_orders     1205  ok
18:45:05 jobs incremental 2026-07-18T18:45:05Z..2026-07-21T18:45:05Z
18:45:40 upserted 544 -> vmimporteddata.raw.jobs (now 34942 rows)
19:00:06 jobs incremental 2026-07-18T19:00:06Z..2026-07-21T19:00:06Z
19:01:17 upserted 544 -> vmimporteddata.raw.jobs (now 34942 rows)
19:15:05 jobs incremental 2026-07-18T19:15:05Z..2026-07-21T19:15:05Z
19:15:37 upserted 544 -> vmimporteddata.raw.jobs (now 34942 rows)
19:30:07 jobs incremental 2026-07-18T19:30:07Z..2026-07-21T19:30:07Z
19:30:38 upserted 544 -> vmimporteddata.raw.jobs (now 34942 rows)
19:45:05 jobs incremental 2026-07-18T19:45:05Z..2026-07-21T19:45:05Z
19:45:34 upserted 544 -> vmimporteddata.raw.jobs (now 34942 rows)
21:20:06 quotes incremental 2026-07-07T21:20:06Z..2026-07-21T21:20:06Z
21:20:18 upserted 173 -> vmimporteddata.raw.quotes (now 3198 rows)
21:25:05 invoices incremental 2026-07-07T21:25:05Z..2026-07-21T21:25:05Z
21:25:28 upserted 228 -> vmimporteddata.raw.invoices (now 2313 rows)
21:30:04 forms_logbook incremental 2026-07-07T21:30:04Z..2026-07-21T21:30:04Z
21:30:22 upserted 201 -> vmimporteddata.raw.forms_logbook (now 2844 rows)
2026-07-21 21:35:05,722 INFO token acquired; loading 2 entities
2026-07-21 21:35:05,743 INFO == purchaseorder/getall -> raw.purchase_orders ==
2026-07-21 21:35:31,851 INFO   loaded 881 rows -> vmimporteddata.raw.purchase_orders
2026-07-21 21:35:31,851 INFO == SubcontractorPurchaseOrder/GetAll -> raw.subcontractor_purchase_orders ==
2026-07-21 21:35:57,595 INFO   loaded 1205 rows -> vmimporteddata.raw.subcontractor_purchase_orders
2026-07-21 21:35:57,595 INFO === SUMMARY ===
2026-07-21 21:35:57,595 INFO   purchase_orders                 881  ok
2026-07-21 21:35:57,595 INFO   subcontractor_purchase_orders     1205  ok
00:20:06 quotes incremental 2026-07-08T00:20:06Z..2026-07-22T00:20:06Z
00:20:19 upserted 173 -> vmimporteddata.raw.quotes (now 3198 rows)
00:25:05 invoices incremental 2026-07-08T00:25:05Z..2026-07-22T00:25:05Z
00:25:24 upserted 215 -> vmimporteddata.raw.invoices (now 2313 rows)
00:30:05 forms_logbook incremental 2026-07-08T00:30:05Z..2026-07-22T00:30:05Z
00:30:20 upserted 202 -> vmimporteddata.raw.forms_logbook (now 2845 rows)
2026-07-22 00:35:05,484 INFO token acquired; loading 2 entities
2026-07-22 00:35:05,506 INFO == purchaseorder/getall -> raw.purchase_orders ==
2026-07-22 00:35:27,701 INFO   loaded 881 rows -> vmimporteddata.raw.purchase_orders
2026-07-22 00:35:27,701 INFO == SubcontractorPurchaseOrder/GetAll -> raw.subcontractor_purchase_orders ==
2026-07-22 00:35:55,284 INFO   loaded 1205 rows -> vmimporteddata.raw.subcontractor_purchase_orders
2026-07-22 00:35:55,284 INFO === SUMMARY ===
2026-07-22 00:35:55,284 INFO   purchase_orders                 881  ok
2026-07-22 00:35:55,284 INFO   subcontractor_purchase_orders     1205  ok
2026-07-22 02:00:06,663 INFO token acquired; loading 1 entities
2026-07-22 02:00:06,692 INFO == Job/getall -> raw.jobs ==
2026-07-22 02:14:11,084 INFO   loaded 34938 rows -> vmimporteddata.raw.jobs
2026-07-22 02:14:11,125 INFO === SUMMARY ===
2026-07-22 02:14:11,125 INFO   jobs                          34938  ok
2026-07-22 02:40:12,091 INFO token acquired; loading 2 entities
2026-07-22 02:40:12,134 INFO == Quote/GetAll -> raw.quotes ==
2026-07-22 02:41:19,571 INFO   loaded 3198 rows -> vmimporteddata.raw.quotes
2026-07-22 02:41:19,571 INFO == FormsLogbook/getall -> raw.forms_logbook ==
2026-07-22 02:42:01,331 INFO   loaded 2845 rows -> vmimporteddata.raw.forms_logbook
2026-07-22 02:42:01,332 INFO === SUMMARY ===
2026-07-22 02:42:01,332 INFO   quotes                         3198  ok
2026-07-22 02:42:01,332 INFO   forms_logbook                  2845  ok
02:55:07 INFO mode=incr quotes to fetch=33
Traceback (most recent call last):
  File "/opt/jl-loader/load_quote_types.py", line 169, in <module>
    main()
  File "/opt/jl-loader/load_quote_types.py", line 137, in main
    with open(OUT, "w") as f:
         ^^^^^^^^^^^^^^
PermissionError: [Errno 13] Permission denied: '/tmp/quote_types.jsonl'
2026-07-22 03:00:05,402 INFO token acquired; loading 8 entities
2026-07-22 03:00:05,421 INFO == Customer/GetAll -> raw.customers ==
2026-07-22 03:00:10,839 INFO   loaded 44 rows -> vmimporteddata.raw.customers
2026-07-22 03:00:10,839 INFO == Site/GetAll -> raw.sites ==
2026-07-22 03:00:18,198 INFO   loaded 145 rows -> vmimporteddata.raw.sites
2026-07-22 03:00:18,198 INFO == Staff/GetAll -> raw.staff ==
2026-07-22 03:00:21,941 INFO   loaded 96 rows -> vmimporteddata.raw.staff
2026-07-22 03:00:21,942 INFO == Supplier/GetAll -> raw.suppliers ==
2026-07-22 03:00:26,533 INFO   loaded 49 rows -> vmimporteddata.raw.suppliers
2026-07-22 03:00:26,533 INFO == Subcontractor/GetAll -> raw.subcontractors ==
2026-07-22 03:00:30,186 INFO   loaded 126 rows -> vmimporteddata.raw.subcontractors
2026-07-22 03:00:30,187 INFO == Asset/GetAll -> raw.assets ==
2026-07-22 03:04:23,326 INFO   loaded 13038 rows -> vmimporteddata.raw.assets
2026-07-22 03:04:23,346 INFO == Part/GetAll -> raw.parts ==
2026-07-22 03:04:52,898 INFO   loaded 1994 rows -> vmimporteddata.raw.parts
2026-07-22 03:04:52,898 INFO == Expense/GetAll -> raw.expenses ==
2026-07-22 03:04:55,921 INFO   loaded 55 rows -> vmimporteddata.raw.expenses
2026-07-22 03:04:55,922 INFO === SUMMARY ===
2026-07-22 03:04:55,922 INFO   customers                        44  ok
2026-07-22 03:04:55,922 INFO   sites                           145  ok
2026-07-22 03:04:55,922 INFO   staff                            96  ok
2026-07-22 03:04:55,922 INFO   suppliers                        49  ok
2026-07-22 03:04:55,922 INFO   subcontractors                  126  ok
2026-07-22 03:04:55,922 INFO   assets                        13038  ok
2026-07-22 03:04:55,922 INFO   parts                          1994  ok
2026-07-22 03:04:55,922 INFO   expenses                         55  ok
Waiting on bqjob_r34b7d27cada65122_0000019f87cd45f3_1 ... (0s) Current status: RUNNING                                                                                      Waiting on bqjob_r34b7d27cada65122_0000019f87cd45f3_1 ... (1s) Current status: RUNNING                                                                                      Waiting on bqjob_r34b7d27cada65122_0000019f87cd45f3_1 ... (1s) Current status: DONE   
CREATE TABLE IF NOT EXISTS `vmimporteddata.raw.quote_status_events` (
  quote_id     INT64,
  quote_number STRING,
  old_status   STRING,   -- NULL on the seed/first observation
  new_status   STRING,
  observed_at  TIMESTAMP
); -- at [6:1]
Skipped vmimporteddata.raw.quote_status_events

INSERT INTO `vmimporteddata.raw.quote_status_events` (quote_id, quote_number, old_status, new_status, observed_at)
WITH cur AS (
  SELECT Id AS quote_id,
         ANY_VALUE(QuoteNumber) AS quote_number,
         ANY_VALUE(QuoteStatusDescription) AS status
  FROM `vmimporteddata.raw.quotes`
  WHERE Id IS NOT NULL
  GROUP BY Id
),
last_seen AS (
  SELECT quote_id, new_status AS status
  FROM `vmimporteddata.raw.quote_status_events`
  QUALIFY ROW_NUMBER() OVER (PARTITION BY quote_id ORDER BY observed_at DESC) = 1
)
SELECT c.quote_id, c.quote_number, l.status, c.status, CURRENT_TIMESTAMP()
FROM cur c
LEFT JOIN last_seen l ON l.quote_id = c.quote_id
WHERE l.quote_id IS NULL                              -- new quote (seed)
   OR IFNULL(l.status, '') != IFNULL(c.status, ''); -- at [14:1]
Number of affected rows: 30

03:20:06 quotes incremental 2026-07-08T03:20:06Z..2026-07-22T03:20:06Z
03:20:30 upserted 173 -> vmimporteddata.raw.quotes (now 3198 rows)
03:25:05 invoices incremental 2026-07-08T03:25:05Z..2026-07-22T03:25:05Z
03:25:33 upserted 219 -> vmimporteddata.raw.invoices (now 2313 rows)
03:30:05 forms_logbook incremental 2026-07-08T03:30:05Z..2026-07-22T03:30:05Z
03:30:30 upserted 202 -> vmimporteddata.raw.forms_logbook (now 2845 rows)
2026-07-22 03:35:05,919 INFO token acquired; loading 2 entities
2026-07-22 03:35:05,939 INFO == purchaseorder/getall -> raw.purchase_orders ==
2026-07-22 03:36:14,319 INFO   loaded 881 rows -> vmimporteddata.raw.purchase_orders
2026-07-22 03:36:14,319 INFO == SubcontractorPurchaseOrder/GetAll -> raw.subcontractor_purchase_orders ==
2026-07-22 03:37:50,819 INFO   loaded 1205 rows -> vmimporteddata.raw.subcontractor_purchase_orders
2026-07-22 03:37:50,820 INFO === SUMMARY ===
2026-07-22 03:37:50,820 INFO   purchase_orders                 881  ok
2026-07-22 03:37:50,820 INFO   subcontractor_purchase_orders     1205  ok
2026-07-22 04:00:06,628 INFO token acquired; loading 1 entities
2026-07-22 04:00:06,648 INFO == Timesheet/GetAll -> raw.timesheets ==
2026-07-22 04:14:14,742 INFO   loaded 7904 rows -> vmimporteddata.raw.timesheets
2026-07-22 04:14:14,742 INFO === SUMMARY ===
2026-07-22 04:14:14,742 INFO   timesheets                     7904  ok
Upload complete.
Waiting on bqjob_r7ebc350b0f111115_0000019f8816bfa3_1 ... (0s) Current status: RUNNING                                                                                      Waiting on bqjob_r7ebc350b0f111115_0000019f8816bfa3_1 ... (1s) Current status: RUNNING                                                                                      Waiting on bqjob_r7ebc350b0f111115_0000019f8816bfa3_1 ... (1s) Current status: DONE   
audit sync done: 116947 lines
06:20:08 quotes incremental 2026-07-08T06:20:08Z..2026-07-22T06:20:08Z
06:20:25 upserted 173 -> vmimporteddata.raw.quotes (now 3198 rows)
06:25:06 invoices incremental 2026-07-08T06:25:06Z..2026-07-22T06:25:06Z
06:25:42 upserted 209 -> vmimporteddata.raw.invoices (now 2313 rows)
06:30:05 forms_logbook incremental 2026-07-08T06:30:05Z..2026-07-22T06:30:05Z
06:30:21 upserted 202 -> vmimporteddata.raw.forms_logbook (now 2845 rows)
2026-07-22 06:35:06,186 INFO token acquired; loading 2 entities
2026-07-22 06:35:06,207 INFO == purchaseorder/getall -> raw.purchase_orders ==
2026-07-22 06:35:49,220 INFO   loaded 881 rows -> vmimporteddata.raw.purchase_orders
2026-07-22 06:35:49,220 INFO == SubcontractorPurchaseOrder/GetAll -> raw.subcontractor_purchase_orders ==
2026-07-22 06:36:34,960 INFO   loaded 1205 rows -> vmimporteddata.raw.subcontractor_purchase_orders
2026-07-22 06:36:34,960 INFO === SUMMARY ===
2026-07-22 06:36:34,960 INFO   purchase_orders                 881  ok
2026-07-22 06:36:34,960 INFO   subcontractor_purchase_orders     1205  ok
07:00:09 jobs incremental 2026-07-19T07:00:09Z..2026-07-22T07:00:09Z
07:01:23 upserted 552 -> vmimporteddata.raw.jobs (now 34938 rows)
07:15:05 jobs incremental 2026-07-19T07:15:05Z..2026-07-22T07:15:05Z
07:16:21 upserted 553 -> vmimporteddata.raw.jobs (now 34938 rows)
07:30:06 jobs incremental 2026-07-19T07:30:06Z..2026-07-22T07:30:06Z
07:30:54 upserted 555 -> vmimporteddata.raw.jobs (now 34938 rows)
07:45:06 jobs incremental 2026-07-19T07:45:06Z..2026-07-22T07:45:06Z
07:45:48 upserted 556 -> vmimporteddata.raw.jobs (now 34938 rows)
08:00:05 jobs incremental 2026-07-19T08:00:05Z..2026-07-22T08:00:05Z
08:02:07 upserted 558 -> vmimporteddata.raw.jobs (now 34938 rows)
08:15:05 jobs incremental 2026-07-19T08:15:05Z..2026-07-22T08:15:05Z
08:16:14 upserted 559 -> vmimporteddata.raw.jobs (now 34940 rows)
08:30:06 jobs incremental 2026-07-19T08:30:06Z..2026-07-22T08:30:06Z
08:31:18 upserted 559 -> vmimporteddata.raw.jobs (now 34940 rows)
08:45:05 jobs incremental 2026-07-19T08:45:05Z..2026-07-22T08:45:05Z
08:46:49 upserted 564 -> vmimporteddata.raw.jobs (now 34941 rows)
09:00:05 jobs incremental 2026-07-19T09:00:05Z..2026-07-22T09:00:05Z
09:01:41 upserted 566 -> vmimporteddata.raw.jobs (now 34942 rows)
09:15:06 jobs incremental 2026-07-19T09:15:06Z..2026-07-22T09:15:06Z
09:16:30 upserted 589 -> vmimporteddata.raw.jobs (now 34965 rows)
09:20:05 quotes incremental 2026-07-08T09:20:05Z..2026-07-22T09:20:05Z
09:20:34 upserted 171 -> vmimporteddata.raw.quotes (now 3199 rows)
09:25:05 invoices incremental 2026-07-08T09:25:05Z..2026-07-22T09:25:05Z
09:25:35 upserted 211 -> vmimporteddata.raw.invoices (now 2314 rows)
09:30:07 jobs incremental 2026-07-19T09:30:07Z..2026-07-22T09:30:07Z
09:30:07 forms_logbook incremental 2026-07-08T09:30:07Z..2026-07-22T09:30:07Z
09:30:23 upserted 199 -> vmimporteddata.raw.forms_logbook (now 2847 rows)
09:31:03 upserted 590 -> vmimporteddata.raw.jobs (now 34966 rows)
2026-07-22 09:35:05,739 INFO token acquired; loading 2 entities
2026-07-22 09:35:05,759 INFO == purchaseorder/getall -> raw.purchase_orders ==
2026-07-22 09:35:37,530 INFO   loaded 881 rows -> vmimporteddata.raw.purchase_orders
2026-07-22 09:35:37,530 INFO == SubcontractorPurchaseOrder/GetAll -> raw.subcontractor_purchase_orders ==
2026-07-22 09:36:30,759 INFO   loaded 1205 rows -> vmimporteddata.raw.subcontractor_purchase_orders
2026-07-22 09:36:30,759 INFO === SUMMARY ===
2026-07-22 09:36:30,760 INFO   purchase_orders                 881  ok
2026-07-22 09:36:30,760 INFO   subcontractor_purchase_orders     1205  ok
09:45:05 jobs incremental 2026-07-19T09:45:05Z..2026-07-22T09:45:05Z
09:45:48 upserted 590 -> vmimporteddata.raw.jobs (now 34966 rows)
10:00:05 jobs incremental 2026-07-19T10:00:05Z..2026-07-22T10:00:05Z
10:01:31 upserted 590 -> vmimporteddata.raw.jobs (now 34967 rows)
10:15:05 jobs incremental 2026-07-19T10:15:05Z..2026-07-22T10:15:05Z
10:16:07 upserted 590 -> vmimporteddata.raw.jobs (now 34967 rows)
10:30:05 jobs incremental 2026-07-19T10:30:05Z..2026-07-22T10:30:05Z
10:31:11 upserted 633 -> vmimporteddata.raw.jobs (now 34970 rows)
10:45:06 jobs incremental 2026-07-19T10:45:06Z..2026-07-22T10:45:06Z
10:46:15 upserted 670 -> vmimporteddata.raw.jobs (now 34985 rows)
11:00:05 jobs incremental 2026-07-19T11:00:05Z..2026-07-22T11:00:05Z
11:01:32 upserted 683 -> vmimporteddata.raw.jobs (now 34985 rows)
11:15:06 jobs incremental 2026-07-19T11:15:06Z..2026-07-22T11:15:06Z
11:16:05 upserted 691 -> vmimporteddata.raw.jobs (now 34986 rows)
11:30:07 jobs incremental 2026-07-19T11:30:07Z..2026-07-22T11:30:07Z
11:31:13 upserted 716 -> vmimporteddata.raw.jobs (now 35001 rows)
11:45:05 jobs incremental 2026-07-19T11:45:05Z..2026-07-22T11:45:05Z
11:47:04 upserted 765 -> vmimporteddata.raw.jobs (now 35002 rows)
12:00:07 jobs incremental 2026-07-19T12:00:07Z..2026-07-22T12:00:07Z
12:02:14 upserted 787 -> vmimporteddata.raw.jobs (now 35005 rows)
12:15:06 jobs incremental 2026-07-19T12:15:06Z..2026-07-22T12:15:06Z
12:16:10 upserted 793 -> vmimporteddata.raw.jobs (now 35006 rows)
12:20:05 quotes incremental 2026-07-08T12:20:05Z..2026-07-22T12:20:05Z
12:20:19 upserted 172 -> vmimporteddata.raw.quotes (now 3207 rows)
12:25:04 invoices incremental 2026-07-08T12:25:04Z..2026-07-22T12:25:04Z
12:25:24 upserted 211 -> vmimporteddata.raw.invoices (now 2315 rows)
12:30:07 forms_logbook incremental 2026-07-08T12:30:07Z..2026-07-22T12:30:07Z
12:30:07 jobs incremental 2026-07-19T12:30:07Z..2026-07-22T12:30:07Z
12:30:25 upserted 195 -> vmimporteddata.raw.forms_logbook (now 2849 rows)
12:31:05 upserted 844 -> vmimporteddata.raw.jobs (now 35006 rows)
2026-07-22 12:35:06,007 INFO token acquired; loading 2 entities
2026-07-22 12:35:06,030 INFO == purchaseorder/getall -> raw.purchase_orders ==
2026-07-22 12:36:16,876 INFO   loaded 881 rows -> vmimporteddata.raw.purchase_orders
2026-07-22 12:36:16,876 INFO == SubcontractorPurchaseOrder/GetAll -> raw.subcontractor_purchase_orders ==
2026-07-22 12:36:54,283 INFO   loaded 1209 rows -> vmimporteddata.raw.subcontractor_purchase_orders
2026-07-22 12:36:54,283 INFO === SUMMARY ===
2026-07-22 12:36:54,283 INFO   purchase_orders                 881  ok
2026-07-22 12:36:54,283 INFO   subcontractor_purchase_orders     1209  ok
12:45:06 jobs incremental 2026-07-19T12:45:06Z..2026-07-22T12:45:06Z
12:46:22 upserted 860 -> vmimporteddata.raw.jobs (now 35007 rows)
13:00:06 jobs incremental 2026-07-19T13:00:06Z..2026-07-22T13:00:06Z
13:01:52 upserted 863 -> vmimporteddata.raw.jobs (now 35008 rows)
13:15:06 jobs incremental 2026-07-19T13:15:06Z..2026-07-22T13:15:06Z
13:16:04 upserted 863 -> vmimporteddata.raw.jobs (now 35008 rows)
13:30:06 jobs incremental 2026-07-19T13:30:06Z..2026-07-22T13:30:06Z
13:31:06 upserted 867 -> vmimporteddata.raw.jobs (now 35011 rows)
13:45:06 jobs incremental 2026-07-19T13:45:06Z..2026-07-22T13:45:06Z
13:46:35 upserted 870 -> vmimporteddata.raw.jobs (now 35013 rows)
14:00:06 jobs incremental 2026-07-19T14:00:06Z..2026-07-22T14:00:06Z
14:02:37 upserted 872 -> vmimporteddata.raw.jobs (now 35015 rows)
14:15:05 jobs incremental 2026-07-19T14:15:05Z..2026-07-22T14:15:05Z
14:16:26 upserted 872 -> vmimporteddata.raw.jobs (now 35015 rows)
14:30:05 jobs incremental 2026-07-19T14:30:05Z..2026-07-22T14:30:05Z
14:31:19 upserted 875 -> vmimporteddata.raw.jobs (now 35016 rows)
14:45:05 jobs incremental 2026-07-19T14:45:05Z..2026-07-22T14:45:05Z
14:46:17 upserted 877 -> vmimporteddata.raw.jobs (now 35018 rows)
15:00:06 jobs incremental 2026-07-19T15:00:06Z..2026-07-22T15:00:06Z
15:03:35 upserted 877 -> vmimporteddata.raw.jobs (now 35018 rows)
15:15:06 jobs incremental 2026-07-19T15:15:06Z..2026-07-22T15:15:06Z
15:16:31 upserted 883 -> vmimporteddata.raw.jobs (now 35022 rows)
15:20:05 quotes incremental 2026-07-08T15:20:05Z..2026-07-22T15:20:05Z
15:20:19 upserted 180 -> vmimporteddata.raw.quotes (now 3216 rows)
15:25:05 invoices incremental 2026-07-08T15:25:05Z..2026-07-22T15:25:05Z
15:25:25 upserted 207 -> vmimporteddata.raw.invoices (now 2315 rows)
15:30:10 forms_logbook incremental 2026-07-08T15:30:10Z..2026-07-22T15:30:10Z
15:30:10 jobs incremental 2026-07-19T15:30:10Z..2026-07-22T15:30:10Z
15:30:29 upserted 190 -> vmimporteddata.raw.forms_logbook (now 2853 rows)
15:32:02 upserted 885 -> vmimporteddata.raw.jobs (now 35023 rows)
2026-07-22 15:35:05,930 INFO token acquired; loading 2 entities
2026-07-22 15:35:05,955 INFO == purchaseorder/getall -> raw.purchase_orders ==
2026-07-22 15:36:03,452 INFO   loaded 884 rows -> vmimporteddata.raw.purchase_orders
2026-07-22 15:36:03,452 INFO == SubcontractorPurchaseOrder/GetAll -> raw.subcontractor_purchase_orders ==
2026-07-22 15:37:36,727 INFO   loaded 1209 rows -> vmimporteddata.raw.subcontractor_purchase_orders
2026-07-22 15:37:36,727 INFO === SUMMARY ===
2026-07-22 15:37:36,727 INFO   purchase_orders                 884  ok
2026-07-22 15:37:36,727 INFO   subcontractor_purchase_orders     1209  ok
15:45:06 jobs incremental 2026-07-19T15:45:06Z..2026-07-22T15:45:06Z
15:47:14 upserted 886 -> vmimporteddata.raw.jobs (now 35024 rows)
16:00:06 jobs incremental 2026-07-19T16:00:06Z..2026-07-22T16:00:06Z
16:02:06 upserted 917 -> vmimporteddata.raw.jobs (now 35055 rows)
16:15:06 jobs incremental 2026-07-19T16:15:06Z..2026-07-22T16:15:06Z
16:16:12 upserted 919 -> vmimporteddata.raw.jobs (now 35056 rows)
16:30:05 jobs incremental 2026-07-19T16:30:05Z..2026-07-22T16:30:05Z
16:31:10 upserted 919 -> vmimporteddata.raw.jobs (now 35056 rows)
16:45:04 jobs incremental 2026-07-19T16:45:04Z..2026-07-22T16:45:04Z
16:46:24 upserted 919 -> vmimporteddata.raw.jobs (now 35056 rows)
17:00:06 jobs incremental 2026-07-19T17:00:06Z..2026-07-22T17:00:06Z
17:01:32 upserted 920 -> vmimporteddata.raw.jobs (now 35057 rows)
17:15:05 jobs incremental 2026-07-19T17:15:05Z..2026-07-22T17:15:05Z
17:15:55 upserted 920 -> vmimporteddata.raw.jobs (now 35057 rows)
17:30:05 jobs incremental 2026-07-19T17:30:05Z..2026-07-22T17:30:05Z
17:31:07 upserted 920 -> vmimporteddata.raw.jobs (now 35057 rows)
17:45:06 jobs incremental 2026-07-19T17:45:06Z..2026-07-22T17:45:06Z
17:45:51 upserted 920 -> vmimporteddata.raw.jobs (now 35057 rows)
18:00:05 jobs incremental 2026-07-19T18:00:05Z..2026-07-22T18:00:05Z
18:01:26 upserted 920 -> vmimporteddata.raw.jobs (now 35057 rows)
18:15:05 jobs incremental 2026-07-19T18:15:05Z..2026-07-22T18:15:05Z
18:15:58 upserted 920 -> vmimporteddata.raw.jobs (now 35057 rows)
18:20:05 quotes incremental 2026-07-08T18:20:05Z..2026-07-22T18:20:05Z
18:20:17 upserted 181 -> vmimporteddata.raw.quotes (now 3221 rows)
18:25:05 invoices incremental 2026-07-08T18:25:05Z..2026-07-22T18:25:05Z
18:25:22 upserted 233 -> vmimporteddata.raw.invoices (now 2318 rows)
18:30:07 forms_logbook incremental 2026-07-08T18:30:07Z..2026-07-22T18:30:07Z
18:30:07 jobs incremental 2026-07-19T18:30:07Z..2026-07-22T18:30:07Z
18:30:21 upserted 190 -> vmimporteddata.raw.forms_logbook (now 2853 rows)
18:30:55 upserted 920 -> vmimporteddata.raw.jobs (now 35057 rows)
2026-07-22 18:35:05,804 INFO token acquired; loading 2 entities
2026-07-22 18:35:05,824 INFO == purchaseorder/getall -> raw.purchase_orders ==
2026-07-22 18:35:26,826 INFO   loaded 885 rows -> vmimporteddata.raw.purchase_orders
2026-07-22 18:35:26,827 INFO == SubcontractorPurchaseOrder/GetAll -> raw.subcontractor_purchase_orders ==
2026-07-22 18:35:59,408 INFO   loaded 1209 rows -> vmimporteddata.raw.subcontractor_purchase_orders
2026-07-22 18:35:59,409 INFO === SUMMARY ===
2026-07-22 18:35:59,409 INFO   purchase_orders                 885  ok
2026-07-22 18:35:59,409 INFO   subcontractor_purchase_orders     1209  ok
18:45:05 jobs incremental 2026-07-19T18:45:05Z..2026-07-22T18:45:05Z
18:46:04 upserted 920 -> vmimporteddata.raw.jobs (now 35057 rows)
19:00:06 jobs incremental 2026-07-19T19:00:06Z..2026-07-22T19:00:06Z
19:01:00 upserted 920 -> vmimporteddata.raw.jobs (now 35057 rows)
19:15:05 jobs incremental 2026-07-19T19:15:05Z..2026-07-22T19:15:05Z
19:16:10 upserted 920 -> vmimporteddata.raw.jobs (now 35057 rows)
19:30:05 jobs incremental 2026-07-19T19:30:05Z..2026-07-22T19:30:05Z
19:31:09 upserted 921 -> vmimporteddata.raw.jobs (now 35057 rows)
19:45:05 jobs incremental 2026-07-19T19:45:05Z..2026-07-22T19:45:05Z
19:45:59 upserted 921 -> vmimporteddata.raw.jobs (now 35057 rows)
21:20:06 quotes incremental 2026-07-08T21:20:06Z..2026-07-22T21:20:06Z
21:20:37 upserted 181 -> vmimporteddata.raw.quotes (now 3222 rows)
21:25:04 invoices incremental 2026-07-08T21:25:04Z..2026-07-22T21:25:04Z
21:25:22 upserted 233 -> vmimporteddata.raw.invoices (now 2318 rows)
21:30:05 forms_logbook incremental 2026-07-08T21:30:05Z..2026-07-22T21:30:05Z
21:30:18 upserted 191 -> vmimporteddata.raw.forms_logbook (now 2854 rows)
2026-07-22 21:35:04,916 INFO token acquired; loading 2 entities
2026-07-22 21:35:04,937 INFO == purchaseorder/getall -> raw.purchase_orders ==
2026-07-22 21:35:38,146 INFO   loaded 885 rows -> vmimporteddata.raw.purchase_orders
2026-07-22 21:35:38,147 INFO == SubcontractorPurchaseOrder/GetAll -> raw.subcontractor_purchase_orders ==
2026-07-22 21:36:39,795 INFO   loaded 1209 rows -> vmimporteddata.raw.subcontractor_purchase_orders
2026-07-22 21:36:39,796 INFO === SUMMARY ===
2026-07-22 21:36:39,796 INFO   purchase_orders                 885  ok
2026-07-22 21:36:39,796 INFO   subcontractor_purchase_orders     1209  ok
00:20:06 quotes incremental 2026-07-09T00:20:06Z..2026-07-23T00:20:06Z
00:20:17 upserted 181 -> vmimporteddata.raw.quotes (now 3222 rows)
00:25:05 invoices incremental 2026-07-09T00:25:05Z..2026-07-23T00:25:05Z
00:25:22 upserted 232 -> vmimporteddata.raw.invoices (now 2318 rows)
00:30:05 forms_logbook incremental 2026-07-09T00:30:05Z..2026-07-23T00:30:05Z
00:30:17 upserted 192 -> vmimporteddata.raw.forms_logbook (now 2855 rows)
2026-07-23 00:35:06,453 INFO token acquired; loading 2 entities
2026-07-23 00:35:06,476 INFO == purchaseorder/getall -> raw.purchase_orders ==
2026-07-23 00:35:33,050 INFO   loaded 885 rows -> vmimporteddata.raw.purchase_orders
2026-07-23 00:35:33,050 INFO == SubcontractorPurchaseOrder/GetAll -> raw.subcontractor_purchase_orders ==
2026-07-23 00:36:14,425 INFO   loaded 1209 rows -> vmimporteddata.raw.subcontractor_purchase_orders
2026-07-23 00:36:14,425 INFO === SUMMARY ===
2026-07-23 00:36:14,425 INFO   purchase_orders                 885  ok
2026-07-23 00:36:14,425 INFO   subcontractor_purchase_orders     1209  ok
2026-07-23 02:00:07,699 INFO token acquired; loading 1 entities
2026-07-23 02:00:07,736 INFO == Job/getall -> raw.jobs ==
2026-07-23 02:04:15,487 WARNING HTTP 503 on https://api.joblogic.com/api/v1/Job/getall p61 (try 1/5) — wait 2s
2026-07-23 02:15:00,555 INFO   loaded 35057 rows -> vmimporteddata.raw.jobs
2026-07-23 02:15:00,598 INFO === SUMMARY ===
2026-07-23 02:15:00,598 INFO   jobs                          35057  ok
2026-07-23 02:40:10,869 INFO token acquired; loading 2 entities
2026-07-23 02:40:10,910 INFO == Quote/GetAll -> raw.quotes ==
2026-07-23 02:41:08,711 INFO   loaded 3221 rows -> vmimporteddata.raw.quotes
2026-07-23 02:41:08,711 INFO == FormsLogbook/getall -> raw.forms_logbook ==
2026-07-23 02:41:56,511 INFO   loaded 2855 rows -> vmimporteddata.raw.forms_logbook
2026-07-23 02:41:56,512 INFO === SUMMARY ===
2026-07-23 02:41:56,512 INFO   quotes                         3221  ok
2026-07-23 02:41:56,512 INFO   forms_logbook                  2855  ok
02:55:06 INFO mode=incr quotes to fetch=56
Traceback (most recent call last):
  File "/opt/jl-loader/load_quote_types.py", line 169, in <module>
    main()
  File "/opt/jl-loader/load_quote_types.py", line 137, in main
    with open(OUT, "w") as f:
         ^^^^^^^^^^^^^^
PermissionError: [Errno 13] Permission denied: '/tmp/quote_types.jsonl'
2026-07-23 03:00:05,819 INFO token acquired; loading 8 entities
2026-07-23 03:00:05,838 INFO == Customer/GetAll -> raw.customers ==
2026-07-23 03:00:10,205 INFO   loaded 44 rows -> vmimporteddata.raw.customers
2026-07-23 03:00:10,205 INFO == Site/GetAll -> raw.sites ==
2026-07-23 03:00:26,252 INFO   loaded 145 rows -> vmimporteddata.raw.sites
2026-07-23 03:00:26,252 INFO == Staff/GetAll -> raw.staff ==
2026-07-23 03:00:29,960 INFO   loaded 96 rows -> vmimporteddata.raw.staff
2026-07-23 03:00:29,960 INFO == Supplier/GetAll -> raw.suppliers ==
2026-07-23 03:00:33,078 INFO   loaded 50 rows -> vmimporteddata.raw.suppliers
2026-07-23 03:00:33,078 INFO == Subcontractor/GetAll -> raw.subcontractors ==
2026-07-23 03:00:37,425 INFO   loaded 126 rows -> vmimporteddata.raw.subcontractors
2026-07-23 03:00:37,425 INFO == Asset/GetAll -> raw.assets ==
2026-07-23 03:04:44,807 INFO   loaded 13038 rows -> vmimporteddata.raw.assets
2026-07-23 03:04:44,807 INFO == Part/GetAll -> raw.parts ==
2026-07-23 03:05:15,225 INFO   loaded 1997 rows -> vmimporteddata.raw.parts
2026-07-23 03:05:15,225 INFO == Expense/GetAll -> raw.expenses ==
2026-07-23 03:05:18,562 INFO   loaded 56 rows -> vmimporteddata.raw.expenses
2026-07-23 03:05:18,562 INFO === SUMMARY ===
2026-07-23 03:05:18,562 INFO   customers                        44  ok
2026-07-23 03:05:18,562 INFO   sites                           145  ok
2026-07-23 03:05:18,562 INFO   staff                            96  ok
2026-07-23 03:05:18,562 INFO   suppliers                        50  ok
2026-07-23 03:05:18,562 INFO   subcontractors                  126  ok
2026-07-23 03:05:18,562 INFO   assets                        13038  ok
2026-07-23 03:05:18,562 INFO   parts                          1997  ok
2026-07-23 03:05:18,562 INFO   expenses                         56  ok
Waiting on bqjob_r3128ee02efca6919_0000019f8cf3a28a_1 ... (0s) Current status: RUNNING                                                                                      Waiting on bqjob_r3128ee02efca6919_0000019f8cf3a28a_1 ... (1s) Current status: RUNNING                                                                                      Waiting on bqjob_r3128ee02efca6919_0000019f8cf3a28a_1 ... (1s) Current status: DONE   
CREATE TABLE IF NOT EXISTS `vmimporteddata.raw.quote_status_events` (
  quote_id     INT64,
  quote_number STRING,
  old_status   STRING,   -- NULL on the seed/first observation
  new_status   STRING,
  observed_at  TIMESTAMP
); -- at [6:1]
Skipped vmimporteddata.raw.quote_status_events

INSERT INTO `vmimporteddata.raw.quote_status_events` (quote_id, quote_number, old_status, new_status, observed_at)
WITH cur AS (
  SELECT Id AS quote_id,
         ANY_VALUE(QuoteNumber) AS quote_number,
         ANY_VALUE(QuoteStatusDescription) AS status
  FROM `vmimporteddata.raw.quotes`
  WHERE Id IS NOT NULL
  GROUP BY Id
),
last_seen AS (
  SELECT quote_id, new_status AS status
  FROM `vmimporteddata.raw.quote_status_events`
  QUALIFY ROW_NUMBER() OVER (PARTITION BY quote_id ORDER BY observed_at DESC) = 1
)
SELECT c.quote_id, c.quote_number, l.status, c.status, CURRENT_TIMESTAMP()
FROM cur c
LEFT JOIN last_seen l ON l.quote_id = c.quote_id
WHERE l.quote_id IS NULL                              -- new quote (seed)
   OR IFNULL(l.status, '') != IFNULL(c.status, ''); -- at [14:1]
Number of affected rows: 46

03:20:05 quotes incremental 2026-07-09T03:20:05Z..2026-07-23T03:20:05Z
03:20:20 upserted 181 -> vmimporteddata.raw.quotes (now 3221 rows)
03:25:05 invoices incremental 2026-07-09T03:25:05Z..2026-07-23T03:25:05Z
03:25:40 upserted 233 -> vmimporteddata.raw.invoices (now 2318 rows)
03:30:04 forms_logbook incremental 2026-07-09T03:30:04Z..2026-07-23T03:30:04Z
03:30:34 upserted 192 -> vmimporteddata.raw.forms_logbook (now 2855 rows)
2026-07-23 03:35:05,358 INFO token acquired; loading 2 entities
2026-07-23 03:35:05,378 INFO == purchaseorder/getall -> raw.purchase_orders ==
2026-07-23 03:36:27,762 INFO   loaded 885 rows -> vmimporteddata.raw.purchase_orders
2026-07-23 03:36:27,762 INFO == SubcontractorPurchaseOrder/GetAll -> raw.subcontractor_purchase_orders ==
2026-07-23 03:37:54,105 INFO   loaded 1209 rows -> vmimporteddata.raw.subcontractor_purchase_orders
2026-07-23 03:37:54,105 INFO === SUMMARY ===
2026-07-23 03:37:54,106 INFO   purchase_orders                 885  ok
2026-07-23 03:37:54,106 INFO   subcontractor_purchase_orders     1209  ok
2026-07-23 04:00:05,391 INFO token acquired; loading 1 entities
2026-07-23 04:00:05,429 INFO == Timesheet/GetAll -> raw.timesheets ==
2026-07-23 04:13:22,658 INFO   loaded 7904 rows -> vmimporteddata.raw.timesheets
2026-07-23 04:13:22,658 INFO === SUMMARY ===
2026-07-23 04:13:22,658 INFO   timesheets                     7904  ok
Upload complete.
Waiting on bqjob_r33aa98da382536c7_0000019f8d3d1ed0_1 ... (0s) Current status: RUNNING                                                                                      Waiting on bqjob_r33aa98da382536c7_0000019f8d3d1ed0_1 ... (1s) Current status: RUNNING                                                                                      Waiting on bqjob_r33aa98da382536c7_0000019f8d3d1ed0_1 ... (2s) Current status: RUNNING                                                                                      Waiting on bqjob_r33aa98da382536c7_0000019f8d3d1ed0_1 ... (3s) Current status: RUNNING                                                                                      Waiting on bqjob_r33aa98da382536c7_0000019f8d3d1ed0_1 ... (3s) Current status: DONE   
audit sync done: 117366 lines
06:20:05 quotes incremental 2026-07-09T06:20:05Z..2026-07-23T06:20:05Z
06:20:22 upserted 181 -> vmimporteddata.raw.quotes (now 3221 rows)
06:25:05 invoices incremental 2026-07-09T06:25:05Z..2026-07-23T06:25:05Z
06:25:25 upserted 229 -> vmimporteddata.raw.invoices (now 2318 rows)
06:30:05 forms_logbook incremental 2026-07-09T06:30:05Z..2026-07-23T06:30:05Z
06:30:22 upserted 192 -> vmimporteddata.raw.forms_logbook (now 2855 rows)
2026-07-23 06:35:05,878 INFO token acquired; loading 2 entities
2026-07-23 06:35:05,905 INFO == purchaseorder/getall -> raw.purchase_orders ==
2026-07-23 06:35:36,416 INFO   loaded 885 rows -> vmimporteddata.raw.purchase_orders
2026-07-23 06:35:36,416 INFO == SubcontractorPurchaseOrder/GetAll -> raw.subcontractor_purchase_orders ==
2026-07-23 06:36:24,048 INFO   loaded 1209 rows -> vmimporteddata.raw.subcontractor_purchase_orders
2026-07-23 06:36:24,048 INFO === SUMMARY ===
2026-07-23 06:36:24,048 INFO   purchase_orders                 885  ok
2026-07-23 06:36:24,048 INFO   subcontractor_purchase_orders     1209  ok
07:00:07 jobs incremental 2026-07-20T07:00:07Z..2026-07-23T07:00:07Z
07:01:51 upserted 907 -> vmimporteddata.raw.jobs (now 35057 rows)
07:15:06 jobs incremental 2026-07-20T07:15:06Z..2026-07-23T07:15:06Z
07:18:11 upserted 904 -> vmimporteddata.raw.jobs (now 35058 rows)
07:30:05 jobs incremental 2026-07-20T07:30:05Z..2026-07-23T07:30:05Z
Traceback (most recent call last):
  File "/opt/jl-loader/venv/lib/python3.11/site-packages/urllib3/connectionpool.py", line 534, in _make_request
    response = conn.getresponse()
               ^^^^^^^^^^^^^^^^^^
  File "/opt/jl-loader/venv/lib/python3.11/site-packages/urllib3/connection.py", line 571, in getresponse
    httplib_response = super().getresponse()
                       ^^^^^^^^^^^^^^^^^^^^^
  File "/usr/lib/python3.11/http/client.py", line 1394, in getresponse
    response.begin()
  File "/usr/lib/python3.11/http/client.py", line 323, in begin
    version, status, reason = self._read_status()
                              ^^^^^^^^^^^^^^^^^^^
  File "/usr/lib/python3.11/http/client.py", line 284, in _read_status
    line = str(self.fp.readline(_MAXLINE + 1), "iso-8859-1")
               ^^^^^^^^^^^^^^^^^^^^^^^^^^^^^^
  File "/usr/lib/python3.11/socket.py", line 706, in readinto
    return self._sock.recv_into(b)
           ^^^^^^^^^^^^^^^^^^^^^^^
  File "/usr/lib/python3.11/ssl.py", line 1311, in recv_into
    return self.read(nbytes, buffer)
           ^^^^^^^^^^^^^^^^^^^^^^^^^
  File "/usr/lib/python3.11/ssl.py", line 1167, in read
    return self._sslobj.read(len, buffer)
           ^^^^^^^^^^^^^^^^^^^^^^^^^^^^^^
TimeoutError: The read operation timed out

The above exception was the direct cause of the following exception:

Traceback (most recent call last):
  File "/opt/jl-loader/venv/lib/python3.11/site-packages/requests/adapters.py", line 696, in send
    resp = conn.urlopen(
           ^^^^^^^^^^^^^
  File "/opt/jl-loader/venv/lib/python3.11/site-packages/urllib3/connectionpool.py", line 842, in urlopen
    retries = retries.increment(
              ^^^^^^^^^^^^^^^^^^
  File "/opt/jl-loader/venv/lib/python3.11/site-packages/urllib3/util/retry.py", line 498, in increment
    raise reraise(type(error), error, _stacktrace)
          ^^^^^^^^^^^^^^^^^^^^^^^^^^^^^^^^^^^^^^^^
  File "/opt/jl-loader/venv/lib/python3.11/site-packages/urllib3/util/util.py", line 39, in reraise
    raise value
  File "/opt/jl-loader/venv/lib/python3.11/site-packages/urllib3/connectionpool.py", line 788, in urlopen
    response = self._make_request(
               ^^^^^^^^^^^^^^^^^^^
  File "/opt/jl-loader/venv/lib/python3.11/site-packages/urllib3/connectionpool.py", line 536, in _make_request
    self._raise_timeout(err=e, url=url, timeout_value=read_timeout)
  File "/opt/jl-loader/venv/lib/python3.11/site-packages/urllib3/connectionpool.py", line 367, in _raise_timeout
    raise ReadTimeoutError(
urllib3.exceptions.ReadTimeoutError: HTTPSConnectionPool(host='api.joblogic.com', port=443): Read timed out. (read timeout=60)

During handling of the above exception, another exception occurred:

Traceback (most recent call last):
  File "/opt/jl-loader/load_incremental.py", line 129, in <module>
    main()
  File "/opt/jl-loader/load_incremental.py", line 110, in main
    rows = gather([(frm, to)])
           ^^^^^^^^^^^^^^^^^^^
  File "/opt/jl-loader/load_incremental.py", line 76, in gather
    for r in fetch(sf, ef, frm, to):
             ^^^^^^^^^^^^^^^^^^^^^^
  File "/opt/jl-loader/load_incremental.py", line 59, in fetch
    r = requests.post(f"{BASE}/{CFG['path']}", json=body,
        ^^^^^^^^^^^^^^^^^^^^^^^^^^^^^^^^^^^^^^^^^^^^^^^^^
  File "/opt/jl-loader/venv/lib/python3.11/site-packages/requests/api.py", line 134, in post
    return request("post", url, data=data, json=json, **kwargs)
           ^^^^^^^^^^^^^^^^^^^^^^^^^^^^^^^^^^^^^^^^^^^^^^^^^^^^
  File "/opt/jl-loader/venv/lib/python3.11/site-packages/requests/api.py", line 71, in request
    return session.request(method=method, url=url, **kwargs)
           ^^^^^^^^^^^^^^^^^^^^^^^^^^^^^^^^^^^^^^^^^^^^^^^^^
  File "/opt/jl-loader/venv/lib/python3.11/site-packages/requests/sessions.py", line 651, in request
    resp = self.send(prep, **send_kwargs)
           ^^^^^^^^^^^^^^^^^^^^^^^^^^^^^^
  File "/opt/jl-loader/venv/lib/python3.11/site-packages/requests/sessions.py", line 784, in send
    r = adapter.send(request, **kwargs)
        ^^^^^^^^^^^^^^^^^^^^^^^^^^^^^^^
  File "/opt/jl-loader/venv/lib/python3.11/site-packages/requests/adapters.py", line 742, in send
    raise ReadTimeout(e, request=request)
requests.exceptions.ReadTimeout: HTTPSConnectionPool(host='api.joblogic.com', port=443): Read timed out. (read timeout=60)
07:45:05 jobs incremental 2026-07-20T07:45:05Z..2026-07-23T07:45:05Z
07:46:48 upserted 898 -> vmimporteddata.raw.jobs (now 35058 rows)
08:00:06 jobs incremental 2026-07-20T08:00:06Z..2026-07-23T08:00:06Z
08:02:27 upserted 898 -> vmimporteddata.raw.jobs (now 35058 rows)
08:15:06 jobs incremental 2026-07-20T08:15:06Z..2026-07-23T08:15:06Z
08:16:30 upserted 898 -> vmimporteddata.raw.jobs (now 35059 rows)
08:30:06 jobs incremental 2026-07-20T08:30:06Z..2026-07-23T08:30:06Z
08:31:22 upserted 892 -> vmimporteddata.raw.jobs (now 35060 rows)
08:45:05 jobs incremental 2026-07-20T08:45:05Z..2026-07-23T08:45:05Z
08:46:37 upserted 886 -> vmimporteddata.raw.jobs (now 35060 rows)
09:00:05 jobs incremental 2026-07-20T09:00:05Z..2026-07-23T09:00:05Z
09:02:30 upserted 891 -> vmimporteddata.raw.jobs (now 35076 rows)
09:15:06 jobs incremental 2026-07-20T09:15:06Z..2026-07-23T09:15:06Z
09:16:40 upserted 885 -> vmimporteddata.raw.jobs (now 35077 rows)
09:20:06 quotes incremental 2026-07-09T09:20:06Z..2026-07-23T09:20:06Z
09:20:28 upserted 181 -> vmimporteddata.raw.quotes (now 3222 rows)
09:25:05 invoices incremental 2026-07-09T09:25:05Z..2026-07-23T09:25:05Z
09:25:29 upserted 226 -> vmimporteddata.raw.invoices (now 2318 rows)
09:30:07 forms_logbook incremental 2026-07-09T09:30:07Z..2026-07-23T09:30:07Z
09:30:07 jobs incremental 2026-07-20T09:30:07Z..2026-07-23T09:30:07Z
09:30:26 upserted 192 -> vmimporteddata.raw.forms_logbook (now 2855 rows)
09:31:29 upserted 886 -> vmimporteddata.raw.jobs (now 35078 rows)
2026-07-23 09:35:06,311 INFO token acquired; loading 2 entities
2026-07-23 09:35:06,340 INFO == purchaseorder/getall -> raw.purchase_orders ==
2026-07-23 09:35:40,864 INFO   loaded 885 rows -> vmimporteddata.raw.purchase_orders
2026-07-23 09:35:40,864 INFO == SubcontractorPurchaseOrder/GetAll -> raw.subcontractor_purchase_orders ==
2026-07-23 09:36:50,722 INFO   loaded 1209 rows -> vmimporteddata.raw.subcontractor_purchase_orders
2026-07-23 09:36:50,722 INFO === SUMMARY ===
2026-07-23 09:36:50,722 INFO   purchase_orders                 885  ok
2026-07-23 09:36:50,722 INFO   subcontractor_purchase_orders     1209  ok
09:45:06 jobs incremental 2026-07-20T09:45:06Z..2026-07-23T09:45:06Z
09:46:17 upserted 877 -> vmimporteddata.raw.jobs (now 35078 rows)
10:00:06 jobs incremental 2026-07-20T10:00:06Z..2026-07-23T10:00:06Z
10:02:04 upserted 876 -> vmimporteddata.raw.jobs (now 35081 rows)
10:15:07 jobs incremental 2026-07-20T10:15:07Z..2026-07-23T10:15:07Z
10:16:38 upserted 873 -> vmimporteddata.raw.jobs (now 35081 rows)
10:30:05 jobs incremental 2026-07-20T10:30:05Z..2026-07-23T10:30:05Z
10:31:19 upserted 873 -> vmimporteddata.raw.jobs (now 35084 rows)
10:45:06 jobs incremental 2026-07-20T10:45:06Z..2026-07-23T10:45:06Z
10:46:47 upserted 871 -> vmimporteddata.raw.jobs (now 35087 rows)
11:00:07 jobs incremental 2026-07-20T11:00:07Z..2026-07-23T11:00:07Z
11:03:51 upserted 866 -> vmimporteddata.raw.jobs (now 35092 rows)
11:15:06 jobs incremental 2026-07-20T11:15:06Z..2026-07-23T11:15:06Z
11:16:55 upserted 871 -> vmimporteddata.raw.jobs (now 35097 rows)
11:30:07 jobs incremental 2026-07-20T11:30:07Z..2026-07-23T11:30:07Z
11:31:19 upserted 887 -> vmimporteddata.raw.jobs (now 35112 rows)
11:45:06 jobs incremental 2026-07-20T11:45:06Z..2026-07-23T11:45:06Z
11:46:32 upserted 887 -> vmimporteddata.raw.jobs (now 35124 rows)
12:00:06 jobs incremental 2026-07-20T12:00:06Z..2026-07-23T12:00:06Z
12:02:22 upserted 918 -> vmimporteddata.raw.jobs (now 35160 rows)
12:15:07 jobs incremental 2026-07-20T12:15:07Z..2026-07-23T12:15:07Z
12:16:46 upserted 914 -> vmimporteddata.raw.jobs (now 35160 rows)
12:20:07 quotes incremental 2026-07-09T12:20:07Z..2026-07-23T12:20:07Z
12:20:30 upserted 180 -> vmimporteddata.raw.quotes (now 3228 rows)
12:25:06 invoices incremental 2026-07-09T12:25:06Z..2026-07-23T12:25:06Z
12:25:37 upserted 205 -> vmimporteddata.raw.invoices (now 2318 rows)
12:30:08 forms_logbook incremental 2026-07-09T12:30:08Z..2026-07-23T12:30:08Z
12:30:08 jobs incremental 2026-07-20T12:30:08Z..2026-07-23T12:30:08Z
12:30:31 upserted 190 -> vmimporteddata.raw.forms_logbook (now 2855 rows)
12:32:17 upserted 909 -> vmimporteddata.raw.jobs (now 35162 rows)
2026-07-23 12:35:06,101 INFO token acquired; loading 2 entities
2026-07-23 12:35:06,122 INFO == purchaseorder/getall -> raw.purchase_orders ==
2026-07-23 12:35:59,643 INFO   loaded 886 rows -> vmimporteddata.raw.purchase_orders
2026-07-23 12:35:59,643 INFO == SubcontractorPurchaseOrder/GetAll -> raw.subcontractor_purchase_orders ==
2026-07-23 12:36:56,400 INFO   loaded 1216 rows -> vmimporteddata.raw.subcontractor_purchase_orders
2026-07-23 12:36:56,401 INFO === SUMMARY ===
2026-07-23 12:36:56,401 INFO   purchase_orders                 886  ok
2026-07-23 12:36:56,401 INFO   subcontractor_purchase_orders     1216  ok
12:45:05 jobs incremental 2026-07-20T12:45:05Z..2026-07-23T12:45:05Z
12:46:23 upserted 908 -> vmimporteddata.raw.jobs (now 35162 rows)
13:00:06 jobs incremental 2026-07-20T13:00:06Z..2026-07-23T13:00:06Z
13:03:14 upserted 903 -> vmimporteddata.raw.jobs (now 35163 rows)
13:15:06 jobs incremental 2026-07-20T13:15:06Z..2026-07-23T13:15:06Z
13:17:12 upserted 901 -> vmimporteddata.raw.jobs (now 35164 rows)
13:30:05 jobs incremental 2026-07-20T13:30:05Z..2026-07-23T13:30:05Z
13:31:27 upserted 897 -> vmimporteddata.raw.jobs (now 35166 rows)
13:45:06 jobs incremental 2026-07-20T13:45:06Z..2026-07-23T13:45:06Z
13:47:42 upserted 896 -> vmimporteddata.raw.jobs (now 35171 rows)
14:00:06 jobs incremental 2026-07-20T14:00:06Z..2026-07-23T14:00:06Z
14:04:42 upserted 898 -> vmimporteddata.raw.jobs (now 35175 rows)
14:15:06 jobs incremental 2026-07-20T14:15:06Z..2026-07-23T14:15:06Z
14:16:17 upserted 895 -> vmimporteddata.raw.jobs (now 35176 rows)
14:30:05 jobs incremental 2026-07-20T14:30:05Z..2026-07-23T14:30:05Z
14:32:06 upserted 893 -> vmimporteddata.raw.jobs (now 35176 rows)
14:45:05 jobs incremental 2026-07-20T14:45:05Z..2026-07-23T14:45:05Z
14:46:26 upserted 887 -> vmimporteddata.raw.jobs (now 35178 rows)
15:00:06 jobs incremental 2026-07-20T15:00:06Z..2026-07-23T15:00:06Z
15:03:17 upserted 896 -> vmimporteddata.raw.jobs (now 35193 rows)
15:15:05 jobs incremental 2026-07-20T15:15:05Z..2026-07-23T15:15:05Z
15:16:39 upserted 892 -> vmimporteddata.raw.jobs (now 35194 rows)
15:20:05 quotes incremental 2026-07-09T15:20:05Z..2026-07-23T15:20:05Z
15:20:22 upserted 175 -> vmimporteddata.raw.quotes (now 3232 rows)
15:25:05 invoices incremental 2026-07-09T15:25:05Z..2026-07-23T15:25:05Z
15:25:27 upserted 230 -> vmimporteddata.raw.invoices (now 2318 rows)
15:30:06 jobs incremental 2026-07-20T15:30:06Z..2026-07-23T15:30:06Z
15:30:06 forms_logbook incremental 2026-07-09T15:30:06Z..2026-07-23T15:30:06Z
15:30:22 upserted 188 -> vmimporteddata.raw.forms_logbook (now 2857 rows)
15:31:34 upserted 891 -> vmimporteddata.raw.jobs (now 35194 rows)
2026-07-23 15:35:06,196 INFO token acquired; loading 2 entities
2026-07-23 15:35:06,221 INFO == purchaseorder/getall -> raw.purchase_orders ==
2026-07-23 15:35:38,540 INFO   loaded 889 rows -> vmimporteddata.raw.purchase_orders
2026-07-23 15:35:38,540 INFO == SubcontractorPurchaseOrder/GetAll -> raw.subcontractor_purchase_orders ==
2026-07-23 15:36:24,326 INFO   loaded 1224 rows -> vmimporteddata.raw.subcontractor_purchase_orders
2026-07-23 15:36:24,327 INFO === SUMMARY ===
2026-07-23 15:36:24,327 INFO   purchase_orders                 889  ok
2026-07-23 15:36:24,327 INFO   subcontractor_purchase_orders     1224  ok
15:45:05 jobs incremental 2026-07-20T15:45:05Z..2026-07-23T15:45:05Z
15:46:23 upserted 891 -> vmimporteddata.raw.jobs (now 35195 rows)
16:00:05 jobs incremental 2026-07-20T16:00:05Z..2026-07-23T16:00:05Z
16:02:02 upserted 891 -> vmimporteddata.raw.jobs (now 35195 rows)
16:15:06 jobs incremental 2026-07-20T16:15:06Z..2026-07-23T16:15:06Z
16:16:15 upserted 890 -> vmimporteddata.raw.jobs (now 35195 rows)
16:30:04 jobs incremental 2026-07-20T16:30:04Z..2026-07-23T16:30:04Z
16:31:16 upserted 890 -> vmimporteddata.raw.jobs (now 35195 rows)
16:45:06 jobs incremental 2026-07-20T16:45:06Z..2026-07-23T16:45:06Z
16:46:03 upserted 890 -> vmimporteddata.raw.jobs (now 35195 rows)
17:00:05 jobs incremental 2026-07-20T17:00:05Z..2026-07-23T17:00:05Z
17:01:30 upserted 890 -> vmimporteddata.raw.jobs (now 35195 rows)
17:15:06 jobs incremental 2026-07-20T17:15:06Z..2026-07-23T17:15:06Z
17:16:16 upserted 889 -> vmimporteddata.raw.jobs (now 35195 rows)
17:30:05 jobs incremental 2026-07-20T17:30:05Z..2026-07-23T17:30:05Z
17:30:58 upserted 889 -> vmimporteddata.raw.jobs (now 35195 rows)
17:45:05 jobs incremental 2026-07-20T17:45:05Z..2026-07-23T17:45:05Z
17:46:02 upserted 890 -> vmimporteddata.raw.jobs (now 35195 rows)
18:00:05 jobs incremental 2026-07-20T18:00:05Z..2026-07-23T18:00:05Z
18:01:32 upserted 891 -> vmimporteddata.raw.jobs (now 35195 rows)
18:15:05 jobs incremental 2026-07-20T18:15:05Z..2026-07-23T18:15:05Z
18:15:55 upserted 891 -> vmimporteddata.raw.jobs (now 35195 rows)
18:20:04 quotes incremental 2026-07-09T18:20:04Z..2026-07-23T18:20:04Z
18:20:16 upserted 176 -> vmimporteddata.raw.quotes (now 3235 rows)
18:25:04 invoices incremental 2026-07-09T18:25:04Z..2026-07-23T18:25:04Z
18:25:23 upserted 230 -> vmimporteddata.raw.invoices (now 2318 rows)
18:30:07 jobs incremental 2026-07-20T18:30:07Z..2026-07-23T18:30:07Z
18:30:07 forms_logbook incremental 2026-07-09T18:30:07Z..2026-07-23T18:30:07Z
18:30:23 upserted 190 -> vmimporteddata.raw.forms_logbook (now 2859 rows)
18:30:56 upserted 891 -> vmimporteddata.raw.jobs (now 35195 rows)
2026-07-23 18:35:05,446 INFO token acquired; loading 2 entities
2026-07-23 18:35:05,466 INFO == purchaseorder/getall -> raw.purchase_orders ==
2026-07-23 18:35:24,393 INFO   loaded 889 rows -> vmimporteddata.raw.purchase_orders
2026-07-23 18:35:24,393 INFO == SubcontractorPurchaseOrder/GetAll -> raw.subcontractor_purchase_orders ==
2026-07-23 18:35:50,071 INFO   loaded 1224 rows -> vmimporteddata.raw.subcontractor_purchase_orders
2026-07-23 18:35:50,072 INFO === SUMMARY ===
2026-07-23 18:35:50,072 INFO   purchase_orders                 889  ok
2026-07-23 18:35:50,072 INFO   subcontractor_purchase_orders     1224  ok
18:45:04 jobs incremental 2026-07-20T18:45:04Z..2026-07-23T18:45:04Z
18:45:50 upserted 890 -> vmimporteddata.raw.jobs (now 35195 rows)
19:00:05 jobs incremental 2026-07-20T19:00:05Z..2026-07-23T19:00:05Z
19:01:13 upserted 890 -> vmimporteddata.raw.jobs (now 35195 rows)
19:15:05 jobs incremental 2026-07-20T19:15:05Z..2026-07-23T19:15:05Z
19:15:51 upserted 892 -> vmimporteddata.raw.jobs (now 35195 rows)
19:30:05 jobs incremental 2026-07-20T19:30:05Z..2026-07-23T19:30:05Z
19:31:31 upserted 892 -> vmimporteddata.raw.jobs (now 35195 rows)
19:45:04 jobs incremental 2026-07-20T19:45:04Z..2026-07-23T19:45:04Z
19:45:49 upserted 892 -> vmimporteddata.raw.jobs (now 35195 rows)
21:20:05 quotes incremental 2026-07-09T21:20:05Z..2026-07-23T21:20:05Z
21:20:18 upserted 176 -> vmimporteddata.raw.quotes (now 3235 rows)
21:25:05 invoices incremental 2026-07-09T21:25:05Z..2026-07-23T21:25:05Z
21:25:35 upserted 230 -> vmimporteddata.raw.invoices (now 2318 rows)
21:30:05 forms_logbook incremental 2026-07-09T21:30:05Z..2026-07-23T21:30:05Z
21:30:19 upserted 191 -> vmimporteddata.raw.forms_logbook (now 2860 rows)
2026-07-23 21:35:05,179 INFO token acquired; loading 2 entities
2026-07-23 21:35:05,198 INFO == purchaseorder/getall -> raw.purchase_orders ==
2026-07-23 21:35:37,302 INFO   loaded 889 rows -> vmimporteddata.raw.purchase_orders
2026-07-23 21:35:37,302 INFO == SubcontractorPurchaseOrder/GetAll -> raw.subcontractor_purchase_orders ==
2026-07-23 21:36:06,545 INFO   loaded 1224 rows -> vmimporteddata.raw.subcontractor_purchase_orders
2026-07-23 21:36:06,546 INFO === SUMMARY ===
2026-07-23 21:36:06,546 INFO   purchase_orders                 889  ok
2026-07-23 21:36:06,546 INFO   subcontractor_purchase_orders     1224  ok
00:20:06 quotes incremental 2026-07-10T00:20:06Z..2026-07-24T00:20:06Z
00:20:24 upserted 176 -> vmimporteddata.raw.quotes (now 3235 rows)
00:25:05 invoices incremental 2026-07-10T00:25:05Z..2026-07-24T00:25:05Z
00:25:26 upserted 230 -> vmimporteddata.raw.invoices (now 2318 rows)
00:30:05 forms_logbook incremental 2026-07-10T00:30:05Z..2026-07-24T00:30:05Z
00:30:18 upserted 191 -> vmimporteddata.raw.forms_logbook (now 2860 rows)
2026-07-24 00:35:05,773 INFO token acquired; loading 2 entities
2026-07-24 00:35:05,793 INFO == purchaseorder/getall -> raw.purchase_orders ==
2026-07-24 00:35:36,795 INFO   loaded 889 rows -> vmimporteddata.raw.purchase_orders
2026-07-24 00:35:36,796 INFO == SubcontractorPurchaseOrder/GetAll -> raw.subcontractor_purchase_orders ==
2026-07-24 00:36:36,700 INFO   loaded 1224 rows -> vmimporteddata.raw.subcontractor_purchase_orders
2026-07-24 00:36:36,700 INFO === SUMMARY ===
2026-07-24 00:36:36,700 INFO   purchase_orders                 889  ok
2026-07-24 00:36:36,700 INFO   subcontractor_purchase_orders     1224  ok
2026-07-24 02:00:06,630 INFO token acquired; loading 1 entities
2026-07-24 02:00:06,653 INFO == Job/getall -> raw.jobs ==
2026-07-24 02:40:12,242 INFO token acquired; loading 2 entities
2026-07-24 02:40:12,325 INFO == Quote/GetAll -> raw.quotes ==
2026-07-24 02:41:59,407 INFO   loaded 3235 rows -> vmimporteddata.raw.quotes
2026-07-24 02:41:59,407 INFO == FormsLogbook/getall -> raw.forms_logbook ==
2026-07-24 02:43:02,039 INFO   loaded 2860 rows -> vmimporteddata.raw.forms_logbook
2026-07-24 02:43:02,039 INFO === SUMMARY ===
2026-07-24 02:43:02,039 INFO   quotes                         3235  ok
2026-07-24 02:43:02,039 INFO   forms_logbook                  2860  ok
02:55:06 INFO mode=incr quotes to fetch=70
Traceback (most recent call last):
  File "/opt/jl-loader/load_quote_types.py", line 169, in <module>
    main()
  File "/opt/jl-loader/load_quote_types.py", line 137, in main
    with open(OUT, "w") as f:
         ^^^^^^^^^^^^^^
PermissionError: [Errno 13] Permission denied: '/tmp/quote_types.jsonl'
2026-07-24 03:00:05,725 INFO token acquired; loading 8 entities
2026-07-24 03:00:05,745 INFO == Customer/GetAll -> raw.customers ==
2026-07-24 03:00:09,763 INFO   loaded 44 rows -> vmimporteddata.raw.customers
2026-07-24 03:00:09,763 INFO == Site/GetAll -> raw.sites ==
2026-07-24 03:00:46,065 INFO   loaded 145 rows -> vmimporteddata.raw.sites
2026-07-24 03:00:46,065 INFO == Staff/GetAll -> raw.staff ==
2026-07-24 03:00:51,505 INFO   loaded 96 rows -> vmimporteddata.raw.staff
2026-07-24 03:00:51,505 INFO == Supplier/GetAll -> raw.suppliers ==
2026-07-24 03:00:54,509 INFO   loaded 50 rows -> vmimporteddata.raw.suppliers
2026-07-24 03:00:54,509 INFO == Subcontractor/GetAll -> raw.subcontractors ==
2026-07-24 03:00:59,745 INFO   loaded 126 rows -> vmimporteddata.raw.subcontractors
2026-07-24 03:00:59,745 INFO == Asset/GetAll -> raw.assets ==
2026-07-24 03:06:00,770 INFO   loaded 13038 rows -> vmimporteddata.raw.assets
2026-07-24 03:06:00,770 INFO == Part/GetAll -> raw.parts ==
2026-07-24 03:06:46,029 INFO   loaded 2000 rows -> vmimporteddata.raw.parts
2026-07-24 03:06:46,029 INFO == Expense/GetAll -> raw.expenses ==
2026-07-24 03:06:50,170 INFO   loaded 56 rows -> vmimporteddata.raw.expenses
2026-07-24 03:06:50,170 INFO === SUMMARY ===
2026-07-24 03:06:50,170 INFO   customers                        44  ok
2026-07-24 03:06:50,170 INFO   sites                           145  ok
2026-07-24 03:06:50,170 INFO   staff                            96  ok
2026-07-24 03:06:50,170 INFO   suppliers                        50  ok
2026-07-24 03:06:50,170 INFO   subcontractors                  126  ok
2026-07-24 03:06:50,170 INFO   assets                        13038  ok
2026-07-24 03:06:50,170 INFO   parts                          2000  ok
2026-07-24 03:06:50,170 INFO   expenses                         56  ok
Waiting on bqjob_r367b3f95a97388b7_0000019f9219fcc7_1 ... (0s) Current status: RUNNING                                                                                      Waiting on bqjob_r367b3f95a97388b7_0000019f9219fcc7_1 ... (1s) Current status: RUNNING                                                                                      Waiting on bqjob_r367b3f95a97388b7_0000019f9219fcc7_1 ... (1s) Current status: DONE   
CREATE TABLE IF NOT EXISTS `vmimporteddata.raw.quote_status_events` (
  quote_id     INT64,
  quote_number STRING,
  old_status   STRING,   -- NULL on the seed/first observation
  new_status   STRING,
  observed_at  TIMESTAMP
); -- at [6:1]
Skipped vmimporteddata.raw.quote_status_events

INSERT INTO `vmimporteddata.raw.quote_status_events` (quote_id, quote_number, old_status, new_status, observed_at)
WITH cur AS (
  SELECT Id AS quote_id,
         ANY_VALUE(QuoteNumber) AS quote_number,
         ANY_VALUE(QuoteStatusDescription) AS status
  FROM `vmimporteddata.raw.quotes`
  WHERE Id IS NOT NULL
  GROUP BY Id
),
last_seen AS (
  SELECT quote_id, new_status AS status
  FROM `vmimporteddata.raw.quote_status_events`
  QUALIFY ROW_NUMBER() OVER (PARTITION BY quote_id ORDER BY observed_at DESC) = 1
)
SELECT c.quote_id, c.quote_number, l.status, c.status, CURRENT_TIMESTAMP()
FROM cur c
LEFT JOIN last_seen l ON l.quote_id = c.quote_id
WHERE l.quote_id IS NULL                              -- new quote (seed)
   OR IFNULL(l.status, '') != IFNULL(c.status, ''); -- at [14:1]
Number of affected rows: 45

03:20:05 quotes incremental 2026-07-10T03:20:05Z..2026-07-24T03:20:05Z
03:20:25 upserted 176 -> vmimporteddata.raw.quotes (now 3235 rows)
03:25:05 invoices incremental 2026-07-10T03:25:05Z..2026-07-24T03:25:05Z
03:25:34 upserted 230 -> vmimporteddata.raw.invoices (now 2318 rows)
03:30:04 forms_logbook incremental 2026-07-10T03:30:04Z..2026-07-24T03:30:04Z
03:30:26 upserted 191 -> vmimporteddata.raw.forms_logbook (now 2860 rows)
2026-07-24 03:35:05,042 INFO token acquired; loading 2 entities
2026-07-24 03:35:05,066 INFO == purchaseorder/getall -> raw.purchase_orders ==
2026-07-24 03:36:01,455 INFO   loaded 889 rows -> vmimporteddata.raw.purchase_orders
2026-07-24 03:36:01,455 INFO == SubcontractorPurchaseOrder/GetAll -> raw.subcontractor_purchase_orders ==
2026-07-24 03:37:46,424 INFO   loaded 1224 rows -> vmimporteddata.raw.subcontractor_purchase_orders
2026-07-24 03:37:46,424 INFO === SUMMARY ===
2026-07-24 03:37:46,424 INFO   purchase_orders                 889  ok
2026-07-24 03:37:46,424 INFO   subcontractor_purchase_orders     1224  ok
2026-07-24 04:00:05,748 INFO token acquired; loading 1 entities
2026-07-24 04:00:05,770 INFO == Timesheet/GetAll -> raw.timesheets ==
2026-07-24 04:11:01,585 INFO   loaded 7904 rows -> vmimporteddata.raw.timesheets
2026-07-24 04:11:01,690 INFO === SUMMARY ===
2026-07-24 04:11:01,690 INFO   timesheets                     7904  ok
Upload complete.
Waiting on bqjob_r47046debd509891a_0000019f926387db_1 ... (0s) Current status: RUNNING                                                                                      Waiting on bqjob_r47046debd509891a_0000019f926387db_1 ... (1s) Current status: RUNNING                                                                                      Waiting on bqjob_r47046debd509891a_0000019f926387db_1 ... (1s) Current status: DONE   
audit sync done: 120872 lines
06:20:09 quotes incremental 2026-07-10T06:20:09Z..2026-07-24T06:20:09Z
06:20:24 upserted 176 -> vmimporteddata.raw.quotes (now 3235 rows)
06:25:06 invoices incremental 2026-07-10T06:25:06Z..2026-07-24T06:25:06Z
06:25:30 upserted 231 -> vmimporteddata.raw.invoices (now 2318 rows)
06:30:05 forms_logbook incremental 2026-07-10T06:30:05Z..2026-07-24T06:30:05Z
06:30:23 upserted 192 -> vmimporteddata.raw.forms_logbook (now 2861 rows)
2026-07-24 06:35:05,289 INFO token acquired; loading 2 entities
2026-07-24 06:35:05,310 INFO == purchaseorder/getall -> raw.purchase_orders ==
2026-07-24 06:36:08,189 INFO   loaded 889 rows -> vmimporteddata.raw.purchase_orders
2026-07-24 06:36:08,190 INFO == SubcontractorPurchaseOrder/GetAll -> raw.subcontractor_purchase_orders ==
2026-07-24 06:37:41,914 INFO   loaded 1224 rows -> vmimporteddata.raw.subcontractor_purchase_orders
2026-07-24 06:37:41,915 INFO === SUMMARY ===
2026-07-24 06:37:41,915 INFO   purchase_orders                 889  ok
2026-07-24 06:37:41,915 INFO   subcontractor_purchase_orders     1224  ok
07:00:05 jobs incremental 2026-07-21T07:00:05Z..2026-07-24T07:00:05Z
07:02:24 upserted 913 -> vmimporteddata.raw.jobs (now 35212 rows)
07:15:08 jobs incremental 2026-07-21T07:15:08Z..2026-07-24T07:15:08Z
07:17:30 upserted 910 -> vmimporteddata.raw.jobs (now 35212 rows)
07:30:05 jobs incremental 2026-07-21T07:30:05Z..2026-07-24T07:30:05Z
07:33:26 upserted 908 -> vmimporteddata.raw.jobs (now 35212 rows)
07:45:06 jobs incremental 2026-07-21T07:45:06Z..2026-07-24T07:45:06Z
07:46:38 upserted 904 -> vmimporteddata.raw.jobs (now 35212 rows)
08:00:06 jobs incremental 2026-07-21T08:00:06Z..2026-07-24T08:00:06Z
08:01:49 upserted 908 -> vmimporteddata.raw.jobs (now 35214 rows)
08:15:05 jobs incremental 2026-07-21T08:15:05Z..2026-07-24T08:15:05Z
08:16:47 upserted 910 -> vmimporteddata.raw.jobs (now 35214 rows)
08:30:06 jobs incremental 2026-07-21T08:30:06Z..2026-07-24T08:30:06Z
08:32:25 upserted 910 -> vmimporteddata.raw.jobs (now 35215 rows)
08:45:06 jobs incremental 2026-07-21T08:45:06Z..2026-07-24T08:45:06Z
08:47:02 upserted 911 -> vmimporteddata.raw.jobs (now 35218 rows)
09:00:05 jobs incremental 2026-07-21T09:00:05Z..2026-07-24T09:00:05Z
09:02:53 upserted 921 -> vmimporteddata.raw.jobs (now 35232 rows)
09:15:06 jobs incremental 2026-07-21T09:15:06Z..2026-07-24T09:15:06Z
09:16:40 upserted 935 -> vmimporteddata.raw.jobs (now 35246 rows)
09:20:05 quotes incremental 2026-07-10T09:20:05Z..2026-07-24T09:20:05Z
09:20:28 upserted 178 -> vmimporteddata.raw.quotes (now 3240 rows)
09:25:06 invoices incremental 2026-07-10T09:25:06Z..2026-07-24T09:25:06Z
09:25:42 upserted 231 -> vmimporteddata.raw.invoices (now 2318 rows)
09:30:07 jobs incremental 2026-07-21T09:30:07Z..2026-07-24T09:30:07Z
09:30:07 forms_logbook incremental 2026-07-10T09:30:07Z..2026-07-24T09:30:07Z
09:30:25 upserted 195 -> vmimporteddata.raw.forms_logbook (now 2867 rows)
09:32:16 upserted 887 -> vmimporteddata.raw.jobs (now 35248 rows)
2026-07-24 09:35:06,216 INFO token acquired; loading 2 entities
2026-07-24 09:35:06,242 INFO == purchaseorder/getall -> raw.purchase_orders ==
2026-07-24 09:37:17,068 INFO   loaded 889 rows -> vmimporteddata.raw.purchase_orders
2026-07-24 09:37:17,068 INFO == SubcontractorPurchaseOrder/GetAll -> raw.subcontractor_purchase_orders ==
2026-07-24 09:39:45,891 INFO   loaded 1224 rows -> vmimporteddata.raw.subcontractor_purchase_orders
2026-07-24 09:39:45,891 INFO === SUMMARY ===
2026-07-24 09:39:45,892 INFO   purchase_orders                 889  ok
2026-07-24 09:39:45,892 INFO   subcontractor_purchase_orders     1224  ok
09:45:05 jobs incremental 2026-07-21T09:45:05Z..2026-07-24T09:45:05Z
09:47:48 upserted 872 -> vmimporteddata.raw.jobs (now 35249 rows)
10:00:07 jobs incremental 2026-07-21T10:00:07Z..2026-07-24T10:00:07Z
10:04:26 upserted 872 -> vmimporteddata.raw.jobs (now 35250 rows)
10:15:07 jobs incremental 2026-07-21T10:15:07Z..2026-07-24T10:15:07Z
10:16:42 upserted 870 -> vmimporteddata.raw.jobs (now 35251 rows)
10:30:08 jobs incremental 2026-07-21T10:30:08Z..2026-07-24T10:30:08Z
10:31:38 upserted 865 -> vmimporteddata.raw.jobs (now 35252 rows)
10:45:05 jobs incremental 2026-07-21T10:45:05Z..2026-07-24T10:45:05Z
10:46:44 upserted 859 -> vmimporteddata.raw.jobs (now 35252 rows)
11:00:06 jobs incremental 2026-07-21T11:00:06Z..2026-07-24T11:00:06Z
11:02:34 upserted 854 -> vmimporteddata.raw.jobs (now 35252 rows)
11:15:05 jobs incremental 2026-07-21T11:15:05Z..2026-07-24T11:15:05Z
11:17:06 upserted 854 -> vmimporteddata.raw.jobs (now 35255 rows)
11:30:05 jobs incremental 2026-07-21T11:30:05Z..2026-07-24T11:30:05Z
11:31:51 upserted 842 -> vmimporteddata.raw.jobs (now 35256 rows)
11:45:07 jobs incremental 2026-07-21T11:45:07Z..2026-07-24T11:45:07Z
11:46:41 upserted 838 -> vmimporteddata.raw.jobs (now 35257 rows)
12:00:05 jobs incremental 2026-07-21T12:00:05Z..2026-07-24T12:00:05Z
12:02:46 upserted 843 -> vmimporteddata.raw.jobs (now 35267 rows)
12:15:06 jobs incremental 2026-07-21T12:15:06Z..2026-07-24T12:15:06Z
12:16:34 upserted 839 -> vmimporteddata.raw.jobs (now 35267 rows)
12:20:05 quotes incremental 2026-07-10T12:20:05Z..2026-07-24T12:20:05Z
12:20:25 upserted 173 -> vmimporteddata.raw.quotes (now 3241 rows)
12:25:05 invoices incremental 2026-07-10T12:25:05Z..2026-07-24T12:25:05Z
12:25:41 upserted 229 -> vmimporteddata.raw.invoices (now 2318 rows)
12:30:07 forms_logbook incremental 2026-07-10T12:30:07Z..2026-07-24T12:30:07Z
12:30:07 jobs incremental 2026-07-21T12:30:07Z..2026-07-24T12:30:07Z
12:30:27 upserted 200 -> vmimporteddata.raw.forms_logbook (now 2874 rows)
12:31:49 upserted 832 -> vmimporteddata.raw.jobs (now 35267 rows)
2026-07-24 12:35:05,754 INFO token acquired; loading 2 entities
2026-07-24 12:35:05,776 INFO == purchaseorder/getall -> raw.purchase_orders ==
2026-07-24 12:36:14,262 INFO   loaded 890 rows -> vmimporteddata.raw.purchase_orders
2026-07-24 12:36:14,263 INFO == SubcontractorPurchaseOrder/GetAll -> raw.subcontractor_purchase_orders ==
2026-07-24 12:37:37,984 INFO   loaded 1225 rows -> vmimporteddata.raw.subcontractor_purchase_orders
2026-07-24 12:37:37,984 INFO === SUMMARY ===
2026-07-24 12:37:37,984 INFO   purchase_orders                 890  ok
2026-07-24 12:37:37,984 INFO   subcontractor_purchase_orders     1225  ok
12:45:05 jobs incremental 2026-07-21T12:45:05Z..2026-07-24T12:45:05Z
12:47:34 upserted 828 -> vmimporteddata.raw.jobs (now 35267 rows)
13:00:05 jobs incremental 2026-07-21T13:00:05Z..2026-07-24T13:00:05Z
13:02:28 upserted 827 -> vmimporteddata.raw.jobs (now 35268 rows)
13:15:06 jobs incremental 2026-07-21T13:15:06Z..2026-07-24T13:15:06Z
13:18:46 upserted 827 -> vmimporteddata.raw.jobs (now 35268 rows)
13:30:05 jobs incremental 2026-07-21T13:30:05Z..2026-07-24T13:30:05Z
13:33:07 upserted 828 -> vmimporteddata.raw.jobs (now 35271 rows)
13:45:05 jobs incremental 2026-07-21T13:45:05Z..2026-07-24T13:45:05Z
13:47:39 upserted 825 -> vmimporteddata.raw.jobs (now 35273 rows)
14:00:05 jobs incremental 2026-07-21T14:00:05Z..2026-07-24T14:00:05Z
14:05:30 upserted 824 -> vmimporteddata.raw.jobs (now 35275 rows)
14:15:05 jobs incremental 2026-07-21T14:15:05Z..2026-07-24T14:15:05Z
14:17:21 upserted 823 -> vmimporteddata.raw.jobs (now 35277 rows)
14:30:05 jobs incremental 2026-07-21T14:30:05Z..2026-07-24T14:30:05Z
14:33:22 upserted 826 -> vmimporteddata.raw.jobs (now 35278 rows)
14:45:06 jobs incremental 2026-07-21T14:45:06Z..2026-07-24T14:45:06Z
14:48:21 upserted 822 -> vmimporteddata.raw.jobs (now 35279 rows)
15:00:06 jobs incremental 2026-07-21T15:00:06Z..2026-07-24T15:00:06Z
15:06:45 upserted 821 -> vmimporteddata.raw.jobs (now 35280 rows)
15:15:05 jobs incremental 2026-07-21T15:15:05Z..2026-07-24T15:15:05Z
15:18:11 upserted 815 -> vmimporteddata.raw.jobs (now 35280 rows)
15:20:05 quotes incremental 2026-07-10T15:20:05Z..2026-07-24T15:20:05Z
15:21:26 upserted 176 -> vmimporteddata.raw.quotes (now 3247 rows)
15:25:05 invoices incremental 2026-07-10T15:25:05Z..2026-07-24T15:25:05Z
15:25:49 upserted 230 -> vmimporteddata.raw.invoices (now 2318 rows)
15:30:07 forms_logbook incremental 2026-07-10T15:30:07Z..2026-07-24T15:30:07Z
15:30:07 jobs incremental 2026-07-21T15:30:07Z..2026-07-24T15:30:07Z
15:30:43 upserted 200 -> vmimporteddata.raw.forms_logbook (now 2879 rows)
15:33:34 upserted 806 -> vmimporteddata.raw.jobs (now 35281 rows)
2026-07-24 15:35:05,981 INFO token acquired; loading 2 entities
2026-07-24 15:35:06,005 INFO == purchaseorder/getall -> raw.purchase_orders ==
2026-07-24 15:37:29,415 INFO   loaded 894 rows -> vmimporteddata.raw.purchase_orders
2026-07-24 15:37:29,415 INFO == SubcontractorPurchaseOrder/GetAll -> raw.subcontractor_purchase_orders ==
2026-07-24 15:38:48,176 INFO   loaded 1227 rows -> vmimporteddata.raw.subcontractor_purchase_orders
2026-07-24 15:38:48,176 INFO === SUMMARY ===
2026-07-24 15:38:48,176 INFO   purchase_orders                 894  ok
2026-07-24 15:38:48,176 INFO   subcontractor_purchase_orders     1227  ok
15:45:07 jobs incremental 2026-07-21T15:45:07Z..2026-07-24T15:45:07Z
15:46:49 upserted 806 -> vmimporteddata.raw.jobs (now 35281 rows)
16:00:06 jobs incremental 2026-07-21T16:00:06Z..2026-07-24T16:00:06Z
16:02:03 upserted 806 -> vmimporteddata.raw.jobs (now 35281 rows)
16:15:05 jobs incremental 2026-07-21T16:15:05Z..2026-07-24T16:15:05Z
16:16:10 upserted 804 -> vmimporteddata.raw.jobs (now 35281 rows)
16:30:05 jobs incremental 2026-07-21T16:30:05Z..2026-07-24T16:30:05Z
16:31:17 upserted 803 -> vmimporteddata.raw.jobs (now 35283 rows)
16:45:05 jobs incremental 2026-07-21T16:45:05Z..2026-07-24T16:45:05Z
16:46:28 upserted 804 -> vmimporteddata.raw.jobs (now 35283 rows)
17:00:05 jobs incremental 2026-07-21T17:00:05Z..2026-07-24T17:00:05Z
17:01:01 upserted 804 -> vmimporteddata.raw.jobs (now 35283 rows)
17:15:06 jobs incremental 2026-07-21T17:15:06Z..2026-07-24T17:15:06Z
17:16:06 upserted 806 -> vmimporteddata.raw.jobs (now 35285 rows)
17:30:05 jobs incremental 2026-07-21T17:30:05Z..2026-07-24T17:30:05Z
17:31:17 upserted 806 -> vmimporteddata.raw.jobs (now 35285 rows)
17:45:05 jobs incremental 2026-07-21T17:45:05Z..2026-07-24T17:45:05Z
17:46:03 upserted 804 -> vmimporteddata.raw.jobs (now 35285 rows)
18:00:05 jobs incremental 2026-07-21T18:00:05Z..2026-07-24T18:00:05Z
18:00:59 upserted 804 -> vmimporteddata.raw.jobs (now 35285 rows)
18:15:06 jobs incremental 2026-07-21T18:15:06Z..2026-07-24T18:15:06Z
18:15:53 upserted 804 -> vmimporteddata.raw.jobs (now 35285 rows)
18:20:05 quotes incremental 2026-07-10T18:20:05Z..2026-07-24T18:20:05Z
18:20:18 upserted 176 -> vmimporteddata.raw.quotes (now 3250 rows)
18:25:05 invoices incremental 2026-07-10T18:25:05Z..2026-07-24T18:25:05Z
18:25:22 upserted 229 -> vmimporteddata.raw.invoices (now 2318 rows)
18:30:07 forms_logbook incremental 2026-07-10T18:30:07Z..2026-07-24T18:30:07Z
18:30:07 jobs incremental 2026-07-21T18:30:07Z..2026-07-24T18:30:07Z
18:30:29 upserted 197 -> vmimporteddata.raw.forms_logbook (now 2879 rows)
18:31:02 upserted 804 -> vmimporteddata.raw.jobs (now 35285 rows)
2026-07-24 18:35:04,959 INFO token acquired; loading 2 entities
2026-07-24 18:35:04,979 INFO == purchaseorder/getall -> raw.purchase_orders ==
2026-07-24 18:35:45,156 INFO   loaded 894 rows -> vmimporteddata.raw.purchase_orders
2026-07-24 18:35:45,157 INFO == SubcontractorPurchaseOrder/GetAll -> raw.subcontractor_purchase_orders ==
2026-07-24 18:36:16,516 INFO   loaded 1227 rows -> vmimporteddata.raw.subcontractor_purchase_orders
2026-07-24 18:36:16,516 INFO === SUMMARY ===
2026-07-24 18:36:16,517 INFO   purchase_orders                 894  ok
2026-07-24 18:36:16,517 INFO   subcontractor_purchase_orders     1227  ok
18:45:06 jobs incremental 2026-07-21T18:45:06Z..2026-07-24T18:45:06Z
18:46:03 upserted 803 -> vmimporteddata.raw.jobs (now 35285 rows)
19:00:05 jobs incremental 2026-07-21T19:00:05Z..2026-07-24T19:00:05Z
19:01:27 upserted 801 -> vmimporteddata.raw.jobs (now 35285 rows)
19:15:05 jobs incremental 2026-07-21T19:15:05Z..2026-07-24T19:15:05Z
19:16:08 upserted 801 -> vmimporteddata.raw.jobs (now 35285 rows)
19:30:05 jobs incremental 2026-07-21T19:30:05Z..2026-07-24T19:30:05Z
19:31:01 upserted 801 -> vmimporteddata.raw.jobs (now 35285 rows)
19:45:05 jobs incremental 2026-07-21T19:45:05Z..2026-07-24T19:45:05Z
19:46:21 upserted 801 -> vmimporteddata.raw.jobs (now 35285 rows)
21:20:09 quotes incremental 2026-07-10T21:20:09Z..2026-07-24T21:20:09Z
21:20:21 upserted 176 -> vmimporteddata.raw.quotes (now 3250 rows)
21:25:05 invoices incremental 2026-07-10T21:25:05Z..2026-07-24T21:25:05Z
21:25:21 upserted 230 -> vmimporteddata.raw.invoices (now 2318 rows)
21:30:06 forms_logbook incremental 2026-07-10T21:30:06Z..2026-07-24T21:30:06Z
21:30:18 upserted 196 -> vmimporteddata.raw.forms_logbook (now 2879 rows)
2026-07-24 21:35:05,923 INFO token acquired; loading 2 entities
2026-07-24 21:35:05,944 INFO == purchaseorder/getall -> raw.purchase_orders ==
2026-07-24 21:35:45,881 INFO   loaded 894 rows -> vmimporteddata.raw.purchase_orders
2026-07-24 21:35:45,882 INFO == SubcontractorPurchaseOrder/GetAll -> raw.subcontractor_purchase_orders ==
2026-07-24 21:36:14,442 INFO   loaded 1227 rows -> vmimporteddata.raw.subcontractor_purchase_orders
2026-07-24 21:36:14,442 INFO === SUMMARY ===
2026-07-24 21:36:14,442 INFO   purchase_orders                 894  ok
2026-07-24 21:36:14,442 INFO   subcontractor_purchase_orders     1227  ok
00:20:06 quotes incremental 2026-07-11T00:20:06Z..2026-07-25T00:20:06Z
00:20:21 upserted 176 -> vmimporteddata.raw.quotes (now 3250 rows)
00:25:05 invoices incremental 2026-07-11T00:25:05Z..2026-07-25T00:25:05Z
00:25:29 upserted 200 -> vmimporteddata.raw.invoices (now 2318 rows)
00:30:05 forms_logbook incremental 2026-07-11T00:30:05Z..2026-07-25T00:30:05Z
00:30:16 upserted 196 -> vmimporteddata.raw.forms_logbook (now 2879 rows)
2026-07-25 00:35:05,115 INFO token acquired; loading 2 entities
2026-07-25 00:35:05,136 INFO == purchaseorder/getall -> raw.purchase_orders ==
2026-07-25 00:35:45,971 INFO   loaded 894 rows -> vmimporteddata.raw.purchase_orders
2026-07-25 00:35:45,971 INFO == SubcontractorPurchaseOrder/GetAll -> raw.subcontractor_purchase_orders ==
2026-07-25 00:36:21,495 INFO   loaded 1227 rows -> vmimporteddata.raw.subcontractor_purchase_orders
2026-07-25 00:36:21,495 INFO === SUMMARY ===
2026-07-25 00:36:21,495 INFO   purchase_orders                 894  ok
2026-07-25 00:36:21,495 INFO   subcontractor_purchase_orders     1227  ok
2026-07-25 02:00:05,486 INFO token acquired; loading 1 entities
2026-07-25 02:00:05,505 INFO == Job/getall -> raw.jobs ==
2026-07-25 02:40:12,163 INFO token acquired; loading 2 entities
2026-07-25 02:40:12,245 INFO == Quote/GetAll -> raw.quotes ==
2026-07-25 02:41:25,888 INFO   loaded 3248 rows -> vmimporteddata.raw.quotes
2026-07-25 02:41:25,888 INFO == FormsLogbook/getall -> raw.forms_logbook ==
2026-07-25 02:42:06,150 INFO   loaded 2879 rows -> vmimporteddata.raw.forms_logbook
2026-07-25 02:42:06,150 INFO === SUMMARY ===
2026-07-25 02:42:06,150 INFO   quotes                         3248  ok
2026-07-25 02:42:06,150 INFO   forms_logbook                  2879  ok
02:55:05 INFO mode=incr quotes to fetch=83
Traceback (most recent call last):
  File "/opt/jl-loader/load_quote_types.py", line 169, in <module>
    main()
  File "/opt/jl-loader/load_quote_types.py", line 137, in main
    with open(OUT, "w") as f:
         ^^^^^^^^^^^^^^
PermissionError: [Errno 13] Permission denied: '/tmp/quote_types.jsonl'
2026-07-25 03:00:04,895 INFO token acquired; loading 8 entities
2026-07-25 03:00:04,917 INFO == Customer/GetAll -> raw.customers ==
2026-07-25 03:00:22,666 INFO   loaded 45 rows -> vmimporteddata.raw.customers
2026-07-25 03:00:22,666 INFO == Site/GetAll -> raw.sites ==
2026-07-25 03:00:31,038 INFO   loaded 147 rows -> vmimporteddata.raw.sites
2026-07-25 03:00:31,038 INFO == Staff/GetAll -> raw.staff ==
2026-07-25 03:01:00,670 INFO   loaded 94 rows -> vmimporteddata.raw.staff
2026-07-25 03:01:00,670 INFO == Supplier/GetAll -> raw.suppliers ==
2026-07-25 03:01:27,387 INFO   loaded 51 rows -> vmimporteddata.raw.suppliers
2026-07-25 03:01:27,387 INFO == Subcontractor/GetAll -> raw.subcontractors ==
2026-07-25 03:01:31,675 INFO   loaded 127 rows -> vmimporteddata.raw.subcontractors
2026-07-25 03:01:31,675 INFO == Asset/GetAll -> raw.assets ==
2026-07-25 03:08:03,404 INFO   loaded 13038 rows -> vmimporteddata.raw.assets
2026-07-25 03:08:03,404 INFO == Part/GetAll -> raw.parts ==
2026-07-25 03:08:55,790 INFO   loaded 2002 rows -> vmimporteddata.raw.parts
2026-07-25 03:08:55,790 INFO == Expense/GetAll -> raw.expenses ==
2026-07-25 03:09:00,156 INFO   loaded 56 rows -> vmimporteddata.raw.expenses
2026-07-25 03:09:00,157 INFO === SUMMARY ===
2026-07-25 03:09:00,157 INFO   customers                        45  ok
2026-07-25 03:09:00,157 INFO   sites                           147  ok
2026-07-25 03:09:00,157 INFO   staff                            94  ok
2026-07-25 03:09:00,157 INFO   suppliers                        51  ok
2026-07-25 03:09:00,157 INFO   subcontractors                  127  ok
2026-07-25 03:09:00,157 INFO   assets                        13038  ok
2026-07-25 03:09:00,157 INFO   parts                          2002  ok
2026-07-25 03:09:00,157 INFO   expenses                         56  ok
Waiting on bqjob_r3f5a91da2519507d_0000019f974057ad_1 ... (0s) Current status: RUNNING                                                                                      Waiting on bqjob_r3f5a91da2519507d_0000019f974057ad_1 ... (1s) Current status: RUNNING                                                                                      Waiting on bqjob_r3f5a91da2519507d_0000019f974057ad_1 ... (2s) Current status: RUNNING                                                                                      Waiting on bqjob_r3f5a91da2519507d_0000019f974057ad_1 ... (2s) Current status: DONE   
CREATE TABLE IF NOT EXISTS `vmimporteddata.raw.quote_status_events` (
  quote_id     INT64,
  quote_number STRING,
  old_status   STRING,   -- NULL on the seed/first observation
  new_status   STRING,
  observed_at  TIMESTAMP
); -- at [6:1]
Skipped vmimporteddata.raw.quote_status_events

INSERT INTO `vmimporteddata.raw.quote_status_events` (quote_id, quote_number, old_status, new_status, observed_at)
WITH cur AS (
  SELECT Id AS quote_id,
         ANY_VALUE(QuoteNumber) AS quote_number,
         ANY_VALUE(QuoteStatusDescription) AS status
  FROM `vmimporteddata.raw.quotes`
  WHERE Id IS NOT NULL
  GROUP BY Id
),
last_seen AS (
  SELECT quote_id, new_status AS status
  FROM `vmimporteddata.raw.quote_status_events`
  QUALIFY ROW_NUMBER() OVER (PARTITION BY quote_id ORDER BY observed_at DESC) = 1
)
SELECT c.quote_id, c.quote_number, l.status, c.status, CURRENT_TIMESTAMP()
FROM cur c
LEFT JOIN last_seen l ON l.quote_id = c.quote_id
WHERE l.quote_id IS NULL                              -- new quote (seed)
   OR IFNULL(l.status, '') != IFNULL(c.status, ''); -- at [14:1]
Number of affected rows: 29

03:20:05 quotes incremental 2026-07-11T03:20:05Z..2026-07-25T03:20:05Z
03:20:18 upserted 176 -> vmimporteddata.raw.quotes (now 3248 rows)
03:25:05 invoices incremental 2026-07-11T03:25:05Z..2026-07-25T03:25:05Z
03:25:32 upserted 207 -> vmimporteddata.raw.invoices (now 2318 rows)
03:30:05 forms_logbook incremental 2026-07-11T03:30:05Z..2026-07-25T03:30:05Z
03:30:19 upserted 196 -> vmimporteddata.raw.forms_logbook (now 2879 rows)
2026-07-25 03:35:05,831 INFO token acquired; loading 2 entities
2026-07-25 03:35:05,851 INFO == purchaseorder/getall -> raw.purchase_orders ==
2026-07-25 03:36:29,389 INFO   loaded 894 rows -> vmimporteddata.raw.purchase_orders
2026-07-25 03:36:29,390 INFO == SubcontractorPurchaseOrder/GetAll -> raw.subcontractor_purchase_orders ==
2026-07-25 03:37:47,656 INFO   loaded 1227 rows -> vmimporteddata.raw.subcontractor_purchase_orders
2026-07-25 03:37:47,657 INFO === SUMMARY ===
2026-07-25 03:37:47,657 INFO   purchase_orders                 894  ok
2026-07-25 03:37:47,657 INFO   subcontractor_purchase_orders     1227  ok
2026-07-25 04:00:05,519 INFO token acquired; loading 1 entities
2026-07-25 04:00:05,540 INFO == Timesheet/GetAll -> raw.timesheets ==
2026-07-25 04:12:21,112 INFO   loaded 7696 rows -> vmimporteddata.raw.timesheets
2026-07-25 04:12:21,112 INFO === SUMMARY ===
2026-07-25 04:12:21,112 INFO   timesheets                     7696  ok
Upload complete.
Waiting on bqjob_r35b9f47a0c467339_0000019f9789d66b_1 ... (0s) Current status: RUNNING                                                                                      Waiting on bqjob_r35b9f47a0c467339_0000019f9789d66b_1 ... (1s) Current status: RUNNING                                                                                      Waiting on bqjob_r35b9f47a0c467339_0000019f9789d66b_1 ... (1s) Current status: DONE   
audit sync done: 121305 lines
06:20:06 quotes incremental 2026-07-11T06:20:06Z..2026-07-25T06:20:06Z
06:20:18 upserted 175 -> vmimporteddata.raw.quotes (now 3248 rows)
06:25:06 invoices incremental 2026-07-11T06:25:06Z..2026-07-25T06:25:06Z
06:25:22 upserted 209 -> vmimporteddata.raw.invoices (now 2318 rows)
06:30:05 forms_logbook incremental 2026-07-11T06:30:05Z..2026-07-25T06:30:05Z
06:30:17 upserted 196 -> vmimporteddata.raw.forms_logbook (now 2879 rows)
2026-07-25 06:35:04,928 INFO token acquired; loading 2 entities
2026-07-25 06:35:04,948 INFO == purchaseorder/getall -> raw.purchase_orders ==
2026-07-25 06:35:31,103 INFO   loaded 894 rows -> vmimporteddata.raw.purchase_orders
2026-07-25 06:35:31,104 INFO == SubcontractorPurchaseOrder/GetAll -> raw.subcontractor_purchase_orders ==
2026-07-25 06:36:18,848 INFO   loaded 1227 rows -> vmimporteddata.raw.subcontractor_purchase_orders
2026-07-25 06:36:18,849 INFO === SUMMARY ===
2026-07-25 06:36:18,849 INFO   purchase_orders                 894  ok
2026-07-25 06:36:18,849 INFO   subcontractor_purchase_orders     1227  ok
09:20:05 quotes incremental 2026-07-11T09:20:05Z..2026-07-25T09:20:05Z
09:20:18 upserted 176 -> vmimporteddata.raw.quotes (now 3249 rows)
09:25:05 invoices incremental 2026-07-11T09:25:05Z..2026-07-25T09:25:05Z
09:25:21 upserted 207 -> vmimporteddata.raw.invoices (now 2318 rows)
09:30:04 forms_logbook incremental 2026-07-11T09:30:04Z..2026-07-25T09:30:04Z
09:30:18 upserted 196 -> vmimporteddata.raw.forms_logbook (now 2879 rows)
2026-07-25 09:35:05,597 INFO token acquired; loading 2 entities
2026-07-25 09:35:05,616 INFO == purchaseorder/getall -> raw.purchase_orders ==
2026-07-25 09:35:36,591 INFO   loaded 894 rows -> vmimporteddata.raw.purchase_orders
2026-07-25 09:35:36,591 INFO == SubcontractorPurchaseOrder/GetAll -> raw.subcontractor_purchase_orders ==
2026-07-25 09:36:11,560 INFO   loaded 1227 rows -> vmimporteddata.raw.subcontractor_purchase_orders
2026-07-25 09:36:11,560 INFO === SUMMARY ===
2026-07-25 09:36:11,560 INFO   purchase_orders                 894  ok
2026-07-25 09:36:11,560 INFO   subcontractor_purchase_orders     1227  ok
12:20:09 quotes incremental 2026-07-11T12:20:09Z..2026-07-25T12:20:09Z
12:20:21 upserted 176 -> vmimporteddata.raw.quotes (now 3249 rows)
12:25:04 invoices incremental 2026-07-11T12:25:04Z..2026-07-25T12:25:04Z
12:25:20 upserted 209 -> vmimporteddata.raw.invoices (now 2318 rows)
12:30:05 forms_logbook incremental 2026-07-11T12:30:05Z..2026-07-25T12:30:05Z
12:30:17 upserted 196 -> vmimporteddata.raw.forms_logbook (now 2879 rows)
2026-07-25 12:35:04,937 INFO token acquired; loading 2 entities
2026-07-25 12:35:04,956 INFO == purchaseorder/getall -> raw.purchase_orders ==
2026-07-25 12:35:24,097 INFO   loaded 894 rows -> vmimporteddata.raw.purchase_orders
2026-07-25 12:35:24,097 INFO == SubcontractorPurchaseOrder/GetAll -> raw.subcontractor_purchase_orders ==
2026-07-25 12:35:49,220 INFO   loaded 1227 rows -> vmimporteddata.raw.subcontractor_purchase_orders
2026-07-25 12:35:49,220 INFO === SUMMARY ===
2026-07-25 12:35:49,221 INFO   purchase_orders                 894  ok
2026-07-25 12:35:49,221 INFO   subcontractor_purchase_orders     1227  ok
15:20:06 quotes incremental 2026-07-11T15:20:06Z..2026-07-25T15:20:06Z
15:20:19 upserted 176 -> vmimporteddata.raw.quotes (now 3249 rows)
15:25:05 invoices incremental 2026-07-11T15:25:05Z..2026-07-25T15:25:05Z
15:25:20 upserted 209 -> vmimporteddata.raw.invoices (now 2318 rows)
15:30:06 forms_logbook incremental 2026-07-11T15:30:06Z..2026-07-25T15:30:06Z
15:30:28 upserted 195 -> vmimporteddata.raw.forms_logbook (now 2879 rows)
2026-07-25 15:35:05,752 INFO token acquired; loading 2 entities
2026-07-25 15:35:05,774 INFO == purchaseorder/getall -> raw.purchase_orders ==
2026-07-25 15:35:30,762 INFO   loaded 894 rows -> vmimporteddata.raw.purchase_orders
2026-07-25 15:35:30,762 INFO == SubcontractorPurchaseOrder/GetAll -> raw.subcontractor_purchase_orders ==
2026-07-25 15:36:06,695 INFO   loaded 1227 rows -> vmimporteddata.raw.subcontractor_purchase_orders
2026-07-25 15:36:06,695 INFO === SUMMARY ===
2026-07-25 15:36:06,695 INFO   purchase_orders                 894  ok
2026-07-25 15:36:06,695 INFO   subcontractor_purchase_orders     1227  ok
18:20:05 quotes incremental 2026-07-11T18:20:05Z..2026-07-25T18:20:05Z
18:20:17 upserted 176 -> vmimporteddata.raw.quotes (now 3249 rows)
18:25:05 invoices incremental 2026-07-11T18:25:05Z..2026-07-25T18:25:05Z
18:25:20 upserted 209 -> vmimporteddata.raw.invoices (now 2318 rows)
18:30:05 forms_logbook incremental 2026-07-11T18:30:05Z..2026-07-25T18:30:05Z
18:30:18 upserted 195 -> vmimporteddata.raw.forms_logbook (now 2879 rows)
2026-07-25 18:35:05,261 INFO token acquired; loading 2 entities
2026-07-25 18:35:05,282 INFO == purchaseorder/getall -> raw.purchase_orders ==
2026-07-25 18:35:31,857 INFO   loaded 894 rows -> vmimporteddata.raw.purchase_orders
2026-07-25 18:35:31,858 INFO == SubcontractorPurchaseOrder/GetAll -> raw.subcontractor_purchase_orders ==
2026-07-25 18:35:59,456 INFO   loaded 1227 rows -> vmimporteddata.raw.subcontractor_purchase_orders
2026-07-25 18:35:59,456 INFO === SUMMARY ===
2026-07-25 18:35:59,456 INFO   purchase_orders                 894  ok
2026-07-25 18:35:59,456 INFO   subcontractor_purchase_orders     1227  ok
21:20:06 quotes incremental 2026-07-11T21:20:06Z..2026-07-25T21:20:06Z
21:20:18 upserted 176 -> vmimporteddata.raw.quotes (now 3249 rows)
21:25:05 invoices incremental 2026-07-11T21:25:05Z..2026-07-25T21:25:05Z
21:25:19 upserted 208 -> vmimporteddata.raw.invoices (now 2318 rows)
21:30:06 forms_logbook incremental 2026-07-11T21:30:06Z..2026-07-25T21:30:06Z
21:30:20 upserted 195 -> vmimporteddata.raw.forms_logbook (now 2879 rows)
2026-07-25 21:35:06,671 INFO token acquired; loading 2 entities
2026-07-25 21:35:06,697 INFO == purchaseorder/getall -> raw.purchase_orders ==
2026-07-25 21:35:35,565 INFO   loaded 894 rows -> vmimporteddata.raw.purchase_orders
2026-07-25 21:35:35,565 INFO == SubcontractorPurchaseOrder/GetAll -> raw.subcontractor_purchase_orders ==
2026-07-25 21:36:21,868 INFO   loaded 1227 rows -> vmimporteddata.raw.subcontractor_purchase_orders
2026-07-25 21:36:21,868 INFO === SUMMARY ===
2026-07-25 21:36:21,868 INFO   purchase_orders                 894  ok
2026-07-25 21:36:21,868 INFO   subcontractor_purchase_orders     1227  ok
00:20:05 quotes incremental 2026-07-12T00:20:05Z..2026-07-26T00:20:05Z
00:20:17 upserted 176 -> vmimporteddata.raw.quotes (now 3249 rows)
00:25:05 invoices incremental 2026-07-12T00:25:05Z..2026-07-26T00:25:05Z
00:25:18 upserted 147 -> vmimporteddata.raw.invoices (now 2318 rows)
00:30:05 forms_logbook incremental 2026-07-12T00:30:05Z..2026-07-26T00:30:05Z
00:30:20 upserted 195 -> vmimporteddata.raw.forms_logbook (now 2879 rows)
2026-07-26 00:35:06,512 INFO token acquired; loading 2 entities
2026-07-26 00:35:06,537 INFO == purchaseorder/getall -> raw.purchase_orders ==
2026-07-26 00:35:34,641 INFO   loaded 894 rows -> vmimporteddata.raw.purchase_orders
2026-07-26 00:35:34,641 INFO == SubcontractorPurchaseOrder/GetAll -> raw.subcontractor_purchase_orders ==
2026-07-26 00:36:16,004 INFO   loaded 1227 rows -> vmimporteddata.raw.subcontractor_purchase_orders
2026-07-26 00:36:16,004 INFO === SUMMARY ===
2026-07-26 00:36:16,004 INFO   purchase_orders                 894  ok
2026-07-26 00:36:16,005 INFO   subcontractor_purchase_orders     1227  ok
01:00:07 invoices backfill over 24 monthly windows
01:04:58 backfill loaded 2316 -> vmimporteddata.raw.invoices
2026-07-26 02:00:07,268 INFO token acquired; loading 1 entities
2026-07-26 02:00:07,296 INFO == Job/getall -> raw.jobs ==
2026-07-26 02:40:13,163 INFO token acquired; loading 2 entities
2026-07-26 02:40:13,324 INFO == Quote/GetAll -> raw.quotes ==
2026-07-26 02:41:23,229 INFO   loaded 3249 rows -> vmimporteddata.raw.quotes
2026-07-26 02:41:23,230 INFO == FormsLogbook/getall -> raw.forms_logbook ==
2026-07-26 02:42:03,869 INFO   loaded 2879 rows -> vmimporteddata.raw.forms_logbook
2026-07-26 02:42:03,869 INFO === SUMMARY ===
2026-07-26 02:42:03,869 INFO   quotes                         3249  ok
2026-07-26 02:42:03,869 INFO   forms_logbook                  2879  ok
02:55:07 INFO mode=incr quotes to fetch=84
Traceback (most recent call last):
  File "/opt/jl-loader/load_quote_types.py", line 169, in <module>
    main()
  File "/opt/jl-loader/load_quote_types.py", line 137, in main
    with open(OUT, "w") as f:
         ^^^^^^^^^^^^^^
PermissionError: [Errno 13] Permission denied: '/tmp/quote_types.jsonl'
2026-07-26 03:00:06,683 INFO token acquired; loading 8 entities
2026-07-26 03:00:06,709 INFO == Customer/GetAll -> raw.customers ==
2026-07-26 03:00:18,658 INFO   loaded 45 rows -> vmimporteddata.raw.customers
2026-07-26 03:00:18,658 INFO == Site/GetAll -> raw.sites ==
2026-07-26 03:00:29,404 INFO   loaded 147 rows -> vmimporteddata.raw.sites
2026-07-26 03:00:29,404 INFO == Staff/GetAll -> raw.staff ==
2026-07-26 03:00:46,616 INFO   loaded 94 rows -> vmimporteddata.raw.staff
2026-07-26 03:00:46,617 INFO == Supplier/GetAll -> raw.suppliers ==
2026-07-26 03:00:52,182 INFO   loaded 51 rows -> vmimporteddata.raw.suppliers
2026-07-26 03:00:52,183 INFO == Subcontractor/GetAll -> raw.subcontractors ==
2026-07-26 03:00:56,242 INFO   loaded 127 rows -> vmimporteddata.raw.subcontractors
2026-07-26 03:00:56,242 INFO == Asset/GetAll -> raw.assets ==
2026-07-26 03:06:21,626 INFO   loaded 13038 rows -> vmimporteddata.raw.assets
2026-07-26 03:06:21,626 INFO == Part/GetAll -> raw.parts ==
2026-07-26 03:07:10,966 INFO   loaded 2002 rows -> vmimporteddata.raw.parts
2026-07-26 03:07:10,966 INFO == Expense/GetAll -> raw.expenses ==
2026-07-26 03:07:15,697 INFO   loaded 56 rows -> vmimporteddata.raw.expenses
2026-07-26 03:07:15,698 INFO === SUMMARY ===
2026-07-26 03:07:15,698 INFO   customers                        45  ok
2026-07-26 03:07:15,698 INFO   sites                           147  ok
2026-07-26 03:07:15,698 INFO   staff                            94  ok
2026-07-26 03:07:15,698 INFO   suppliers                        51  ok
2026-07-26 03:07:15,698 INFO   subcontractors                  127  ok
2026-07-26 03:07:15,698 INFO   assets                        13038  ok
2026-07-26 03:07:15,698 INFO   parts                          2002  ok
2026-07-26 03:07:15,698 INFO   expenses                         56  ok
Waiting on bqjob_r50bc8f81a849341e_0000019f9c66b9f5_1 ... (0s) Current status: RUNNING                                                                                      Waiting on bqjob_r50bc8f81a849341e_0000019f9c66b9f5_1 ... (1s) Current status: RUNNING                                                                                      Waiting on bqjob_r50bc8f81a849341e_0000019f9c66b9f5_1 ... (1s) Current status: DONE   
CREATE TABLE IF NOT EXISTS `vmimporteddata.raw.quote_status_events` (
  quote_id     INT64,
  quote_number STRING,
  old_status   STRING,   -- NULL on the seed/first observation
  new_status   STRING,
  observed_at  TIMESTAMP
); -- at [6:1]
Skipped vmimporteddata.raw.quote_status_events

INSERT INTO `vmimporteddata.raw.quote_status_events` (quote_id, quote_number, old_status, new_status, observed_at)
WITH cur AS (
  SELECT Id AS quote_id,
         ANY_VALUE(QuoteNumber) AS quote_number,
         ANY_VALUE(QuoteStatusDescription) AS status
  FROM `vmimporteddata.raw.quotes`
  WHERE Id IS NOT NULL
  GROUP BY Id
),
last_seen AS (
  SELECT quote_id, new_status AS status
  FROM `vmimporteddata.raw.quote_status_events`
  QUALIFY ROW_NUMBER() OVER (PARTITION BY quote_id ORDER BY observed_at DESC) = 1
)
SELECT c.quote_id, c.quote_number, l.status, c.status, CURRENT_TIMESTAMP()
FROM cur c
LEFT JOIN last_seen l ON l.quote_id = c.quote_id
WHERE l.quote_id IS NULL                              -- new quote (seed)
   OR IFNULL(l.status, '') != IFNULL(c.status, ''); -- at [14:1]
Number of affected rows: 2

03:20:06 quotes incremental 2026-07-12T03:20:06Z..2026-07-26T03:20:06Z
03:20:20 upserted 176 -> vmimporteddata.raw.quotes (now 3249 rows)
03:25:06 invoices incremental 2026-07-12T03:25:06Z..2026-07-26T03:25:06Z
03:25:24 upserted 147 -> vmimporteddata.raw.invoices (now 2316 rows)
03:30:05 forms_logbook incremental 2026-07-12T03:30:05Z..2026-07-26T03:30:05Z
03:30:25 upserted 195 -> vmimporteddata.raw.forms_logbook (now 2879 rows)
2026-07-26 03:35:06,024 INFO token acquired; loading 2 entities
2026-07-26 03:35:06,048 INFO == purchaseorder/getall -> raw.purchase_orders ==
2026-07-26 03:35:45,485 INFO   loaded 894 rows -> vmimporteddata.raw.purchase_orders
2026-07-26 03:35:45,485 INFO == SubcontractorPurchaseOrder/GetAll -> raw.subcontractor_purchase_orders ==
2026-07-26 03:36:39,195 INFO   loaded 1227 rows -> vmimporteddata.raw.subcontractor_purchase_orders
2026-07-26 03:36:39,195 INFO === SUMMARY ===
2026-07-26 03:36:39,195 INFO   purchase_orders                 894  ok
2026-07-26 03:36:39,195 INFO   subcontractor_purchase_orders     1227  ok
2026-07-26 04:00:05,723 INFO token acquired; loading 1 entities
2026-07-26 04:00:05,746 INFO == Timesheet/GetAll -> raw.timesheets ==
2026-07-26 04:06:47,140 INFO   loaded 7696 rows -> vmimporteddata.raw.timesheets
2026-07-26 04:06:47,199 INFO === SUMMARY ===
2026-07-26 04:06:47,199 INFO   timesheets                     7696  ok
Upload complete.
Waiting on bqjob_r3729d31a779f315d_0000019f9cb031a1_1 ... (0s) Current status: RUNNING                                                                                      Waiting on bqjob_r3729d31a779f315d_0000019f9cb031a1_1 ... (1s) Current status: RUNNING                                                                                      Waiting on bqjob_r3729d31a779f315d_0000019f9cb031a1_1 ... (1s) Current status: DONE   
audit sync done: 121318 lines
05:00:07 INFO mode=full quotes to fetch=3249
Traceback (most recent call last):
  File "/opt/jl-loader/load_quote_types.py", line 169, in <module>
    main()
  File "/opt/jl-loader/load_quote_types.py", line 137, in main
    with open(OUT, "w") as f:
         ^^^^^^^^^^^^^^
PermissionError: [Errno 13] Permission denied: '/tmp/quote_types.jsonl'
06:20:06 quotes incremental 2026-07-12T06:20:06Z..2026-07-26T06:20:06Z
06:20:26 upserted 176 -> vmimporteddata.raw.quotes (now 3249 rows)
06:25:07 invoices incremental 2026-07-12T06:25:07Z..2026-07-26T06:25:07Z
06:25:19 upserted 147 -> vmimporteddata.raw.invoices (now 2316 rows)
06:30:05 forms_logbook incremental 2026-07-12T06:30:05Z..2026-07-26T06:30:05Z
06:30:19 upserted 195 -> vmimporteddata.raw.forms_logbook (now 2879 rows)
2026-07-26 06:35:05,841 INFO token acquired; loading 2 entities
2026-07-26 06:35:05,862 INFO == purchaseorder/getall -> raw.purchase_orders ==
2026-07-26 06:35:32,459 INFO   loaded 894 rows -> vmimporteddata.raw.purchase_orders
2026-07-26 06:35:32,459 INFO == SubcontractorPurchaseOrder/GetAll -> raw.subcontractor_purchase_orders ==
2026-07-26 06:36:15,676 INFO   loaded 1227 rows -> vmimporteddata.raw.subcontractor_purchase_orders
2026-07-26 06:36:15,676 INFO === SUMMARY ===
2026-07-26 06:36:15,676 INFO   purchase_orders                 894  ok
2026-07-26 06:36:15,676 INFO   subcontractor_purchase_orders     1227  ok
09:20:05 quotes incremental 2026-07-12T09:20:05Z..2026-07-26T09:20:05Z
09:20:18 upserted 176 -> vmimporteddata.raw.quotes (now 3249 rows)
09:25:05 invoices incremental 2026-07-12T09:25:05Z..2026-07-26T09:25:05Z
09:25:17 upserted 147 -> vmimporteddata.raw.invoices (now 2316 rows)
09:30:04 forms_logbook incremental 2026-07-12T09:30:04Z..2026-07-26T09:30:04Z
09:30:17 upserted 195 -> vmimporteddata.raw.forms_logbook (now 2879 rows)
2026-07-26 09:35:06,289 INFO token acquired; loading 2 entities
2026-07-26 09:35:06,310 INFO == purchaseorder/getall -> raw.purchase_orders ==
2026-07-26 09:35:34,128 INFO   loaded 894 rows -> vmimporteddata.raw.purchase_orders
2026-07-26 09:35:34,128 INFO == SubcontractorPurchaseOrder/GetAll -> raw.subcontractor_purchase_orders ==
2026-07-26 09:36:10,273 INFO   loaded 1227 rows -> vmimporteddata.raw.subcontractor_purchase_orders
2026-07-26 09:36:10,273 INFO === SUMMARY ===
2026-07-26 09:36:10,273 INFO   purchase_orders                 894  ok
2026-07-26 09:36:10,273 INFO   subcontractor_purchase_orders     1227  ok
12:20:11 quotes incremental 2026-07-12T12:20:11Z..2026-07-26T12:20:11Z
12:20:24 upserted 176 -> vmimporteddata.raw.quotes (now 3249 rows)
12:25:06 invoices incremental 2026-07-12T12:25:06Z..2026-07-26T12:25:06Z
12:25:19 upserted 147 -> vmimporteddata.raw.invoices (now 2316 rows)
12:30:05 forms_logbook incremental 2026-07-12T12:30:05Z..2026-07-26T12:30:05Z
12:30:19 upserted 195 -> vmimporteddata.raw.forms_logbook (now 2879 rows)
2026-07-26 12:35:05,623 INFO token acquired; loading 2 entities
2026-07-26 12:35:05,643 INFO == purchaseorder/getall -> raw.purchase_orders ==
2026-07-26 12:35:30,228 INFO   loaded 894 rows -> vmimporteddata.raw.purchase_orders
2026-07-26 12:35:30,229 INFO == SubcontractorPurchaseOrder/GetAll -> raw.subcontractor_purchase_orders ==
2026-07-26 12:36:04,678 INFO   loaded 1227 rows -> vmimporteddata.raw.subcontractor_purchase_orders
2026-07-26 12:36:04,678 INFO === SUMMARY ===
2026-07-26 12:36:04,678 INFO   purchase_orders                 894  ok
2026-07-26 12:36:04,678 INFO   subcontractor_purchase_orders     1227  ok
15:20:06 quotes incremental 2026-07-12T15:20:06Z..2026-07-26T15:20:06Z
15:20:20 upserted 176 -> vmimporteddata.raw.quotes (now 3249 rows)
15:25:05 invoices incremental 2026-07-12T15:25:05Z..2026-07-26T15:25:05Z
15:25:17 upserted 147 -> vmimporteddata.raw.invoices (now 2316 rows)
15:30:05 forms_logbook incremental 2026-07-12T15:30:05Z..2026-07-26T15:30:05Z
15:30:17 upserted 195 -> vmimporteddata.raw.forms_logbook (now 2879 rows)
2026-07-26 15:35:06,695 INFO token acquired; loading 2 entities
2026-07-26 15:35:06,731 INFO == purchaseorder/getall -> raw.purchase_orders ==
2026-07-26 15:35:27,508 INFO   loaded 894 rows -> vmimporteddata.raw.purchase_orders
2026-07-26 15:35:27,508 INFO == SubcontractorPurchaseOrder/GetAll -> raw.subcontractor_purchase_orders ==
2026-07-26 15:36:07,435 INFO   loaded 1227 rows -> vmimporteddata.raw.subcontractor_purchase_orders
2026-07-26 15:36:07,436 INFO === SUMMARY ===
2026-07-26 15:36:07,436 INFO   purchase_orders                 894  ok
2026-07-26 15:36:07,436 INFO   subcontractor_purchase_orders     1227  ok
18:20:06 quotes incremental 2026-07-12T18:20:06Z..2026-07-26T18:20:06Z
18:20:20 upserted 176 -> vmimporteddata.raw.quotes (now 3249 rows)
18:25:04 invoices incremental 2026-07-12T18:25:04Z..2026-07-26T18:25:04Z
18:25:17 upserted 147 -> vmimporteddata.raw.invoices (now 2316 rows)
18:30:04 forms_logbook incremental 2026-07-12T18:30:04Z..2026-07-26T18:30:04Z
18:30:17 upserted 195 -> vmimporteddata.raw.forms_logbook (now 2879 rows)
2026-07-26 18:35:05,693 INFO token acquired; loading 2 entities
2026-07-26 18:35:05,714 INFO == purchaseorder/getall -> raw.purchase_orders ==
2026-07-26 18:35:26,626 INFO   loaded 894 rows -> vmimporteddata.raw.purchase_orders
2026-07-26 18:35:26,626 INFO == SubcontractorPurchaseOrder/GetAll -> raw.subcontractor_purchase_orders ==
2026-07-26 18:36:04,476 INFO   loaded 1227 rows -> vmimporteddata.raw.subcontractor_purchase_orders
2026-07-26 18:36:04,476 INFO === SUMMARY ===
2026-07-26 18:36:04,476 INFO   purchase_orders                 894  ok
2026-07-26 18:36:04,476 INFO   subcontractor_purchase_orders     1227  ok
21:20:06 quotes incremental 2026-07-12T21:20:06Z..2026-07-26T21:20:06Z
21:20:24 upserted 176 -> vmimporteddata.raw.quotes (now 3249 rows)
21:25:05 invoices incremental 2026-07-12T21:25:05Z..2026-07-26T21:25:05Z
21:25:20 upserted 147 -> vmimporteddata.raw.invoices (now 2316 rows)
21:30:05 forms_logbook incremental 2026-07-12T21:30:05Z..2026-07-26T21:30:05Z
21:30:19 upserted 195 -> vmimporteddata.raw.forms_logbook (now 2879 rows)
2026-07-26 21:35:05,560 INFO token acquired; loading 2 entities
2026-07-26 21:35:05,579 INFO == purchaseorder/getall -> raw.purchase_orders ==
2026-07-26 21:35:28,292 INFO   loaded 894 rows -> vmimporteddata.raw.purchase_orders
2026-07-26 21:35:28,292 INFO == SubcontractorPurchaseOrder/GetAll -> raw.subcontractor_purchase_orders ==
2026-07-26 21:36:00,963 INFO   loaded 1227 rows -> vmimporteddata.raw.subcontractor_purchase_orders
2026-07-26 21:36:00,963 INFO === SUMMARY ===
2026-07-26 21:36:00,963 INFO   purchase_orders                 894  ok
2026-07-26 21:36:00,963 INFO   subcontractor_purchase_orders     1227  ok
00:20:06 quotes incremental 2026-07-13T00:20:06Z..2026-07-27T00:20:06Z
00:20:19 upserted 176 -> vmimporteddata.raw.quotes (now 3249 rows)
00:25:05 invoices incremental 2026-07-13T00:25:05Z..2026-07-27T00:25:05Z
00:25:17 upserted 145 -> vmimporteddata.raw.invoices (now 2316 rows)
00:30:08 forms_logbook incremental 2026-07-13T00:30:08Z..2026-07-27T00:30:08Z
00:30:22 upserted 195 -> vmimporteddata.raw.forms_logbook (now 2879 rows)
2026-07-27 00:35:05,421 INFO token acquired; loading 2 entities
2026-07-27 00:35:05,440 INFO == purchaseorder/getall -> raw.purchase_orders ==
2026-07-27 00:35:26,633 INFO   loaded 894 rows -> vmimporteddata.raw.purchase_orders
2026-07-27 00:35:26,634 INFO == SubcontractorPurchaseOrder/GetAll -> raw.subcontractor_purchase_orders ==
2026-07-27 00:36:06,927 INFO   loaded 1227 rows -> vmimporteddata.raw.subcontractor_purchase_orders
2026-07-27 00:36:06,927 INFO === SUMMARY ===
2026-07-27 00:36:06,927 INFO   purchase_orders                 894  ok
2026-07-27 00:36:06,927 INFO   subcontractor_purchase_orders     1227  ok
2026-07-27 02:00:06,219 INFO token acquired; loading 1 entities
2026-07-27 02:00:06,262 INFO == Job/getall -> raw.jobs ==
2026-07-27 02:40:10,079 INFO token acquired; loading 2 entities
2026-07-27 02:40:10,132 INFO == Quote/GetAll -> raw.quotes ==
2026-07-27 02:41:08,761 INFO   loaded 3249 rows -> vmimporteddata.raw.quotes
2026-07-27 02:41:08,762 INFO == FormsLogbook/getall -> raw.forms_logbook ==
2026-07-27 02:41:49,563 INFO   loaded 2879 rows -> vmimporteddata.raw.forms_logbook
2026-07-27 02:41:49,563 INFO === SUMMARY ===
2026-07-27 02:41:49,563 INFO   quotes                         3249  ok
2026-07-27 02:41:49,563 INFO   forms_logbook                  2879  ok
02:55:06 INFO mode=incr quotes to fetch=84
Traceback (most recent call last):
  File "/opt/jl-loader/load_quote_types.py", line 169, in <module>
    main()
  File "/opt/jl-loader/load_quote_types.py", line 137, in main
    with open(OUT, "w") as f:
         ^^^^^^^^^^^^^^
PermissionError: [Errno 13] Permission denied: '/tmp/quote_types.jsonl'
2026-07-27 03:00:04,949 INFO token acquired; loading 8 entities
2026-07-27 03:00:04,969 INFO == Customer/GetAll -> raw.customers ==
2026-07-27 03:00:14,894 INFO   loaded 45 rows -> vmimporteddata.raw.customers
2026-07-27 03:00:14,894 INFO == Site/GetAll -> raw.sites ==
2026-07-27 03:00:20,530 INFO   loaded 147 rows -> vmimporteddata.raw.sites
2026-07-27 03:00:20,530 INFO == Staff/GetAll -> raw.staff ==
2026-07-27 03:00:24,454 INFO   loaded 94 rows -> vmimporteddata.raw.staff
2026-07-27 03:00:24,454 INFO == Supplier/GetAll -> raw.suppliers ==
2026-07-27 03:00:32,418 INFO   loaded 51 rows -> vmimporteddata.raw.suppliers
2026-07-27 03:00:32,419 INFO == Subcontractor/GetAll -> raw.subcontractors ==
2026-07-27 03:00:37,128 INFO   loaded 127 rows -> vmimporteddata.raw.subcontractors
2026-07-27 03:00:37,128 INFO == Asset/GetAll -> raw.assets ==
2026-07-27 03:04:19,731 INFO   loaded 13038 rows -> vmimporteddata.raw.assets
2026-07-27 03:04:19,731 INFO == Part/GetAll -> raw.parts ==
2026-07-27 03:04:51,067 INFO   loaded 2002 rows -> vmimporteddata.raw.parts
2026-07-27 03:04:51,067 INFO == Expense/GetAll -> raw.expenses ==
2026-07-27 03:04:54,517 INFO   loaded 56 rows -> vmimporteddata.raw.expenses
2026-07-27 03:04:54,517 INFO === SUMMARY ===
2026-07-27 03:04:54,518 INFO   customers                        45  ok
2026-07-27 03:04:54,518 INFO   sites                           147  ok
2026-07-27 03:04:54,518 INFO   staff                            94  ok
2026-07-27 03:04:54,518 INFO   suppliers                        51  ok
2026-07-27 03:04:54,518 INFO   subcontractors                  127  ok
2026-07-27 03:04:54,518 INFO   assets                        13038  ok
2026-07-27 03:04:54,518 INFO   parts                          2002  ok
2026-07-27 03:04:54,518 INFO   expenses                         56  ok
Waiting on bqjob_r764a13c6003b6fbd_0000019fa18d121a_1 ... (0s) Current status: RUNNING                                                                                      Waiting on bqjob_r764a13c6003b6fbd_0000019fa18d121a_1 ... (1s) Current status: RUNNING                                                                                      Waiting on bqjob_r764a13c6003b6fbd_0000019fa18d121a_1 ... (1s) Current status: DONE   
CREATE TABLE IF NOT EXISTS `vmimporteddata.raw.quote_status_events` (
  quote_id     INT64,
  quote_number STRING,
  old_status   STRING,   -- NULL on the seed/first observation
  new_status   STRING,
  observed_at  TIMESTAMP
); -- at [6:1]
Skipped vmimporteddata.raw.quote_status_events

INSERT INTO `vmimporteddata.raw.quote_status_events` (quote_id, quote_number, old_status, new_status, observed_at)
WITH cur AS (
  SELECT Id AS quote_id,
         ANY_VALUE(QuoteNumber) AS quote_number,
         ANY_VALUE(QuoteStatusDescription) AS status
  FROM `vmimporteddata.raw.quotes`
  WHERE Id IS NOT NULL
  GROUP BY Id
),
last_seen AS (
  SELECT quote_id, new_status AS status
  FROM `vmimporteddata.raw.quote_status_events`
  QUALIFY ROW_NUMBER() OVER (PARTITION BY quote_id ORDER BY observed_at DESC) = 1
)
SELECT c.quote_id, c.quote_number, l.status, c.status, CURRENT_TIMESTAMP()
FROM cur c
LEFT JOIN last_seen l ON l.quote_id = c.quote_id
WHERE l.quote_id IS NULL                              -- new quote (seed)
   OR IFNULL(l.status, '') != IFNULL(c.status, ''); -- at [14:1]
Number of affected rows: 5

03:20:05 quotes incremental 2026-07-13T03:20:05Z..2026-07-27T03:20:05Z
03:20:19 upserted 176 -> vmimporteddata.raw.quotes (now 3249 rows)
03:25:05 invoices incremental 2026-07-13T03:25:05Z..2026-07-27T03:25:05Z
03:25:20 upserted 145 -> vmimporteddata.raw.invoices (now 2316 rows)
03:30:04 forms_logbook incremental 2026-07-13T03:30:04Z..2026-07-27T03:30:04Z
03:30:18 upserted 195 -> vmimporteddata.raw.forms_logbook (now 2879 rows)
2026-07-27 03:35:05,229 INFO token acquired; loading 2 entities
2026-07-27 03:35:05,249 INFO == purchaseorder/getall -> raw.purchase_orders ==
2026-07-27 03:35:23,256 INFO   loaded 894 rows -> vmimporteddata.raw.purchase_orders
2026-07-27 03:35:23,256 INFO == SubcontractorPurchaseOrder/GetAll -> raw.subcontractor_purchase_orders ==
2026-07-27 03:35:47,771 INFO   loaded 1227 rows -> vmimporteddata.raw.subcontractor_purchase_orders
2026-07-27 03:35:47,771 INFO === SUMMARY ===
2026-07-27 03:35:47,771 INFO   purchase_orders                 894  ok
2026-07-27 03:35:47,771 INFO   subcontractor_purchase_orders     1227  ok
2026-07-27 04:00:06,105 INFO token acquired; loading 1 entities
2026-07-27 04:00:06,127 INFO == Timesheet/GetAll -> raw.timesheets ==
2026-07-27 04:04:49,295 INFO   loaded 7696 rows -> vmimporteddata.raw.timesheets
2026-07-27 04:04:49,337 INFO === SUMMARY ===
2026-07-27 04:04:49,337 INFO   timesheets                     7696  ok
Upload complete.
Waiting on bqjob_r445b71d5040da227_0000019fa1d69a95_1 ... (0s) Current status: RUNNING                                                                                      Waiting on bqjob_r445b71d5040da227_0000019fa1d69a95_1 ... (1s) Current status: RUNNING                                                                                      Waiting on bqjob_r445b71d5040da227_0000019fa1d69a95_1 ... (1s) Current status: DONE   
audit sync done: 121360 lines
06:20:06 quotes incremental 2026-07-13T06:20:06Z..2026-07-27T06:20:06Z
06:20:19 upserted 174 -> vmimporteddata.raw.quotes (now 3249 rows)
06:25:04 invoices incremental 2026-07-13T06:25:04Z..2026-07-27T06:25:04Z
06:25:17 upserted 145 -> vmimporteddata.raw.invoices (now 2316 rows)
06:30:05 forms_logbook incremental 2026-07-13T06:30:05Z..2026-07-27T06:30:05Z
06:30:25 upserted 196 -> vmimporteddata.raw.forms_logbook (now 2880 rows)
2026-07-27 06:35:05,449 INFO token acquired; loading 2 entities
2026-07-27 06:35:05,468 INFO == purchaseorder/getall -> raw.purchase_orders ==
2026-07-27 06:35:35,995 INFO   loaded 894 rows -> vmimporteddata.raw.purchase_orders
2026-07-27 06:35:35,995 INFO == SubcontractorPurchaseOrder/GetAll -> raw.subcontractor_purchase_orders ==
2026-07-27 06:36:29,093 INFO   loaded 1227 rows -> vmimporteddata.raw.subcontractor_purchase_orders
2026-07-27 06:36:29,094 INFO === SUMMARY ===
2026-07-27 06:36:29,094 INFO   purchase_orders                 894  ok
2026-07-27 06:36:29,094 INFO   subcontractor_purchase_orders     1227  ok
07:00:07 jobs incremental 2026-07-24T07:00:07Z..2026-07-27T07:00:07Z
07:00:51 upserted 214 -> vmimporteddata.raw.jobs (now 35304 rows)
07:15:05 jobs incremental 2026-07-24T07:15:05Z..2026-07-27T07:15:05Z
07:15:31 upserted 210 -> vmimporteddata.raw.jobs (now 35305 rows)
07:30:05 jobs incremental 2026-07-24T07:30:05Z..2026-07-27T07:30:05Z
07:30:35 upserted 210 -> vmimporteddata.raw.jobs (now 35305 rows)
07:45:05 jobs incremental 2026-07-24T07:45:05Z..2026-07-27T07:45:05Z
07:45:30 upserted 209 -> vmimporteddata.raw.jobs (now 35305 rows)
08:00:05 jobs incremental 2026-07-24T08:00:05Z..2026-07-27T08:00:05Z
08:00:43 upserted 205 -> vmimporteddata.raw.jobs (now 35308 rows)
08:15:06 jobs incremental 2026-07-24T08:15:06Z..2026-07-27T08:15:06Z
08:15:50 upserted 209 -> vmimporteddata.raw.jobs (now 35310 rows)
08:30:07 jobs incremental 2026-07-24T08:30:07Z..2026-07-27T08:30:07Z
08:30:30 upserted 207 -> vmimporteddata.raw.jobs (now 35310 rows)
08:45:06 jobs incremental 2026-07-24T08:45:06Z..2026-07-27T08:45:06Z
08:45:34 upserted 207 -> vmimporteddata.raw.jobs (now 35311 rows)
09:00:05 jobs incremental 2026-07-24T09:00:05Z..2026-07-27T09:00:05Z
09:01:28 upserted 203 -> vmimporteddata.raw.jobs (now 35312 rows)
09:15:05 jobs incremental 2026-07-24T09:15:05Z..2026-07-27T09:15:05Z
09:15:25 upserted 191 -> vmimporteddata.raw.jobs (now 35314 rows)
09:20:06 quotes incremental 2026-07-13T09:20:06Z..2026-07-27T09:20:06Z
09:20:25 upserted 174 -> vmimporteddata.raw.quotes (now 3250 rows)
09:25:05 invoices incremental 2026-07-13T09:25:05Z..2026-07-27T09:25:05Z
09:25:18 upserted 145 -> vmimporteddata.raw.invoices (now 2316 rows)
09:30:08 jobs incremental 2026-07-24T09:30:08Z..2026-07-27T09:30:08Z
09:30:08 forms_logbook incremental 2026-07-13T09:30:08Z..2026-07-27T09:30:08Z
09:30:34 upserted 195 -> vmimporteddata.raw.forms_logbook (now 2888 rows)
09:30:49 upserted 227 -> vmimporteddata.raw.jobs (now 35355 rows)
2026-07-27 09:35:05,199 INFO token acquired; loading 2 entities
2026-07-27 09:35:05,219 INFO == purchaseorder/getall -> raw.purchase_orders ==
2026-07-27 09:35:44,087 INFO   loaded 894 rows -> vmimporteddata.raw.purchase_orders
2026-07-27 09:35:44,087 INFO == SubcontractorPurchaseOrder/GetAll -> raw.subcontractor_purchase_orders ==
2026-07-27 09:37:31,508 INFO   loaded 1227 rows -> vmimporteddata.raw.subcontractor_purchase_orders
2026-07-27 09:37:31,509 INFO === SUMMARY ===
2026-07-27 09:37:31,509 INFO   purchase_orders                 894  ok
2026-07-27 09:37:31,509 INFO   subcontractor_purchase_orders     1227  ok
2026-07-27 09:45:04,555 INFO mode = APPLY (writes) | policy = fill-blanks-only + mismatch report
2026-07-27 09:45:05,892 INFO BigQuery: 1864 original jobs carry quote(s)
09:45:06 jobs incremental 2026-07-24T09:45:06Z..2026-07-27T09:45:06Z
2026-07-27 09:45:08,333 WARNING job ref n/a on multiple items (3100234137, 2966824967); keeping 3100234137
2026-07-27 09:45:08,334 WARNING job ref PROJ0002286 on multiple items (3097141272, 2915434357); keeping 3097141272
2026-07-27 09:45:10,479 WARNING job ref PROJ0000435 on multiple items (5085276202, 2557328911); keeping 5085276202
2026-07-27 09:45:10,479 WARNING job ref PROJ0000327 on multiple items (2153302055, 2552283930); keeping 2153302055
2026-07-27 09:45:10,479 WARNING job ref PROJ0000280 on multiple items (5086038581, 5087275796); keeping 5086038581
2026-07-27 09:45:13,616 WARNING job ref TBC on multiple items (3063511661, 2692359448); keeping 3063511661
2026-07-27 09:45:13,617 WARNING job ref PROJ0000681 on multiple items (2734009560, 2649528212); keeping 2734009560
2026-07-27 09:45:13,617 WARNING job ref TBC on multiple items (3063511661, 2846831618); keeping 3063511661
2026-07-27 09:45:13,617 WARNING job ref PROJ0000778 on multiple items (2788665063, 2583123002); keeping 2788665063
2026-07-27 09:45:13,617 WARNING job ref PROJ0001204 on multiple items (2793241095, 2911315924); keeping 2793241095
2026-07-27 09:45:13,617 WARNING job ref PROJ0001322 on multiple items (2761136419, 2906584503); keeping 2761136419
2026-07-27 09:45:13,617 WARNING job ref TBC on multiple items (3063511661, 2889312501); keeping 3063511661
2026-07-27 09:45:13,617 WARNING job ref PROJ0001146 on multiple items (2941709168, 2948317160); keeping 2941709168
2026-07-27 09:45:15,918 WARNING job ref TBC on multiple items (3063511661, 2906579067); keeping 3063511661
2026-07-27 09:45:15,918 WARNING job ref PROJ0001767 on multiple items (2935501675, 2935500028); keeping 2935501675
2026-07-27 09:45:15,918 WARNING job ref TBC on multiple items (3063511661, 2914893293); keeping 3063511661
2026-07-27 09:45:15,918 WARNING job ref PROJ0001787 on multiple items (2966632396, 2983198888); keeping 2966632396
2026-07-27 09:45:15,919 WARNING job ref PROJ0002043 on multiple items (3028242169, 3032860755); keeping 3028242169
2026-07-27 09:45:15,919 WARNING job ref PROJ0002019 on multiple items (2964040548, 3016803442); keeping 2964040548
2026-07-27 09:45:15,919 WARNING job ref PROJ0000885 on multiple items (2786092317, 2825960185); keeping 2786092317
2026-07-27 09:45:17,461 WARNING job ref RE0009076 on multiple items (2557272497, 2554970823); keeping 2557272497
2026-07-27 09:45:17,462 WARNING job ref TBC on multiple items (3063511661, 2636954188); keeping 3063511661
2026-07-27 09:45:17,462 WARNING job ref TBC on multiple items (3063511661, 2695646209); keeping 3063511661
2026-07-27 09:45:17,462 WARNING job ref RE0010424 on multiple items (2607372464, 2761148073); keeping 2607372464
2026-07-27 09:45:17,462 WARNING job ref TBC on multiple items (3063511661, 2627206153); keeping 3063511661
2026-07-27 09:45:17,463 WARNING job ref RE0011629 on multiple items (2740366289, 2666274655); keeping 2740366289
2026-07-27 09:45:17,463 WARNING job ref TBC on multiple items (3063511661, 2857953203); keeping 3063511661
2026-07-27 09:45:17,463 WARNING job ref TBC on multiple items (3063511661, 2843016902); keeping 3063511661
2026-07-27 09:45:17,463 WARNING job ref n/a on multiple items (3100234137, 2750854478); keeping 3100234137
2026-07-27 09:45:17,463 WARNING job ref TBC on multiple items (3063511661, 2623750506); keeping 3063511661
2026-07-27 09:45:17,463 WARNING job ref TBC on multiple items (3063511661, 2633584985); keeping 3063511661
2026-07-27 09:45:17,463 INFO Monday: scanned 2443 items on board 5084790211; 1292 distinct job refs indexed (31 ref conflicts)
2026-07-27 09:45:17,466 INFO blanks to fill=0, mismatches=45, already-correct=186, quotes-with-no-matching-item=1633
2026-07-27 09:45:17,466 INFO mismatch report -> /opt/jl-loader/monday_quote_report.csv (45 rows)
2026-07-27 09:45:17,466 INFO   MISMATCH PROJ0000657 'Fire Curtain S&I 8-11 Floors': monday='UP01493' JL='UP03099' (missing=UP03099 extra=UP1493)
2026-07-27 09:45:17,467 INFO   MISMATCH PROJ0000245 'LGA | Refresh Project': monday='UP00496' JL='UP01194' (missing=UP01194 extra=UP496)
2026-07-27 09:45:17,467 INFO   MISMATCH RE0016826 'LON54 | build storage unit': monday='UP01979' JL='UP01944, UP01979' (missing=UP01944 extra=-)
2026-07-27 09:45:17,467 INFO   MISMATCH RE0011629 'LON12 | 4th floor | multiple | wate': monday='UP02385' JL='UP01570, UP02385' (missing=UP01570 extra=-)
2026-07-27 09:45:17,467 INFO   MISMATCH RE0010804 'LON41 | 08w111 | Member request | U': monday='UP01266' JL='UP01202, UP01266' (missing=UP01202 extra=-)
2026-07-27 09:45:17,467 INFO   MISMATCH RE0010424 'LON13 | 6th floor 06-102 | Skirting': monday='UP01153' JL='UP01153, UP01154' (missing=UP01154 extra=-)
2026-07-27 09:45:17,467 INFO   MISMATCH RE0015134 'LON31| Timer- Floor: 7 Office: 101': monday='UP02293' JL='UP02098, UP02293' (missing=UP02098 extra=-)
2026-07-27 09:45:17,467 INFO   MISMATCH RE0009076 'LON13 | 2nd | Office 02-111 | Frost': monday='UP00999' JL='UP00998, UP00999' (missing=UP00998 extra=-)
2026-07-27 09:45:17,467 INFO   MISMATCH PROJ0001080 'LON28 | 05B149 | Frosting quote': monday='UP02237' JL='UP02237, UP02301' (missing=UP02301 extra=-)
2026-07-27 09:45:17,467 INFO   MISMATCH RE0018627 'Hang Item- Floor: 6 Office: 06C130': monday='UP02271' JL='UP02271, UP02507' (missing=UP02507 extra=-)
2026-07-27 09:45:17,467 INFO   MISMATCH RE0014146 'LON44 | 04-133 | Frosting Quote': monday='UP01525' JL='UP01545' (missing=UP01545 extra=UP1525)
2026-07-27 09:45:17,467 INFO   MISMATCH PROJ0001598 'LON11 | Glass frosting quote | 50.0': monday='UP02713' JL='UP02694, UP02697, UP02712, UP02713' (missing=UP02694, UP02697, UP02712 extra=-)
2026-07-27 09:45:17,467 INFO   MISMATCH RE0009488 'LON11 | 3.036 Privacy frosting - 4 ': monday='UP01058/RE0009488' JL='UP01064' (missing=UP01064 extra=UP1058)
2026-07-27 09:45:17,467 INFO   MISMATCH RE0008859 'Vinyl logo | Branch Metrics | Desig': monday='UP01047' JL='UP01005, UP01047' (missing=UP01005 extra=-)
2026-07-27 09:45:17,467 INFO   MISMATCH PROJ0000823 'LON49| 1st Floor | 01-103 | Office ': monday='UP02017' JL='UP02017, UP02143' (missing=UP02143 extra=-)
2026-07-27 09:45:17,467 INFO   MISMATCH PROJ0001838 'LON49 | 1st Floor | Quote for Mid B': monday='UP02917' JL='UP03037' (missing=UP03037 extra=UP2917)
2026-07-27 09:45:17,467 INFO   MISMATCH PROJ0001246 'LON25| Grommets| Audit': monday='UP02183' JL='UP02912' (missing=UP02912 extra=UP2183)
2026-07-27 09:45:17,467 INFO   MISMATCH PROJ0001766 'LON25 | Aldwych H - Ground Floor St': monday='UP02845' JL='UP03033' (missing=UP03033 extra=UP2845)
2026-07-27 09:45:17,467 INFO   MISMATCH RE0014791 'LON25| Glass Panel Removal| 2-127 &': monday='UP01641' JL='UP01641, UP01644' (missing=UP01644 extra=-)
2026-07-27 09:45:17,467 INFO   MISMATCH RE0018342 'LON 09 | GR-103 Frosting Panels': monday='UP02189' JL='UP02162' (missing=UP02162 extra=UP2189)
2026-07-27 09:45:17,467 INFO   MISMATCH PROJ0001787 'LON17 | 2A crack in the glass/vinyl': monday='UP02843' JL='UP03043' (missing=UP03043 extra=UP2843)
2026-07-27 09:45:17,467 INFO   MISMATCH PROJ0000604 'LON13 | 3F | Signage | Freetrade | ': monday='UP01646' JL='UP01831, UP01832, UP01834' (missing=UP01831, UP01832, UP01834 extra=UP1646)
2026-07-27 09:45:17,467 INFO   MISMATCH PROJ0000806 'LON13 | 3F | Neon sign repair | Fre': monday='UP01832' JL='UP02340' (missing=UP02340 extra=UP1832)
2026-07-27 09:45:17,467 INFO   MISMATCH RE0009321 'Coursera | PVC | Member paid': monday='UP1024' JL='UP01023, UP01024' (missing=UP01023 extra=-)
2026-07-27 09:45:17,467 INFO   MISMATCH PROJ0001599 'LON44 | Projects | 2F | shattered w': monday='UP02589' JL='UP02994' (missing=UP02994 extra=UP2589)
2026-07-27 09:45:17,467 INFO   ... and 20 more in the CSV
2026-07-27 09:45:17,467 INFO APPLIED 0 blank-fill updates. Mismatches (45) were NOT changed — see /opt/jl-loader/monday_quote_report.csv.
09:45:40 upserted 278 -> vmimporteddata.raw.jobs (now 35410 rows)
2026-07-27 09:50:02,570 INFO mode = APPLY | change-triggered (last-write-wins)
2026-07-27 09:50:02,590 INFO running job-status CDC…
2026-07-27 09:50:06,288 INFO unsynced status changes: 3
2026-07-27 09:50:10,802 INFO planned Monday writes: 0 (from 3 changes)
2026-07-27 09:50:12,740 INFO APPLIED 0 Monday writes; marked changes up to 2026-07-27 09:50:03.697229+00:00 synced.
10:00:05 jobs incremental 2026-07-24T10:00:05Z..2026-07-27T10:00:05Z
10:00:44 upserted 268 -> vmimporteddata.raw.jobs (now 35410 rows)
2026-07-27 10:05:03,628 INFO mode = APPLY | change-triggered (last-write-wins)
2026-07-27 10:05:03,662 INFO running job-status CDC…
2026-07-27 10:05:07,345 INFO unsynced status changes: 12
2026-07-27 10:05:26,078 INFO planned Monday writes: 0 (from 12 changes)
2026-07-27 10:05:27,869 INFO APPLIED 0 Monday writes; marked changes up to 2026-07-27 10:05:04.844131+00:00 synced.
10:15:05 jobs incremental 2026-07-24T10:15:05Z..2026-07-27T10:15:05Z
10:15:38 upserted 265 -> vmimporteddata.raw.jobs (now 35411 rows)
2026-07-27 10:20:03,715 INFO mode = APPLY | change-triggered (last-write-wins)
2026-07-27 10:20:03,742 INFO running job-status CDC…
2026-07-27 10:20:07,470 INFO unsynced status changes: 21
2026-07-27 10:20:36,593 INFO planned Monday writes: 0 (from 21 changes)
2026-07-27 10:20:38,597 INFO APPLIED 0 Monday writes; marked changes up to 2026-07-27 10:20:04.964363+00:00 synced.
10:30:05 jobs incremental 2026-07-24T10:30:05Z..2026-07-27T10:30:05Z
10:30:53 upserted 271 -> vmimporteddata.raw.jobs (now 35411 rows)
2026-07-27 10:35:03,507 INFO mode = APPLY | change-triggered (last-write-wins)
2026-07-27 10:35:03,529 INFO running job-status CDC…
2026-07-27 10:35:07,254 INFO unsynced status changes: 9
2026-07-27 10:35:19,969 INFO planned Monday writes: 1 (from 9 changes)
2026-07-27 10:35:19,969 INFO   PROJ0002347 (sid 11) item 3083612475 'LON32 | Dissemble Of Shelving un': PM: 'Approved'->'Complete'
2026-07-27 10:35:23,201 INFO APPLIED 1 Monday writes; marked changes up to 2026-07-27 10:35:04.633813+00:00 synced.
10:45:05 jobs incremental 2026-07-24T10:45:05Z..2026-07-27T10:45:05Z
10:45:32 upserted 270 -> vmimporteddata.raw.jobs (now 35413 rows)
2026-07-27 10:50:03,244 INFO mode = APPLY | change-triggered (last-write-wins)
2026-07-27 10:50:03,266 INFO running job-status CDC…
2026-07-27 10:50:06,711 INFO unsynced status changes: 7
2026-07-27 10:50:16,762 INFO planned Monday writes: 0 (from 7 changes)
2026-07-27 10:50:18,976 INFO APPLIED 0 Monday writes; marked changes up to 2026-07-27 10:50:04.391415+00:00 synced.
11:00:05 jobs incremental 2026-07-24T11:00:05Z..2026-07-27T11:00:05Z
11:00:55 upserted 270 -> vmimporteddata.raw.jobs (now 35415 rows)
2026-07-27 11:05:03,512 INFO mode = APPLY | change-triggered (last-write-wins)
2026-07-27 11:05:03,534 INFO running job-status CDC…
2026-07-27 11:05:07,382 INFO unsynced status changes: 6
2026-07-27 11:05:15,906 INFO planned Monday writes: 0 (from 6 changes)
2026-07-27 11:05:17,906 INFO APPLIED 0 Monday writes; marked changes up to 2026-07-27 11:05:04.750319+00:00 synced.
11:15:05 jobs incremental 2026-07-24T11:15:05Z..2026-07-27T11:15:05Z
11:15:43 upserted 275 -> vmimporteddata.raw.jobs (now 35416 rows)
2026-07-27 11:20:03,460 INFO mode = APPLY | change-triggered (last-write-wins)
2026-07-27 11:20:03,484 INFO running job-status CDC…
2026-07-27 11:20:06,898 INFO unsynced status changes: 14
2026-07-27 11:20:26,420 INFO planned Monday writes: 0 (from 14 changes)
2026-07-27 11:20:28,529 INFO APPLIED 0 Monday writes; marked changes up to 2026-07-27 11:20:04.371931+00:00 synced.
11:30:05 jobs incremental 2026-07-24T11:30:05Z..2026-07-27T11:30:05Z
11:30:39 upserted 273 -> vmimporteddata.raw.jobs (now 35417 rows)
2026-07-27 11:35:02,951 INFO mode = APPLY | change-triggered (last-write-wins)
2026-07-27 11:35:02,974 INFO running job-status CDC…
2026-07-27 11:35:06,580 INFO unsynced status changes: 5
2026-07-27 11:35:12,733 INFO planned Monday writes: 0 (from 5 changes)
2026-07-27 11:35:14,649 INFO APPLIED 0 Monday writes; marked changes up to 2026-07-27 11:35:04.057040+00:00 synced.
11:45:06 jobs incremental 2026-07-24T11:45:06Z..2026-07-27T11:45:06Z
11:45:35 upserted 271 -> vmimporteddata.raw.jobs (now 35417 rows)
2026-07-27 11:50:02,958 INFO mode = APPLY | change-triggered (last-write-wins)
2026-07-27 11:50:02,978 INFO running job-status CDC…
2026-07-27 11:50:06,277 INFO unsynced status changes: 5
2026-07-27 11:50:13,541 INFO planned Monday writes: 0 (from 5 changes)
2026-07-27 11:50:15,402 INFO APPLIED 0 Monday writes; marked changes up to 2026-07-27 11:50:04.113639+00:00 synced.
12:00:05 jobs incremental 2026-07-24T12:00:05Z..2026-07-27T12:00:05Z
12:00:37 upserted 265 -> vmimporteddata.raw.jobs (now 35417 rows)
2026-07-27 12:05:02,915 INFO mode = APPLY | change-triggered (last-write-wins)
2026-07-27 12:05:02,940 INFO running job-status CDC…
2026-07-27 12:05:07,856 INFO unsynced status changes: 6
2026-07-27 12:05:16,623 INFO planned Monday writes: 0 (from 6 changes)
2026-07-27 12:05:18,997 INFO APPLIED 0 Monday writes; marked changes up to 2026-07-27 12:05:04.350931+00:00 synced.
12:15:05 jobs incremental 2026-07-24T12:15:05Z..2026-07-27T12:15:05Z
12:15:30 upserted 265 -> vmimporteddata.raw.jobs (now 35419 rows)
2026-07-27 12:20:03,969 INFO mode = APPLY | change-triggered (last-write-wins)
2026-07-27 12:20:03,998 INFO running job-status CDC…
12:20:06 quotes incremental 2026-07-13T12:20:06Z..2026-07-27T12:20:06Z
2026-07-27 12:20:07,970 INFO unsynced status changes: 7
2026-07-27 12:20:18,952 INFO planned Monday writes: 0 (from 7 changes)
2026-07-27 12:20:27,478 INFO APPLIED 0 Monday writes; marked changes up to 2026-07-27 12:20:05.145174+00:00 synced.
12:20:33 upserted 173 -> vmimporteddata.raw.quotes (now 3253 rows)
12:25:05 invoices incremental 2026-07-13T12:25:05Z..2026-07-27T12:25:05Z
12:25:21 upserted 146 -> vmimporteddata.raw.invoices (now 2317 rows)
12:30:07 forms_logbook incremental 2026-07-13T12:30:07Z..2026-07-27T12:30:07Z
12:30:07 jobs incremental 2026-07-24T12:30:07Z..2026-07-27T12:30:07Z
12:30:22 upserted 196 -> vmimporteddata.raw.forms_logbook (now 2900 rows)
12:30:41 upserted 263 -> vmimporteddata.raw.jobs (now 35420 rows)
2026-07-27 12:35:03,591 INFO mode = APPLY | change-triggered (last-write-wins)
2026-07-27 12:35:03,620 INFO running job-status CDC…
2026-07-27 12:35:06,027 INFO token acquired; loading 2 entities
2026-07-27 12:35:06,048 INFO == purchaseorder/getall -> raw.purchase_orders ==
2026-07-27 12:35:07,442 INFO unsynced status changes: 6
2026-07-27 12:35:16,233 INFO planned Monday writes: 0 (from 6 changes)
2026-07-27 12:35:18,260 INFO APPLIED 0 Monday writes; marked changes up to 2026-07-27 12:35:04.787504+00:00 synced.
2026-07-27 12:35:38,417 INFO   loaded 895 rows -> vmimporteddata.raw.purchase_orders
2026-07-27 12:35:38,417 INFO == SubcontractorPurchaseOrder/GetAll -> raw.subcontractor_purchase_orders ==
2026-07-27 12:36:21,087 INFO   loaded 1227 rows -> vmimporteddata.raw.subcontractor_purchase_orders
2026-07-27 12:36:21,087 INFO === SUMMARY ===
2026-07-27 12:36:21,087 INFO   purchase_orders                 895  ok
2026-07-27 12:36:21,087 INFO   subcontractor_purchase_orders     1227  ok
2026-07-27 12:45:04,213 INFO mode = APPLY (writes) | policy = fill-blanks-only + mismatch report
2026-07-27 12:45:05,534 INFO BigQuery: 1865 original jobs carry quote(s)
12:45:06 jobs incremental 2026-07-24T12:45:06Z..2026-07-27T12:45:06Z
2026-07-27 12:45:07,723 WARNING job ref n/a on multiple items (3100234137, 2966824967); keeping 3100234137
2026-07-27 12:45:07,725 WARNING job ref TBC on multiple items (3063511661, 3117578798); keeping 3063511661
2026-07-27 12:45:07,725 WARNING job ref n/a on multiple items (3100234137, 5058867192); keeping 3100234137
2026-07-27 12:45:07,725 WARNING job ref PROJ0002286 on multiple items (3097141272, 2915434357); keeping 3097141272
2026-07-27 12:45:11,165 WARNING job ref PROJ0000435 on multiple items (5085276202, 2557328911); keeping 5085276202
2026-07-27 12:45:11,165 WARNING job ref PROJ0000327 on multiple items (2153302055, 2552283930); keeping 2153302055
2026-07-27 12:45:11,165 WARNING job ref PROJ0000280 on multiple items (5086038581, 5087275796); keeping 5086038581
2026-07-27 12:45:13,138 WARNING job ref TBC on multiple items (3063511661, 2692359448); keeping 3063511661
2026-07-27 12:45:13,138 WARNING job ref PROJ0000681 on multiple items (2734009560, 2649528212); keeping 2734009560
2026-07-27 12:45:13,138 WARNING job ref TBC on multiple items (3063511661, 2846831618); keeping 3063511661
2026-07-27 12:45:13,138 WARNING job ref PROJ0000778 on multiple items (2788665063, 2583123002); keeping 2788665063
2026-07-27 12:45:13,138 WARNING job ref PROJ0001204 on multiple items (2793241095, 2911315924); keeping 2793241095
2026-07-27 12:45:13,139 WARNING job ref PROJ0001322 on multiple items (2761136419, 2906584503); keeping 2761136419
2026-07-27 12:45:13,139 WARNING job ref TBC on multiple items (3063511661, 2889312501); keeping 3063511661
2026-07-27 12:45:13,139 WARNING job ref PROJ0001146 on multiple items (2941709168, 2948317160); keeping 2941709168
2026-07-27 12:45:13,139 WARNING job ref TBC on multiple items (3063511661, 2906579067); keeping 3063511661
2026-07-27 12:45:15,679 WARNING job ref PROJ0001767 on multiple items (2935501675, 2935500028); keeping 2935501675
2026-07-27 12:45:15,680 WARNING job ref TBC on multiple items (3063511661, 2914893293); keeping 3063511661
2026-07-27 12:45:15,680 WARNING job ref PROJ0001787 on multiple items (2966632396, 2983198888); keeping 2966632396
2026-07-27 12:45:15,680 WARNING job ref PROJ0002043 on multiple items (3028242169, 3032860755); keeping 3028242169
2026-07-27 12:45:15,680 WARNING job ref PROJ0002019 on multiple items (2964040548, 3016803442); keeping 2964040548
2026-07-27 12:45:15,680 WARNING job ref PROJ0000885 on multiple items (2786092317, 2825960185); keeping 2786092317
2026-07-27 12:45:15,680 WARNING job ref PROJ0002320 on multiple items (3025956827, 3104333998); keeping 3025956827
2026-07-27 12:45:17,781 WARNING job ref RE0009076 on multiple items (2557272497, 2554970823); keeping 2557272497
2026-07-27 12:45:17,781 WARNING job ref TBC on multiple items (3063511661, 2636954188); keeping 3063511661
2026-07-27 12:45:17,781 WARNING job ref TBC on multiple items (3063511661, 2695646209); keeping 3063511661
2026-07-27 12:45:17,781 WARNING job ref RE0010424 on multiple items (2607372464, 2761148073); keeping 2607372464
2026-07-27 12:45:17,782 WARNING job ref TBC on multiple items (3063511661, 2627206153); keeping 3063511661
2026-07-27 12:45:17,782 WARNING job ref RE0011629 on multiple items (2740366289, 2666274655); keeping 2740366289
2026-07-27 12:45:17,782 WARNING job ref TBC on multiple items (3063511661, 2857953203); keeping 3063511661
2026-07-27 12:45:17,782 WARNING job ref TBC on multiple items (3063511661, 2843016902); keeping 3063511661
2026-07-27 12:45:17,782 WARNING job ref n/a on multiple items (3100234137, 2750854478); keeping 3100234137
2026-07-27 12:45:17,782 WARNING job ref TBC on multiple items (3063511661, 2623750506); keeping 3063511661
2026-07-27 12:45:17,782 WARNING job ref TBC on multiple items (3063511661, 2633584985); keeping 3063511661
2026-07-27 12:45:17,782 INFO Monday: scanned 2451 items on board 5084790211; 1295 distinct job refs indexed (34 ref conflicts)
2026-07-27 12:45:17,785 INFO blanks to fill=0, mismatches=47, already-correct=185, quotes-with-no-matching-item=1633
2026-07-27 12:45:17,786 INFO mismatch report -> /opt/jl-loader/monday_quote_report.csv (47 rows)
2026-07-27 12:45:17,786 INFO   MISMATCH PROJ0000657 'Fire Curtain S&I 8-11 Floors': monday='UP01493' JL='UP03099' (missing=UP03099 extra=UP1493)
2026-07-27 12:45:17,786 INFO   MISMATCH PROJ0000245 'LGA | Refresh Project': monday='UP00496' JL='UP01194' (missing=UP01194 extra=UP496)
2026-07-27 12:45:17,786 INFO   MISMATCH RE0016826 'LON54 | build storage unit': monday='UP01979' JL='UP01944, UP01979' (missing=UP01944 extra=-)
2026-07-27 12:45:17,786 INFO   MISMATCH RE0011629 'LON12 | 4th floor | multiple | wate': monday='UP02385' JL='UP01570, UP02385' (missing=UP01570 extra=-)
2026-07-27 12:45:17,786 INFO   MISMATCH RE0010804 'LON41 | 08w111 | Member request | U': monday='UP01266' JL='UP01202, UP01266' (missing=UP01202 extra=-)
2026-07-27 12:45:17,786 INFO   MISMATCH RE0010424 'LON13 | 6th floor 06-102 | Skirting': monday='UP01153' JL='UP01153, UP01154' (missing=UP01154 extra=-)
2026-07-27 12:45:17,786 INFO   MISMATCH RE0015134 'LON31| Timer- Floor: 7 Office: 101': monday='UP02293' JL='UP02098, UP02293' (missing=UP02098 extra=-)
2026-07-27 12:45:17,786 INFO   MISMATCH RE0009076 'LON13 | 2nd | Office 02-111 | Frost': monday='UP00999' JL='UP00998, UP00999' (missing=UP00998 extra=-)
2026-07-27 12:45:17,786 INFO   MISMATCH PROJ0001080 'LON28 | 05B149 | Frosting quote': monday='UP02237' JL='UP02237, UP02301' (missing=UP02301 extra=-)
2026-07-27 12:45:17,786 INFO   MISMATCH RE0018627 'Hang Item- Floor: 6 Office: 06C130': monday='UP02271' JL='UP02271, UP02507' (missing=UP02507 extra=-)
2026-07-27 12:45:17,786 INFO   MISMATCH RE0014146 'LON44 | 04-133 | Frosting Quote': monday='UP01525' JL='UP01545' (missing=UP01545 extra=UP1525)
2026-07-27 12:45:17,786 INFO   MISMATCH PROJ0001598 'LON11 | Glass frosting quote | 50.0': monday='UP02713' JL='UP02694, UP02697, UP02712, UP02713' (missing=UP02694, UP02697, UP02712 extra=-)
2026-07-27 12:45:17,787 INFO   MISMATCH RE0009488 'LON11 | 3.036 Privacy frosting - 4 ': monday='UP01058/RE0009488' JL='UP01064' (missing=UP01064 extra=UP1058)
2026-07-27 12:45:17,787 INFO   MISMATCH RE0008859 'Vinyl logo | Branch Metrics | Desig': monday='UP01047' JL='UP01005, UP01047' (missing=UP01005 extra=-)
2026-07-27 12:45:17,787 INFO   MISMATCH PROJ0000823 'LON49| 1st Floor | 01-103 | Office ': monday='UP02017' JL='UP02017, UP02143' (missing=UP02143 extra=-)
2026-07-27 12:45:17,787 INFO   MISMATCH PROJ0001838 'LON49 | 1st Floor | Quote for Mid B': monday='UP02917' JL='UP03037' (missing=UP03037 extra=UP2917)
2026-07-27 12:45:17,787 INFO   MISMATCH PROJ0001246 'LON25| Grommets| Audit': monday='UP02183' JL='UP02912' (missing=UP02912 extra=UP2183)
2026-07-27 12:45:17,787 INFO   MISMATCH PROJ0001766 'LON25 | Aldwych H - Ground Floor St': monday='UP02845' JL='UP03033' (missing=UP03033 extra=UP2845)
2026-07-27 12:45:17,787 INFO   MISMATCH RE0014791 'LON25| Glass Panel Removal| 2-127 &': monday='UP01641' JL='UP01641, UP01644' (missing=UP01644 extra=-)
2026-07-27 12:45:17,787 INFO   MISMATCH RE0018342 'LON 09 | GR-103 Frosting Panels': monday='UP02189' JL='UP02162' (missing=UP02162 extra=UP2189)
2026-07-27 12:45:17,787 INFO   MISMATCH PROJ0001787 'LON17 | 2A crack in the glass/vinyl': monday='UP02843' JL='UP03043' (missing=UP03043 extra=UP2843)
2026-07-27 12:45:17,787 INFO   MISMATCH PROJ0000604 'LON13 | 3F | Signage | Freetrade | ': monday='UP01646' JL='UP01831, UP01832, UP01834' (missing=UP01831, UP01832, UP01834 extra=UP1646)
2026-07-27 12:45:17,787 INFO   MISMATCH PROJ0000806 'LON13 | 3F | Neon sign repair | Fre': monday='UP01832' JL='UP02340' (missing=UP02340 extra=UP1832)
2026-07-27 12:45:17,787 INFO   MISMATCH RE0009321 'Coursera | PVC | Member paid': monday='UP1024' JL='UP01023, UP01024' (missing=UP01023 extra=-)
2026-07-27 12:45:17,787 INFO   MISMATCH PROJ0001599 'LON44 | Projects | 2F | shattered w': monday='UP02589' JL='UP02994' (missing=UP02994 extra=UP2589)
2026-07-27 12:45:17,787 INFO   ... and 22 more in the CSV
2026-07-27 12:45:17,787 INFO APPLIED 0 blank-fill updates. Mismatches (47) were NOT changed — see /opt/jl-loader/monday_quote_report.csv.
12:45:34 upserted 268 -> vmimporteddata.raw.jobs (now 35424 rows)
2026-07-27 12:50:03,249 INFO mode = APPLY | change-triggered (last-write-wins)
2026-07-27 12:50:03,276 INFO running job-status CDC…
2026-07-27 12:50:07,082 INFO unsynced status changes: 6
2026-07-27 12:50:15,999 INFO planned Monday writes: 2 (from 6 changes)
2026-07-27 12:50:15,999 INFO   PROJ0002328 (sid 11) item 3110182558 'LON71 | 6x Filing Cabinets Need ': PM: 'Lost/Not Progressed'->'Complete'
2026-07-27 12:50:15,999 INFO   PROJ0002221 (sid 11) item 3086558648 'Request #11986892 General Inquir': PM: 'Quoted'->'Complete'
2026-07-27 12:50:20,422 INFO APPLIED 2 Monday writes; marked changes up to 2026-07-27 12:50:04.446769+00:00 synced.
13:00:06 jobs incremental 2026-07-24T13:00:06Z..2026-07-27T13:00:06Z
13:00:51 upserted 264 -> vmimporteddata.raw.jobs (now 35426 rows)
2026-07-27 13:05:03,440 INFO mode = APPLY | change-triggered (last-write-wins)
2026-07-27 13:05:03,463 INFO running job-status CDC…
2026-07-27 13:05:07,302 INFO unsynced status changes: 2
2026-07-27 13:05:10,205 INFO planned Monday writes: 0 (from 2 changes)
2026-07-27 13:05:12,238 INFO APPLIED 0 Monday writes; marked changes up to 2026-07-27 13:05:04.472976+00:00 synced.
13:15:05 jobs incremental 2026-07-24T13:15:05Z..2026-07-27T13:15:05Z
13:15:31 upserted 261 -> vmimporteddata.raw.jobs (now 35426 rows)
2026-07-27 13:20:03,474 INFO mode = APPLY | change-triggered (last-write-wins)
2026-07-27 13:20:03,508 INFO running job-status CDC…
2026-07-27 13:20:07,603 INFO unsynced status changes: 3
2026-07-27 13:20:12,195 INFO planned Monday writes: 0 (from 3 changes)
2026-07-27 13:20:13,767 INFO APPLIED 0 Monday writes; marked changes up to 2026-07-27 13:20:04.634289+00:00 synced.
13:30:06 jobs incremental 2026-07-24T13:30:06Z..2026-07-27T13:30:06Z
13:31:04 upserted 257 -> vmimporteddata.raw.jobs (now 35426 rows)
2026-07-27 13:35:03,623 INFO mode = APPLY | change-triggered (last-write-wins)
2026-07-27 13:35:03,650 INFO running job-status CDC…
2026-07-27 13:35:07,305 INFO unsynced status changes: 5
2026-07-27 13:35:18,036 INFO planned Monday writes: 0 (from 5 changes)
2026-07-27 13:35:19,631 INFO APPLIED 0 Monday writes; marked changes up to 2026-07-27 13:35:04.767597+00:00 synced.
13:45:05 jobs incremental 2026-07-24T13:45:05Z..2026-07-27T13:45:05Z
13:45:36 upserted 257 -> vmimporteddata.raw.jobs (now 35427 rows)
2026-07-27 13:50:05,258 INFO mode = APPLY | change-triggered (last-write-wins)
2026-07-27 13:50:05,283 INFO running job-status CDC…
2026-07-27 13:50:10,255 INFO unsynced status changes: 5
2026-07-27 13:50:18,418 INFO planned Monday writes: 0 (from 5 changes)
2026-07-27 13:50:20,399 INFO APPLIED 0 Monday writes; marked changes up to 2026-07-27 13:50:06.303515+00:00 synced.
14:00:06 jobs incremental 2026-07-24T14:00:06Z..2026-07-27T14:00:06Z
14:00:45 upserted 254 -> vmimporteddata.raw.jobs (now 35428 rows)
2026-07-27 14:05:03,953 INFO mode = APPLY | change-triggered (last-write-wins)
2026-07-27 14:05:03,987 INFO running job-status CDC…
2026-07-27 14:05:07,614 INFO unsynced status changes: 3
2026-07-27 14:05:12,412 INFO planned Monday writes: 0 (from 3 changes)
2026-07-27 14:05:14,485 INFO APPLIED 0 Monday writes; marked changes up to 2026-07-27 14:05:04.922455+00:00 synced.
14:15:07 jobs incremental 2026-07-24T14:15:07Z..2026-07-27T14:15:07Z
14:16:01 upserted 251 -> vmimporteddata.raw.jobs (now 35429 rows)
2026-07-27 14:20:03,030 INFO mode = APPLY | change-triggered (last-write-wins)
2026-07-27 14:20:03,052 INFO running job-status CDC…
2026-07-27 14:20:06,725 INFO unsynced status changes: 2
2026-07-27 14:20:09,594 INFO planned Monday writes: 0 (from 2 changes)
2026-07-27 14:20:11,529 INFO APPLIED 0 Monday writes; marked changes up to 2026-07-27 14:20:04.140099+00:00 synced.
14:30:13 jobs incremental 2026-07-24T14:30:13Z..2026-07-27T14:30:13Z
14:31:00 upserted 248 -> vmimporteddata.raw.jobs (now 41885 rows)
2026-07-27 14:35:03,365 INFO mode = APPLY | change-triggered (last-write-wins)
2026-07-27 14:35:03,387 INFO running job-status CDC…
2026-07-27 14:35:07,500 INFO unsynced status changes: 96
2026-07-27 14:37:21,873 INFO planned Monday writes: 9 (from 96 changes)
2026-07-27 14:37:21,873 INFO   PROJ0001800 (sid 7) item 2979693120 'LON20 | 05w118 | Soundproofing b': PM: 'Approved'->'Project In Progress'
2026-07-27 14:37:21,873 INFO   PROJ0001455 (sid 7) item 2840404536 'LON17 | 3rd | LED pantry': PM: 'Complete'->'Project In Progress'
2026-07-27 14:37:21,873 INFO   PROJ0002139 (sid 8) item 3042740160 'LON 09 | 4th floor external bath': Fin: 'Invoiced'->'To Invoice'
2026-07-27 14:37:21,873 INFO   PROJ0002300 (sid 1) item 2960674411 '06W118 - P&D': PM: 'Approved'->'Project In Progress'
2026-07-27 14:37:21,873 INFO   PROJ0002253 (sid 7) item 3089768960 'LON44 | Phone Booth Re-Seal': PM: 'Referred to Member/WW'->'Project In Progress'
2026-07-27 14:37:21,874 INFO   PROJ0002331 (sid 7) item 3110173238 'Broken Wooden Chairs- Floor: 4 O': PM: 'Lost/Not Progressed'->'Project In Progress'
2026-07-27 14:37:21,874 INFO   RE0025576 (sid 11) item 3089341530 'LON44 | Drain Cleaning All Showe': PM: 'Quoted'->'Complete'
2026-07-27 14:37:21,874 INFO   RE0010606 (sid 1) item 2735265902 'LON09 | Lower Ground | Plant Roo': PM: 'Reassigned'->'Project In Progress'
2026-07-27 14:37:21,874 INFO   PROJ0002032 (sid 1) item 3024982206 'LON12 | Stairwell A | from G to ': PM: 'Complete'->'Project In Progress'
2026-07-27 14:37:34,174 INFO APPLIED 9 Monday writes; marked changes up to 2026-07-27 14:35:04.501931+00:00 synced.
14:45:05 jobs incremental 2026-07-24T14:45:05Z..2026-07-27T14:45:05Z
14:45:30 upserted 248 -> vmimporteddata.raw.jobs (now 41887 rows)
2026-07-27 14:50:03,122 INFO mode = APPLY | change-triggered (last-write-wins)
2026-07-27 14:50:03,143 INFO running job-status CDC…
2026-07-27 14:50:06,790 INFO unsynced status changes: 7
2026-07-27 14:50:17,542 INFO planned Monday writes: 1 (from 7 changes)
2026-07-27 14:50:17,542 INFO   PROJ0001455 (sid 11) item 2840404536 'LON17 | 3rd | LED pantry': PM: 'Project In Progress'->'Complete'
2026-07-27 14:50:20,921 INFO APPLIED 1 Monday writes; marked changes up to 2026-07-27 14:50:04.248664+00:00 synced.
15:00:05 jobs incremental 2026-07-24T15:00:05Z..2026-07-27T15:00:05Z
15:00:50 upserted 250 -> vmimporteddata.raw.jobs (now 41888 rows)
2026-07-27 15:05:03,090 INFO mode = APPLY | change-triggered (last-write-wins)
2026-07-27 15:05:03,110 INFO running job-status CDC…
2026-07-27 15:05:06,762 INFO unsynced status changes: 3
2026-07-27 15:05:11,131 INFO planned Monday writes: 0 (from 3 changes)
2026-07-27 15:05:13,090 INFO APPLIED 0 Monday writes; marked changes up to 2026-07-27 15:05:04.255236+00:00 synced.
15:15:04 jobs incremental 2026-07-24T15:15:04Z..2026-07-27T15:15:04Z
15:15:37 upserted 253 -> vmimporteddata.raw.jobs (now 41888 rows)
2026-07-27 15:20:04,442 INFO mode = APPLY | change-triggered (last-write-wins)
2026-07-27 15:20:04,476 INFO running job-status CDC…
15:20:07 quotes incremental 2026-07-13T15:20:07Z..2026-07-27T15:20:07Z
2026-07-27 15:20:08,239 INFO unsynced status changes: 7
2026-07-27 15:20:18,244 INFO planned Monday writes: 0 (from 7 changes)
2026-07-27 15:20:19,975 INFO APPLIED 0 Monday writes; marked changes up to 2026-07-27 15:20:05.446198+00:00 synced.
15:20:29 upserted 173 -> vmimporteddata.raw.quotes (now 3261 rows)
15:25:05 invoices incremental 2026-07-13T15:25:05Z..2026-07-27T15:25:05Z
15:25:21 upserted 150 -> vmimporteddata.raw.invoices (now 2321 rows)
15:30:06 jobs incremental 2026-07-24T15:30:06Z..2026-07-27T15:30:06Z
15:30:06 forms_logbook incremental 2026-07-13T15:30:06Z..2026-07-27T15:30:06Z
15:30:25 upserted 174 -> vmimporteddata.raw.forms_logbook (now 2905 rows)
15:30:44 upserted 250 -> vmimporteddata.raw.jobs (now 41889 rows)
2026-07-27 15:35:03,859 INFO mode = APPLY | change-triggered (last-write-wins)
2026-07-27 15:35:03,904 INFO running job-status CDC…
2026-07-27 15:35:06,667 INFO token acquired; loading 2 entities
2026-07-27 15:35:06,697 INFO == purchaseorder/getall -> raw.purchase_orders ==
2026-07-27 15:35:07,476 INFO unsynced status changes: 3
2026-07-27 15:35:11,721 INFO planned Monday writes: 0 (from 3 changes)
2026-07-27 15:35:15,041 INFO APPLIED 0 Monday writes; marked changes up to 2026-07-27 15:35:05.253727+00:00 synced.
2026-07-27 15:35:52,245 INFO   loaded 898 rows -> vmimporteddata.raw.purchase_orders
2026-07-27 15:35:52,245 INFO == SubcontractorPurchaseOrder/GetAll -> raw.subcontractor_purchase_orders ==
2026-07-27 15:36:44,583 INFO   loaded 1229 rows -> vmimporteddata.raw.subcontractor_purchase_orders
2026-07-27 15:36:44,584 INFO === SUMMARY ===
2026-07-27 15:36:44,584 INFO   purchase_orders                 898  ok
2026-07-27 15:36:44,584 INFO   subcontractor_purchase_orders     1229  ok
2026-07-27 15:45:04,279 INFO mode = APPLY (writes) | policy = fill-blanks-only + mismatch report
2026-07-27 15:45:05,807 INFO BigQuery: 1870 original jobs carry quote(s)
15:45:08 jobs incremental 2026-07-24T15:45:08Z..2026-07-27T15:45:08Z
2026-07-27 15:45:08,496 WARNING job ref n/a on multiple items (3100234137, 2966824967); keeping 3100234137
2026-07-27 15:45:08,497 WARNING job ref TBC on multiple items (3063511661, 3117578798); keeping 3063511661
2026-07-27 15:45:08,497 WARNING job ref n/a on multiple items (3100234137, 5058867192); keeping 3100234137
2026-07-27 15:45:08,498 WARNING job ref PROJ0002286 on multiple items (3097141272, 2915434357); keeping 3097141272
2026-07-27 15:45:10,602 WARNING job ref PROJ0000435 on multiple items (5085276202, 2557328911); keeping 5085276202
2026-07-27 15:45:10,602 WARNING job ref PROJ0000327 on multiple items (2153302055, 2552283930); keeping 2153302055
2026-07-27 15:45:10,602 WARNING job ref PROJ0000280 on multiple items (5086038581, 5087275796); keeping 5086038581
2026-07-27 15:45:12,278 WARNING job ref TBC on multiple items (3063511661, 2692359448); keeping 3063511661
2026-07-27 15:45:12,278 WARNING job ref PROJ0000681 on multiple items (2734009560, 2649528212); keeping 2734009560
2026-07-27 15:45:12,280 WARNING job ref TBC on multiple items (3063511661, 2846831618); keeping 3063511661
2026-07-27 15:45:12,280 WARNING job ref PROJ0000778 on multiple items (2788665063, 2583123002); keeping 2788665063
2026-07-27 15:45:12,280 WARNING job ref PROJ0001204 on multiple items (2793241095, 2911315924); keeping 2793241095
2026-07-27 15:45:12,280 WARNING job ref PROJ0001322 on multiple items (2761136419, 2906584503); keeping 2761136419
2026-07-27 15:45:12,280 WARNING job ref TBC on multiple items (3063511661, 2889312501); keeping 3063511661
2026-07-27 15:45:12,280 WARNING job ref PROJ0001146 on multiple items (2941709168, 2948317160); keeping 2941709168
2026-07-27 15:45:14,237 WARNING job ref TBC on multiple items (3063511661, 2906579067); keeping 3063511661
2026-07-27 15:45:14,237 WARNING job ref PROJ0001767 on multiple items (2935501675, 2935500028); keeping 2935501675
2026-07-27 15:45:14,237 WARNING job ref TBC on multiple items (3063511661, 2914893293); keeping 3063511661
2026-07-27 15:45:14,237 WARNING job ref PROJ0001787 on multiple items (2966632396, 2983198888); keeping 2966632396
2026-07-27 15:45:14,238 WARNING job ref PROJ0002043 on multiple items (3028242169, 3032860755); keeping 3028242169
2026-07-27 15:45:14,238 WARNING job ref PROJ0002019 on multiple items (2964040548, 3016803442); keeping 2964040548
2026-07-27 15:45:14,238 WARNING job ref PROJ0000885 on multiple items (2786092317, 2825960185); keeping 2786092317
2026-07-27 15:45:14,238 WARNING job ref PROJ0002320 on multiple items (3025956827, 3104333998); keeping 3025956827
2026-07-27 15:45:16,222 WARNING job ref RE0009076 on multiple items (2557272497, 2554970823); keeping 2557272497
2026-07-27 15:45:16,223 WARNING job ref TBC on multiple items (3063511661, 2636954188); keeping 3063511661
2026-07-27 15:45:16,223 WARNING job ref TBC on multiple items (3063511661, 2695646209); keeping 3063511661
2026-07-27 15:45:16,223 WARNING job ref RE0010424 on multiple items (2607372464, 2761148073); keeping 2607372464
2026-07-27 15:45:16,223 WARNING job ref TBC on multiple items (3063511661, 2627206153); keeping 3063511661
2026-07-27 15:45:16,223 WARNING job ref RE0011629 on multiple items (2740366289, 2666274655); keeping 2740366289
2026-07-27 15:45:16,224 WARNING job ref TBC on multiple items (3063511661, 2857953203); keeping 3063511661
2026-07-27 15:45:16,224 WARNING job ref TBC on multiple items (3063511661, 2843016902); keeping 3063511661
2026-07-27 15:45:16,224 WARNING job ref n/a on multiple items (3100234137, 2750854478); keeping 3100234137
2026-07-27 15:45:16,224 WARNING job ref TBC on multiple items (3063511661, 2623750506); keeping 3063511661
2026-07-27 15:45:16,224 WARNING job ref TBC on multiple items (3063511661, 2633584985); keeping 3063511661
2026-07-27 15:45:16,224 INFO Monday: scanned 2453 items on board 5084790211; 1297 distinct job refs indexed (34 ref conflicts)
2026-07-27 15:45:16,227 INFO blanks to fill=1, mismatches=47, already-correct=188, quotes-with-no-matching-item=1634
2026-07-27 15:45:16,227 INFO mismatch report -> /opt/jl-loader/monday_quote_report.csv (47 rows)
2026-07-27 15:45:16,228 INFO   MISMATCH PROJ0000657 'Fire Curtain S&I 8-11 Floors': monday='UP01493' JL='UP03099' (missing=UP03099 extra=UP1493)
2026-07-27 15:45:16,228 INFO   MISMATCH PROJ0000245 'LGA | Refresh Project': monday='UP00496' JL='UP01194' (missing=UP01194 extra=UP496)
2026-07-27 15:45:16,228 INFO   MISMATCH RE0016826 'LON54 | build storage unit': monday='UP01979' JL='UP01944, UP01979' (missing=UP01944 extra=-)
2026-07-27 15:45:16,228 INFO   MISMATCH RE0011629 'LON12 | 4th floor | multiple | wate': monday='UP02385' JL='UP01570, UP02385' (missing=UP01570 extra=-)
2026-07-27 15:45:16,228 INFO   MISMATCH RE0010804 'LON41 | 08w111 | Member request | U': monday='UP01266' JL='UP01202, UP01266' (missing=UP01202 extra=-)
2026-07-27 15:45:16,228 INFO   MISMATCH RE0010424 'LON13 | 6th floor 06-102 | Skirting': monday='UP01153' JL='UP01153, UP01154' (missing=UP01154 extra=-)
2026-07-27 15:45:16,228 INFO   MISMATCH RE0015134 'LON31| Timer- Floor: 7 Office: 101': monday='UP02293' JL='UP02098, UP02293' (missing=UP02098 extra=-)
2026-07-27 15:45:16,228 INFO   MISMATCH RE0009076 'LON13 | 2nd | Office 02-111 | Frost': monday='UP00999' JL='UP00998, UP00999' (missing=UP00998 extra=-)
2026-07-27 15:45:16,228 INFO   MISMATCH PROJ0001080 'LON28 | 05B149 | Frosting quote': monday='UP02237' JL='UP02237, UP02301' (missing=UP02301 extra=-)
2026-07-27 15:45:16,228 INFO   MISMATCH RE0018627 'Hang Item- Floor: 6 Office: 06C130': monday='UP02271' JL='UP02271, UP02507' (missing=UP02507 extra=-)
2026-07-27 15:45:16,228 INFO   MISMATCH RE0014146 'LON44 | 04-133 | Frosting Quote': monday='UP01525' JL='UP01545' (missing=UP01545 extra=UP1525)
2026-07-27 15:45:16,228 INFO   MISMATCH PROJ0001598 'LON11 | Glass frosting quote | 50.0': monday='UP02713' JL='UP02694, UP02697, UP02712, UP02713' (missing=UP02694, UP02697, UP02712 extra=-)
2026-07-27 15:45:16,228 INFO   MISMATCH RE0009488 'LON11 | 3.036 Privacy frosting - 4 ': monday='UP01058/RE0009488' JL='UP01064' (missing=UP01064 extra=UP1058)
2026-07-27 15:45:16,228 INFO   MISMATCH RE0008859 'Vinyl logo | Branch Metrics | Desig': monday='UP01047' JL='UP01005, UP01047' (missing=UP01005 extra=-)
2026-07-27 15:45:16,228 INFO   MISMATCH PROJ0000823 'LON49| 1st Floor | 01-103 | Office ': monday='UP02017' JL='UP02017, UP02143' (missing=UP02143 extra=-)
2026-07-27 15:45:16,228 INFO   MISMATCH PROJ0001838 'LON49 | 1st Floor | Quote for Mid B': monday='UP02917' JL='UP03037' (missing=UP03037 extra=UP2917)
2026-07-27 15:45:16,228 INFO   MISMATCH PROJ0001246 'LON25| Grommets| Audit': monday='UP02183' JL='UP02912' (missing=UP02912 extra=UP2183)
2026-07-27 15:45:16,228 INFO   MISMATCH PROJ0001766 'LON25 | Aldwych H - Ground Floor St': monday='UP02845' JL='UP03033' (missing=UP03033 extra=UP2845)
2026-07-27 15:45:16,228 INFO   MISMATCH RE0014791 'LON25| Glass Panel Removal| 2-127 &': monday='UP01641' JL='UP01641, UP01644' (missing=UP01644 extra=-)
2026-07-27 15:45:16,228 INFO   MISMATCH RE0018342 'LON 09 | GR-103 Frosting Panels': monday='UP02189' JL='UP02162' (missing=UP02162 extra=UP2189)
2026-07-27 15:45:16,228 INFO   MISMATCH PROJ0001787 'LON17 | 2A crack in the glass/vinyl': monday='UP02843' JL='UP03043' (missing=UP03043 extra=UP2843)
2026-07-27 15:45:16,228 INFO   MISMATCH PROJ0000604 'LON13 | 3F | Signage | Freetrade | ': monday='UP01646' JL='UP01831, UP01832, UP01834' (missing=UP01831, UP01832, UP01834 extra=UP1646)
2026-07-27 15:45:16,228 INFO   MISMATCH PROJ0000806 'LON13 | 3F | Neon sign repair | Fre': monday='UP01832' JL='UP02340' (missing=UP02340 extra=UP1832)
2026-07-27 15:45:16,228 INFO   MISMATCH RE0009321 'Coursera | PVC | Member paid': monday='UP1024' JL='UP01023, UP01024' (missing=UP01023 extra=-)
2026-07-27 15:45:16,228 INFO   MISMATCH PROJ0001599 'LON44 | Projects | 2F | shattered w': monday='UP02589' JL='UP02994' (missing=UP02994 extra=UP2589)
2026-07-27 15:45:16,228 INFO   ... and 22 more in the CSV
2026-07-27 15:45:16,228 INFO   FILL PROJ0002363 (item 3117175428 'LON33 | Community Mailroom | Wall Mirror') -> 'UP03434'
2026-07-27 15:45:17,279 INFO APPLIED 1 blank-fill updates. Mismatches (47) were NOT changed — see /opt/jl-loader/monday_quote_report.csv.
15:45:39 upserted 249 -> vmimporteddata.raw.jobs (now 41889 rows)
2026-07-27 15:50:03,014 INFO mode = APPLY | change-triggered (last-write-wins)
2026-07-27 15:50:03,038 INFO running job-status CDC…
2026-07-27 15:50:06,751 INFO unsynced status changes: 1
2026-07-27 15:50:08,075 INFO planned Monday writes: 0 (from 1 changes)
2026-07-27 15:50:09,774 INFO APPLIED 0 Monday writes; marked changes up to 2026-07-27 15:50:04.136803+00:00 synced.
16:00:07 jobs incremental 2026-07-24T16:00:07Z..2026-07-27T16:00:07Z
16:00:50 upserted 285 -> vmimporteddata.raw.jobs (now 41925 rows)
2026-07-27 16:05:03,156 INFO mode = APPLY | change-triggered (last-write-wins)
2026-07-27 16:05:03,178 INFO running job-status CDC…
2026-07-27 16:05:06,961 INFO unsynced status changes: 1
2026-07-27 16:05:08,445 INFO planned Monday writes: 0 (from 1 changes)
2026-07-27 16:05:10,390 INFO APPLIED 0 Monday writes; marked changes up to 2026-07-27 16:05:04.366405+00:00 synced.
16:15:05 jobs incremental 2026-07-24T16:15:05Z..2026-07-27T16:15:05Z
16:15:40 upserted 284 -> vmimporteddata.raw.jobs (now 41925 rows)
2026-07-27 16:20:03,472 INFO mode = APPLY | change-triggered (last-write-wins)
2026-07-27 16:20:03,508 INFO running job-status CDC…
2026-07-27 16:20:07,032 INFO unsynced status changes: 7
2026-07-27 16:20:19,239 INFO planned Monday writes: 1 (from 7 changes)
2026-07-27 16:20:19,239 INFO   PROJ0002354 (sid 11) item 3100890177 'Wellness Rm, 7th Floor - Kitchen': PM: 'Project In Progress'->'Complete'
2026-07-27 16:20:22,490 INFO APPLIED 1 Monday writes; marked changes up to 2026-07-27 16:20:04.798715+00:00 synced.
16:30:05 jobs incremental 2026-07-24T16:30:05Z..2026-07-27T16:30:05Z
16:30:37 upserted 283 -> vmimporteddata.raw.jobs (now 41925 rows)
2026-07-27 16:35:03,002 INFO mode = APPLY | change-triggered (last-write-wins)
2026-07-27 16:35:03,023 INFO running job-status CDC…
2026-07-27 16:35:06,374 INFO unsynced status changes: 2
2026-07-27 16:35:09,230 INFO planned Monday writes: 0 (from 2 changes)
2026-07-27 16:35:10,825 INFO APPLIED 0 Monday writes; marked changes up to 2026-07-27 16:35:04.068983+00:00 synced.
16:45:06 jobs incremental 2026-07-24T16:45:06Z..2026-07-27T16:45:06Z
16:45:38 upserted 280 -> vmimporteddata.raw.jobs (now 41925 rows)
2026-07-27 16:50:03,126 INFO mode = APPLY | change-triggered (last-write-wins)
2026-07-27 16:50:03,147 INFO running job-status CDC…
2026-07-27 16:50:06,431 INFO unsynced status changes: 1
2026-07-27 16:50:07,846 INFO planned Monday writes: 0 (from 1 changes)
2026-07-27 16:50:09,594 INFO APPLIED 0 Monday writes; marked changes up to 2026-07-27 16:50:03.936372+00:00 synced.
17:00:06 jobs incremental 2026-07-24T17:00:06Z..2026-07-27T17:00:06Z
17:00:50 upserted 280 -> vmimporteddata.raw.jobs (now 41925 rows)
2026-07-27 17:05:03,097 INFO mode = APPLY | change-triggered (last-write-wins)
2026-07-27 17:05:03,131 INFO running job-status CDC…
2026-07-27 17:05:07,120 INFO unsynced status changes: 0
2026-07-27 17:05:07,120 INFO nothing to push.
17:15:05 jobs incremental 2026-07-24T17:15:05Z..2026-07-27T17:15:05Z
17:15:29 upserted 279 -> vmimporteddata.raw.jobs (now 41925 rows)
2026-07-27 17:20:02,970 INFO mode = APPLY | change-triggered (last-write-wins)
2026-07-27 17:20:02,992 INFO running job-status CDC…
2026-07-27 17:20:06,629 INFO unsynced status changes: 0
2026-07-27 17:20:06,629 INFO nothing to push.
17:30:05 jobs incremental 2026-07-24T17:30:05Z..2026-07-27T17:30:05Z
17:30:33 upserted 281 -> vmimporteddata.raw.jobs (now 41925 rows)
2026-07-27 17:35:03,003 INFO mode = APPLY | change-triggered (last-write-wins)
2026-07-27 17:35:03,025 INFO running job-status CDC…
2026-07-27 17:35:06,713 INFO unsynced status changes: 4
2026-07-27 17:35:13,159 INFO planned Monday writes: 2 (from 4 changes)
2026-07-27 17:35:13,160 INFO   PROJ0002324 (sid 11) item 3101352809 'LON32| 2nd Floor | Floor Sockets': PM: 'Project In Progress'->'Complete'
2026-07-27 17:35:13,160 INFO   PROJ0001800 (sid 11) item 2979693120 'LON20 | 05w118 | Soundproofing b': PM: 'Project In Progress'->'Complete'
2026-07-27 17:35:17,006 INFO APPLIED 2 Monday writes; marked changes up to 2026-07-27 17:35:04.120582+00:00 synced.
17:45:05 jobs incremental 2026-07-24T17:45:05Z..2026-07-27T17:45:05Z
17:45:43 upserted 283 -> vmimporteddata.raw.jobs (now 41925 rows)
2026-07-27 17:50:02,941 INFO mode = APPLY | change-triggered (last-write-wins)
2026-07-27 17:50:02,963 INFO running job-status CDC…
2026-07-27 17:50:06,737 INFO unsynced status changes: 2
2026-07-27 17:50:09,860 INFO planned Monday writes: 0 (from 2 changes)
2026-07-27 17:50:17,026 INFO APPLIED 0 Monday writes; marked changes up to 2026-07-27 17:50:03.949095+00:00 synced.
18:00:05 jobs incremental 2026-07-24T18:00:05Z..2026-07-27T18:00:05Z
18:00:28 upserted 283 -> vmimporteddata.raw.jobs (now 41925 rows)
2026-07-27 18:05:03,598 INFO mode = APPLY | change-triggered (last-write-wins)
2026-07-27 18:05:03,620 INFO running job-status CDC…
2026-07-27 18:05:07,295 INFO unsynced status changes: 0
2026-07-27 18:05:07,296 INFO nothing to push.
18:15:05 jobs incremental 2026-07-24T18:15:05Z..2026-07-27T18:15:05Z
18:15:25 upserted 283 -> vmimporteddata.raw.jobs (now 41925 rows)
2026-07-27 18:20:03,525 INFO mode = APPLY | change-triggered (last-write-wins)
2026-07-27 18:20:03,556 INFO running job-status CDC…
18:20:05 quotes incremental 2026-07-13T18:20:05Z..2026-07-27T18:20:05Z
2026-07-27 18:20:07,787 INFO unsynced status changes: 0
2026-07-27 18:20:07,787 INFO nothing to push.
18:20:19 upserted 177 -> vmimporteddata.raw.quotes (now 3266 rows)
18:25:04 invoices incremental 2026-07-13T18:25:04Z..2026-07-27T18:25:04Z
18:25:16 upserted 150 -> vmimporteddata.raw.invoices (now 2321 rows)
18:30:06 forms_logbook incremental 2026-07-13T18:30:06Z..2026-07-27T18:30:06Z
18:30:06 jobs incremental 2026-07-24T18:30:06Z..2026-07-27T18:30:06Z
18:30:19 upserted 178 -> vmimporteddata.raw.forms_logbook (now 2909 rows)
18:30:34 upserted 283 -> vmimporteddata.raw.jobs (now 41925 rows)
2026-07-27 18:35:03,618 INFO mode = APPLY | change-triggered (last-write-wins)
2026-07-27 18:35:03,646 INFO running job-status CDC…
2026-07-27 18:35:05,921 INFO token acquired; loading 2 entities
2026-07-27 18:35:05,941 INFO == purchaseorder/getall -> raw.purchase_orders ==
2026-07-27 18:35:07,012 INFO unsynced status changes: 0
2026-07-27 18:35:07,012 INFO nothing to push.
2026-07-27 18:35:30,243 INFO   loaded 898 rows -> vmimporteddata.raw.purchase_orders
2026-07-27 18:35:30,243 INFO == SubcontractorPurchaseOrder/GetAll -> raw.subcontractor_purchase_orders ==
2026-07-27 18:36:03,257 INFO   loaded 1232 rows -> vmimporteddata.raw.subcontractor_purchase_orders
2026-07-27 18:36:03,258 INFO === SUMMARY ===
2026-07-27 18:36:03,258 INFO   purchase_orders                 898  ok
2026-07-27 18:36:03,258 INFO   subcontractor_purchase_orders     1232  ok
2026-07-27 18:45:03,723 INFO mode = APPLY (writes) | policy = fill-blanks-only + mismatch report
2026-07-27 18:45:04,855 INFO BigQuery: 1875 original jobs carry quote(s)
18:45:05 jobs incremental 2026-07-24T18:45:05Z..2026-07-27T18:45:05Z
2026-07-27 18:45:07,452 WARNING job ref n/a on multiple items (3100234137, 2966824967); keeping 3100234137
2026-07-27 18:45:07,452 WARNING job ref TBC on multiple items (3063511661, 3117578798); keeping 3063511661
2026-07-27 18:45:07,452 WARNING job ref n/a on multiple items (3100234137, 5058867192); keeping 3100234137
2026-07-27 18:45:07,453 WARNING job ref PROJ0002286 on multiple items (3097141272, 2915434357); keeping 3097141272
2026-07-27 18:45:09,485 WARNING job ref PROJ0000435 on multiple items (5085276202, 2557328911); keeping 5085276202
2026-07-27 18:45:09,485 WARNING job ref PROJ0000327 on multiple items (2153302055, 2552283930); keeping 2153302055
2026-07-27 18:45:09,485 WARNING job ref PROJ0000280 on multiple items (5086038581, 5087275796); keeping 5086038581
2026-07-27 18:45:11,497 WARNING job ref TBC on multiple items (3063511661, 2692359448); keeping 3063511661
2026-07-27 18:45:11,497 WARNING job ref PROJ0000681 on multiple items (2734009560, 2649528212); keeping 2734009560
2026-07-27 18:45:11,497 WARNING job ref TBC on multiple items (3063511661, 2846831618); keeping 3063511661
2026-07-27 18:45:11,497 WARNING job ref PROJ0000778 on multiple items (2788665063, 2583123002); keeping 2788665063
2026-07-27 18:45:11,497 WARNING job ref PROJ0001204 on multiple items (2793241095, 2911315924); keeping 2793241095
2026-07-27 18:45:11,497 WARNING job ref PROJ0001322 on multiple items (2761136419, 2906584503); keeping 2761136419
2026-07-27 18:45:11,497 WARNING job ref TBC on multiple items (3063511661, 2889312501); keeping 3063511661
2026-07-27 18:45:11,497 WARNING job ref PROJ0001146 on multiple items (2941709168, 2948317160); keeping 2941709168
2026-07-27 18:45:11,497 WARNING job ref TBC on multiple items (3063511661, 2906579067); keeping 3063511661
2026-07-27 18:45:13,885 WARNING job ref PROJ0001767 on multiple items (2935501675, 2935500028); keeping 2935501675
2026-07-27 18:45:13,886 WARNING job ref TBC on multiple items (3063511661, 2914893293); keeping 3063511661
2026-07-27 18:45:13,886 WARNING job ref PROJ0001787 on multiple items (2966632396, 2983198888); keeping 2966632396
2026-07-27 18:45:13,886 WARNING job ref PROJ0002043 on multiple items (3028242169, 3032860755); keeping 3028242169
2026-07-27 18:45:13,887 WARNING job ref PROJ0002019 on multiple items (2964040548, 3016803442); keeping 2964040548
2026-07-27 18:45:13,887 WARNING job ref PROJ0000885 on multiple items (2786092317, 2825960185); keeping 2786092317
2026-07-27 18:45:13,887 WARNING job ref PROJ0002320 on multiple items (3025956827, 3104333998); keeping 3025956827
2026-07-27 18:45:15,899 WARNING job ref RE0009076 on multiple items (2557272497, 2554970823); keeping 2557272497
2026-07-27 18:45:15,900 WARNING job ref TBC on multiple items (3063511661, 2636954188); keeping 3063511661
2026-07-27 18:45:15,900 WARNING job ref TBC on multiple items (3063511661, 2695646209); keeping 3063511661
2026-07-27 18:45:15,900 WARNING job ref RE0010424 on multiple items (2607372464, 2761148073); keeping 2607372464
2026-07-27 18:45:15,900 WARNING job ref TBC on multiple items (3063511661, 2627206153); keeping 3063511661
2026-07-27 18:45:15,900 WARNING job ref RE0011629 on multiple items (2740366289, 2666274655); keeping 2740366289
2026-07-27 18:45:15,900 WARNING job ref TBC on multiple items (3063511661, 2857953203); keeping 3063511661
2026-07-27 18:45:15,900 WARNING job ref TBC on multiple items (3063511661, 2843016902); keeping 3063511661
2026-07-27 18:45:15,901 WARNING job ref n/a on multiple items (3100234137, 2750854478); keeping 3100234137
2026-07-27 18:45:15,901 WARNING job ref TBC on multiple items (3063511661, 2623750506); keeping 3063511661
2026-07-27 18:45:15,901 WARNING job ref TBC on multiple items (3063511661, 2633584985); keeping 3063511661
2026-07-27 18:45:15,901 INFO Monday: scanned 2453 items on board 5084790211; 1297 distinct job refs indexed (34 ref conflicts)
2026-07-27 18:45:15,904 INFO blanks to fill=1, mismatches=47, already-correct=191, quotes-with-no-matching-item=1636
2026-07-27 18:45:15,905 INFO mismatch report -> /opt/jl-loader/monday_quote_report.csv (47 rows)
2026-07-27 18:45:15,905 INFO   MISMATCH RE0025228 'LON19 | Staircase B Lift Lobby Door': monday='UP03429' JL='UP03299, UP03429' (missing=UP03299 extra=-)
2026-07-27 18:45:15,905 INFO   MISMATCH M0000796 'TMV replacements': monday='UP02813' JL='UP03357' (missing=UP03357 extra=UP2813)
2026-07-27 18:45:15,905 INFO   MISMATCH RE0024929 'LON33 | Wellness Room | Carpet Repl': monday='UP0334' JL='UP03348' (missing=UP03348 extra=UP334)
2026-07-27 18:45:15,905 INFO   MISMATCH PROJ0002247 'LON09 | Quote - Member Paid | LG-10': monday='UP03297/UP03340' JL='UP03297, UP03317, UP03340' (missing=UP03317 extra=-)
2026-07-27 18:45:15,905 INFO   MISMATCH PROJ0002082 'LON20 | 3rd Floor | Glass panel aud': monday='UP03166' JL='UP03415' (missing=UP03415 extra=UP3166)
2026-07-27 18:45:15,905 INFO   MISMATCH PROJ0002066 'LON32 | Removal of carpet in 03W102': monday='UP03267 - Remove carpet and install carpet tiles' JL='UP03238, UP03267' (missing=UP03238 extra=-)
2026-07-27 18:45:15,905 INFO   MISMATCH PROJ0002054 'LON45 | Ground Floor | Neon Sign Li': monday='UP03129' JL='UP03336' (missing=UP03336 extra=UP3129)
2026-07-27 18:45:15,905 INFO   MISMATCH RE0023275 'LON71 | REPLACEMENTS/ORDER REQUEST ': monday='UP02983' JL='UP02983, UP03351' (missing=UP03351 extra=-)
2026-07-27 18:45:15,905 INFO   MISMATCH PROJ0002172 'LON06  | GF | loose tiles in pantry': monday='UP02978' JL='UP03327' (missing=UP03327 extra=UP2978)
2026-07-27 18:45:15,905 INFO   MISMATCH PROJ0000657 'Fire Curtain S&I 8-11 Floors': monday='UP01493' JL='UP03099' (missing=UP03099 extra=UP1493)
2026-07-27 18:45:15,905 INFO   MISMATCH PROJ0000245 'LGA | Refresh Project': monday='UP00496' JL='UP01194' (missing=UP01194 extra=UP496)
2026-07-27 18:45:15,906 INFO   MISMATCH RE0016826 'LON54 | build storage unit': monday='UP01979' JL='UP01944, UP01979' (missing=UP01944 extra=-)
2026-07-27 18:45:15,906 INFO   MISMATCH RE0011629 'LON12 | 4th floor | multiple | wate': monday='UP02385' JL='UP01570, UP02385' (missing=UP01570 extra=-)
2026-07-27 18:45:15,906 INFO   MISMATCH RE0010804 'LON41 | 08w111 | Member request | U': monday='UP01266' JL='UP01202, UP01266' (missing=UP01202 extra=-)
2026-07-27 18:45:15,906 INFO   MISMATCH RE0010424 'LON13 | 6th floor 06-102 | Skirting': monday='UP01153' JL='UP01153, UP01154' (missing=UP01154 extra=-)
2026-07-27 18:45:15,906 INFO   MISMATCH RE0015134 'LON31| Timer- Floor: 7 Office: 101': monday='UP02293' JL='UP02098, UP02293' (missing=UP02098 extra=-)
2026-07-27 18:45:15,906 INFO   MISMATCH RE0009076 'LON13 | 2nd | Office 02-111 | Frost': monday='UP00999' JL='UP00998, UP00999' (missing=UP00998 extra=-)
2026-07-27 18:45:15,906 INFO   MISMATCH PROJ0001080 'LON28 | 05B149 | Frosting quote': monday='UP02237' JL='UP02237, UP02301' (missing=UP02301 extra=-)
2026-07-27 18:45:15,906 INFO   MISMATCH RE0018627 'Hang Item- Floor: 6 Office: 06C130': monday='UP02271' JL='UP02271, UP02507' (missing=UP02507 extra=-)
2026-07-27 18:45:15,906 INFO   MISMATCH RE0014146 'LON44 | 04-133 | Frosting Quote': monday='UP01525' JL='UP01545' (missing=UP01545 extra=UP1525)
2026-07-27 18:45:15,906 INFO   MISMATCH PROJ0001598 'LON11 | Glass frosting quote | 50.0': monday='UP02713' JL='UP02694, UP02697, UP02712, UP02713' (missing=UP02694, UP02697, UP02712 extra=-)
2026-07-27 18:45:15,906 INFO   MISMATCH RE0009488 'LON11 | 3.036 Privacy frosting - 4 ': monday='UP01058/RE0009488' JL='UP01064' (missing=UP01064 extra=UP1058)
2026-07-27 18:45:15,906 INFO   MISMATCH RE0008859 'Vinyl logo | Branch Metrics | Desig': monday='UP01047' JL='UP01005, UP01047' (missing=UP01005 extra=-)
2026-07-27 18:45:15,906 INFO   MISMATCH PROJ0000823 'LON49| 1st Floor | 01-103 | Office ': monday='UP02017' JL='UP02017, UP02143' (missing=UP02143 extra=-)
2026-07-27 18:45:15,906 INFO   MISMATCH PROJ0001838 'LON49 | 1st Floor | Quote for Mid B': monday='UP02917' JL='UP03037' (missing=UP03037 extra=UP2917)
2026-07-27 18:45:15,906 INFO   ... and 22 more in the CSV
2026-07-27 18:45:15,906 INFO   FILL RE0017757 (item 2898783595 'LON17- | 5th floor | Room 5A neon light ') -> 'UP03441'
2026-07-27 18:45:16,975 INFO APPLIED 1 blank-fill updates. Mismatches (47) were NOT changed — see /opt/jl-loader/monday_quote_report.csv.
18:45:26 upserted 283 -> vmimporteddata.raw.jobs (now 41925 rows)
2026-07-27 18:50:03,144 INFO mode = APPLY | change-triggered (last-write-wins)
2026-07-27 18:50:03,163 INFO running job-status CDC…
2026-07-27 18:50:06,426 INFO unsynced status changes: 0
2026-07-27 18:50:06,426 INFO nothing to push.
19:00:05 jobs incremental 2026-07-24T19:00:05Z..2026-07-27T19:00:05Z
19:00:35 upserted 283 -> vmimporteddata.raw.jobs (now 41925 rows)
2026-07-27 19:05:02,892 INFO mode = APPLY | change-triggered (last-write-wins)
2026-07-27 19:05:02,913 INFO running job-status CDC…
2026-07-27 19:05:07,754 INFO unsynced status changes: 0
2026-07-27 19:05:07,755 INFO nothing to push.
19:15:05 jobs incremental 2026-07-24T19:15:05Z..2026-07-27T19:15:05Z
19:15:28 upserted 283 -> vmimporteddata.raw.jobs (now 41925 rows)
2026-07-27 19:20:02,988 INFO mode = APPLY | change-triggered (last-write-wins)
2026-07-27 19:20:03,011 INFO running job-status CDC…
2026-07-27 19:20:06,297 INFO unsynced status changes: 0
2026-07-27 19:20:06,298 INFO nothing to push.
19:30:05 jobs incremental 2026-07-24T19:30:05Z..2026-07-27T19:30:05Z
19:30:26 upserted 283 -> vmimporteddata.raw.jobs (now 41925 rows)
2026-07-27 19:35:02,841 INFO mode = APPLY | change-triggered (last-write-wins)
2026-07-27 19:35:02,862 INFO running job-status CDC…
2026-07-27 19:35:07,156 INFO unsynced status changes: 0
2026-07-27 19:35:07,156 INFO nothing to push.
19:45:05 jobs incremental 2026-07-24T19:45:05Z..2026-07-27T19:45:05Z
19:45:29 upserted 284 -> vmimporteddata.raw.jobs (now 41926 rows)
2026-07-27 19:50:02,794 INFO mode = APPLY | change-triggered (last-write-wins)
2026-07-27 19:50:02,814 INFO running job-status CDC…
2026-07-27 19:50:06,393 INFO unsynced status changes: 0
2026-07-27 19:50:06,393 INFO nothing to push.
21:20:05 quotes incremental 2026-07-13T21:20:05Z..2026-07-27T21:20:05Z
21:20:55 upserted 176 -> vmimporteddata.raw.quotes (now 3266 rows)
21:25:05 invoices incremental 2026-07-13T21:25:05Z..2026-07-27T21:25:05Z
21:25:29 upserted 150 -> vmimporteddata.raw.invoices (now 2321 rows)
21:30:04 forms_logbook incremental 2026-07-13T21:30:04Z..2026-07-27T21:30:04Z
21:30:30 upserted 182 -> vmimporteddata.raw.forms_logbook (now 2913 rows)
2026-07-27 21:35:05,417 INFO token acquired; loading 2 entities
2026-07-27 21:35:05,437 INFO == purchaseorder/getall -> raw.purchase_orders ==
2026-07-27 21:35:46,655 INFO   loaded 898 rows -> vmimporteddata.raw.purchase_orders
2026-07-27 21:35:46,656 INFO == SubcontractorPurchaseOrder/GetAll -> raw.subcontractor_purchase_orders ==
2026-07-27 21:36:41,583 INFO   loaded 1232 rows -> vmimporteddata.raw.subcontractor_purchase_orders
2026-07-27 21:36:41,584 INFO === SUMMARY ===
2026-07-27 21:36:41,585 INFO   purchase_orders                 898  ok
2026-07-27 21:36:41,585 INFO   subcontractor_purchase_orders     1232  ok
2026-07-27 21:45:03,389 INFO mode = APPLY (writes) | policy = fill-blanks-only + mismatch report
2026-07-27 21:45:04,355 INFO BigQuery: 1875 original jobs carry quote(s)
2026-07-27 21:45:11,721 WARNING job ref n/a on multiple items (3100234137, 2966824967); keeping 3100234137
2026-07-27 21:45:11,721 WARNING job ref TBC on multiple items (3063511661, 3117578798); keeping 3063511661
2026-07-27 21:45:11,721 WARNING job ref n/a on multiple items (3100234137, 5058867192); keeping 3100234137
2026-07-27 21:45:11,722 WARNING job ref PROJ0002286 on multiple items (3097141272, 2915434357); keeping 3097141272
2026-07-27 21:45:16,224 WARNING job ref PROJ0000435 on multiple items (5085276202, 2557328911); keeping 5085276202
2026-07-27 21:45:16,224 WARNING job ref PROJ0000327 on multiple items (2153302055, 2552283930); keeping 2153302055
2026-07-27 21:45:16,224 WARNING job ref PROJ0000280 on multiple items (5086038581, 5087275796); keeping 5086038581
2026-07-27 21:45:17,924 WARNING job ref TBC on multiple items (3063511661, 2692359448); keeping 3063511661
2026-07-27 21:45:17,925 WARNING job ref PROJ0000681 on multiple items (2734009560, 2649528212); keeping 2734009560
2026-07-27 21:45:17,925 WARNING job ref TBC on multiple items (3063511661, 2846831618); keeping 3063511661
2026-07-27 21:45:17,925 WARNING job ref PROJ0000778 on multiple items (2788665063, 2583123002); keeping 2788665063
2026-07-27 21:45:17,925 WARNING job ref PROJ0001204 on multiple items (2793241095, 2911315924); keeping 2793241095
2026-07-27 21:45:17,925 WARNING job ref PROJ0001322 on multiple items (2761136419, 2906584503); keeping 2761136419
2026-07-27 21:45:17,925 WARNING job ref TBC on multiple items (3063511661, 2889312501); keeping 3063511661
2026-07-27 21:45:17,925 WARNING job ref PROJ0001146 on multiple items (2941709168, 2948317160); keeping 2941709168
2026-07-27 21:45:17,926 WARNING job ref TBC on multiple items (3063511661, 2906579067); keeping 3063511661
2026-07-27 21:45:19,449 WARNING job ref PROJ0001767 on multiple items (2935501675, 2935500028); keeping 2935501675
2026-07-27 21:45:19,450 WARNING job ref TBC on multiple items (3063511661, 2914893293); keeping 3063511661
2026-07-27 21:45:19,450 WARNING job ref PROJ0001787 on multiple items (2966632396, 2983198888); keeping 2966632396
2026-07-27 21:45:19,450 WARNING job ref PROJ0002043 on multiple items (3028242169, 3032860755); keeping 3028242169
2026-07-27 21:45:19,450 WARNING job ref PROJ0002019 on multiple items (2964040548, 3016803442); keeping 2964040548
2026-07-27 21:45:19,450 WARNING job ref PROJ0000885 on multiple items (2786092317, 2825960185); keeping 2786092317
2026-07-27 21:45:19,450 WARNING job ref PROJ0002320 on multiple items (3025956827, 3104333998); keeping 3025956827
2026-07-27 21:45:20,854 WARNING job ref RE0009076 on multiple items (2557272497, 2554970823); keeping 2557272497
2026-07-27 21:45:20,854 WARNING job ref TBC on multiple items (3063511661, 2636954188); keeping 3063511661
2026-07-27 21:45:20,855 WARNING job ref TBC on multiple items (3063511661, 2695646209); keeping 3063511661
2026-07-27 21:45:20,855 WARNING job ref RE0010424 on multiple items (2607372464, 2761148073); keeping 2607372464
2026-07-27 21:45:20,855 WARNING job ref TBC on multiple items (3063511661, 2627206153); keeping 3063511661
2026-07-27 21:45:20,855 WARNING job ref RE0011629 on multiple items (2740366289, 2666274655); keeping 2740366289
2026-07-27 21:45:20,855 WARNING job ref TBC on multiple items (3063511661, 2857953203); keeping 3063511661
2026-07-27 21:45:20,855 WARNING job ref TBC on multiple items (3063511661, 2843016902); keeping 3063511661
2026-07-27 21:45:20,855 WARNING job ref n/a on multiple items (3100234137, 2750854478); keeping 3100234137
2026-07-27 21:45:20,855 WARNING job ref TBC on multiple items (3063511661, 2623750506); keeping 3063511661
2026-07-27 21:45:20,856 WARNING job ref TBC on multiple items (3063511661, 2633584985); keeping 3063511661
2026-07-27 21:45:20,856 INFO Monday: scanned 2453 items on board 5084790211; 1297 distinct job refs indexed (34 ref conflicts)
2026-07-27 21:45:20,858 INFO blanks to fill=0, mismatches=47, already-correct=192, quotes-with-no-matching-item=1636
2026-07-27 21:45:20,859 INFO mismatch report -> /opt/jl-loader/monday_quote_report.csv (47 rows)
2026-07-27 21:45:20,859 INFO   MISMATCH RE0025228 'LON19 | Staircase B Lift Lobby Door': monday='UP03429' JL='UP03299, UP03429' (missing=UP03299 extra=-)
2026-07-27 21:45:20,859 INFO   MISMATCH M0000796 'TMV replacements': monday='UP02813' JL='UP03357' (missing=UP03357 extra=UP2813)
2026-07-27 21:45:20,859 INFO   MISMATCH RE0024929 'LON33 | Wellness Room | Carpet Repl': monday='UP0334' JL='UP03348' (missing=UP03348 extra=UP334)
2026-07-27 21:45:20,859 INFO   MISMATCH PROJ0002247 'LON09 | Quote - Member Paid | LG-10': monday='UP03297/UP03340' JL='UP03297, UP03317, UP03340' (missing=UP03317 extra=-)
2026-07-27 21:45:20,859 INFO   MISMATCH PROJ0002082 'LON20 | 3rd Floor | Glass panel aud': monday='UP03166' JL='UP03415' (missing=UP03415 extra=UP3166)
2026-07-27 21:45:20,859 INFO   MISMATCH PROJ0002066 'LON32 | Removal of carpet in 03W102': monday='UP03267 - Remove carpet and install carpet tiles' JL='UP03238, UP03267' (missing=UP03238 extra=-)
2026-07-27 21:45:20,859 INFO   MISMATCH PROJ0002054 'LON45 | Ground Floor | Neon Sign Li': monday='UP03129' JL='UP03336' (missing=UP03336 extra=UP3129)
2026-07-27 21:45:20,859 INFO   MISMATCH RE0023275 'LON71 | REPLACEMENTS/ORDER REQUEST ': monday='UP02983' JL='UP02983, UP03351' (missing=UP03351 extra=-)
2026-07-27 21:45:20,859 INFO   MISMATCH PROJ0002172 'LON06  | GF | loose tiles in pantry': monday='UP02978' JL='UP03327' (missing=UP03327 extra=UP2978)
2026-07-27 21:45:20,859 INFO   MISMATCH PROJ0000657 'Fire Curtain S&I 8-11 Floors': monday='UP01493' JL='UP03099' (missing=UP03099 extra=UP1493)
2026-07-27 21:45:20,859 INFO   MISMATCH PROJ0000245 'LGA | Refresh Project': monday='UP00496' JL='UP01194' (missing=UP01194 extra=UP496)
2026-07-27 21:45:20,859 INFO   MISMATCH RE0016826 'LON54 | build storage unit': monday='UP01979' JL='UP01944, UP01979' (missing=UP01944 extra=-)
2026-07-27 21:45:20,859 INFO   MISMATCH RE0011629 'LON12 | 4th floor | multiple | wate': monday='UP02385' JL='UP01570, UP02385' (missing=UP01570 extra=-)
2026-07-27 21:45:20,859 INFO   MISMATCH RE0010804 'LON41 | 08w111 | Member request | U': monday='UP01266' JL='UP01202, UP01266' (missing=UP01202 extra=-)
2026-07-27 21:45:20,859 INFO   MISMATCH RE0010424 'LON13 | 6th floor 06-102 | Skirting': monday='UP01153' JL='UP01153, UP01154' (missing=UP01154 extra=-)
2026-07-27 21:45:20,859 INFO   MISMATCH RE0015134 'LON31| Timer- Floor: 7 Office: 101': monday='UP02293' JL='UP02098, UP02293' (missing=UP02098 extra=-)
2026-07-27 21:45:20,859 INFO   MISMATCH RE0009076 'LON13 | 2nd | Office 02-111 | Frost': monday='UP00999' JL='UP00998, UP00999' (missing=UP00998 extra=-)
2026-07-27 21:45:20,859 INFO   MISMATCH PROJ0001080 'LON28 | 05B149 | Frosting quote': monday='UP02237' JL='UP02237, UP02301' (missing=UP02301 extra=-)
2026-07-27 21:45:20,859 INFO   MISMATCH RE0018627 'Hang Item- Floor: 6 Office: 06C130': monday='UP02271' JL='UP02271, UP02507' (missing=UP02507 extra=-)
2026-07-27 21:45:20,859 INFO   MISMATCH RE0014146 'LON44 | 04-133 | Frosting Quote': monday='UP01525' JL='UP01545' (missing=UP01545 extra=UP1525)
2026-07-27 21:45:20,860 INFO   MISMATCH PROJ0001598 'LON11 | Glass frosting quote | 50.0': monday='UP02713' JL='UP02694, UP02697, UP02712, UP02713' (missing=UP02694, UP02697, UP02712 extra=-)
2026-07-27 21:45:20,860 INFO   MISMATCH RE0009488 'LON11 | 3.036 Privacy frosting - 4 ': monday='UP01058/RE0009488' JL='UP01064' (missing=UP01064 extra=UP1058)
2026-07-27 21:45:20,860 INFO   MISMATCH RE0008859 'Vinyl logo | Branch Metrics | Desig': monday='UP01047' JL='UP01005, UP01047' (missing=UP01005 extra=-)
2026-07-27 21:45:20,860 INFO   MISMATCH PROJ0000823 'LON49| 1st Floor | 01-103 | Office ': monday='UP02017' JL='UP02017, UP02143' (missing=UP02143 extra=-)
2026-07-27 21:45:20,860 INFO   MISMATCH PROJ0001838 'LON49 | 1st Floor | Quote for Mid B': monday='UP02917' JL='UP03037' (missing=UP03037 extra=UP2917)
2026-07-27 21:45:20,860 INFO   ... and 22 more in the CSV
2026-07-27 21:45:20,860 INFO APPLIED 0 blank-fill updates. Mismatches (47) were NOT changed — see /opt/jl-loader/monday_quote_report.csv.
00:20:06 quotes incremental 2026-07-14T00:20:06Z..2026-07-28T00:20:06Z
00:20:20 upserted 176 -> vmimporteddata.raw.quotes (now 3266 rows)
00:25:05 invoices incremental 2026-07-14T00:25:05Z..2026-07-28T00:25:05Z
00:25:17 upserted 149 -> vmimporteddata.raw.invoices (now 2321 rows)
00:30:05 forms_logbook incremental 2026-07-14T00:30:05Z..2026-07-28T00:30:05Z
00:30:17 upserted 185 -> vmimporteddata.raw.forms_logbook (now 2916 rows)
2026-07-28 00:35:05,329 INFO token acquired; loading 2 entities
2026-07-28 00:35:05,350 INFO == purchaseorder/getall -> raw.purchase_orders ==
2026-07-28 00:35:24,049 INFO   loaded 898 rows -> vmimporteddata.raw.purchase_orders
2026-07-28 00:35:24,049 INFO == SubcontractorPurchaseOrder/GetAll -> raw.subcontractor_purchase_orders ==
2026-07-28 00:35:51,395 INFO   loaded 1232 rows -> vmimporteddata.raw.subcontractor_purchase_orders
2026-07-28 00:35:51,395 INFO === SUMMARY ===
2026-07-28 00:35:51,395 INFO   purchase_orders                 898  ok
2026-07-28 00:35:51,395 INFO   subcontractor_purchase_orders     1232  ok
2026-07-28 00:45:03,272 INFO mode = APPLY (writes) | policy = fill-blanks-only + mismatch report
2026-07-28 00:45:04,357 INFO BigQuery: 1875 original jobs carry quote(s)
2026-07-28 00:45:07,102 WARNING job ref n/a on multiple items (3100234137, 2966824967); keeping 3100234137
2026-07-28 00:45:07,103 WARNING job ref TBC on multiple items (3063511661, 3117578798); keeping 3063511661
2026-07-28 00:45:07,103 WARNING job ref n/a on multiple items (3100234137, 5058867192); keeping 3100234137
2026-07-28 00:45:07,103 WARNING job ref PROJ0002286 on multiple items (3097141272, 2915434357); keeping 3097141272
2026-07-28 00:45:09,427 WARNING job ref PROJ0000435 on multiple items (5085276202, 2557328911); keeping 5085276202
2026-07-28 00:45:09,427 WARNING job ref PROJ0000327 on multiple items (2153302055, 2552283930); keeping 2153302055
2026-07-28 00:45:09,428 WARNING job ref PROJ0000280 on multiple items (5086038581, 5087275796); keeping 5086038581
2026-07-28 00:45:11,675 WARNING job ref TBC on multiple items (3063511661, 2692359448); keeping 3063511661
2026-07-28 00:45:11,675 WARNING job ref PROJ0000681 on multiple items (2734009560, 2649528212); keeping 2734009560
2026-07-28 00:45:11,676 WARNING job ref TBC on multiple items (3063511661, 2846831618); keeping 3063511661
2026-07-28 00:45:11,676 WARNING job ref PROJ0000778 on multiple items (2788665063, 2583123002); keeping 2788665063
2026-07-28 00:45:11,676 WARNING job ref PROJ0001204 on multiple items (2793241095, 2911315924); keeping 2793241095
2026-07-28 00:45:11,676 WARNING job ref PROJ0001322 on multiple items (2761136419, 2906584503); keeping 2761136419
2026-07-28 00:45:11,676 WARNING job ref TBC on multiple items (3063511661, 2889312501); keeping 3063511661
2026-07-28 00:45:11,676 WARNING job ref PROJ0001146 on multiple items (2941709168, 2948317160); keeping 2941709168
2026-07-28 00:45:11,676 WARNING job ref TBC on multiple items (3063511661, 2906579067); keeping 3063511661
2026-07-28 00:45:14,023 WARNING job ref PROJ0001767 on multiple items (2935501675, 2935500028); keeping 2935501675
2026-07-28 00:45:14,024 WARNING job ref TBC on multiple items (3063511661, 2914893293); keeping 3063511661
2026-07-28 00:45:14,024 WARNING job ref PROJ0001787 on multiple items (2966632396, 2983198888); keeping 2966632396
2026-07-28 00:45:14,024 WARNING job ref PROJ0002043 on multiple items (3028242169, 3032860755); keeping 3028242169
2026-07-28 00:45:14,024 WARNING job ref PROJ0002019 on multiple items (2964040548, 3016803442); keeping 2964040548
2026-07-28 00:45:14,024 WARNING job ref PROJ0000885 on multiple items (2786092317, 2825960185); keeping 2786092317
2026-07-28 00:45:14,024 WARNING job ref PROJ0002320 on multiple items (3025956827, 3104333998); keeping 3025956827
2026-07-28 00:45:15,484 WARNING job ref RE0009076 on multiple items (2557272497, 2554970823); keeping 2557272497
2026-07-28 00:45:15,485 WARNING job ref TBC on multiple items (3063511661, 2636954188); keeping 3063511661
2026-07-28 00:45:15,485 WARNING job ref TBC on multiple items (3063511661, 2695646209); keeping 3063511661
2026-07-28 00:45:15,485 WARNING job ref RE0010424 on multiple items (2607372464, 2761148073); keeping 2607372464
2026-07-28 00:45:15,485 WARNING job ref TBC on multiple items (3063511661, 2627206153); keeping 3063511661
2026-07-28 00:45:15,486 WARNING job ref RE0011629 on multiple items (2740366289, 2666274655); keeping 2740366289
2026-07-28 00:45:15,486 WARNING job ref TBC on multiple items (3063511661, 2857953203); keeping 3063511661
2026-07-28 00:45:15,486 WARNING job ref TBC on multiple items (3063511661, 2843016902); keeping 3063511661
2026-07-28 00:45:15,486 WARNING job ref n/a on multiple items (3100234137, 2750854478); keeping 3100234137
2026-07-28 00:45:15,486 WARNING job ref TBC on multiple items (3063511661, 2623750506); keeping 3063511661
2026-07-28 00:45:15,486 WARNING job ref TBC on multiple items (3063511661, 2633584985); keeping 3063511661
2026-07-28 00:45:15,486 INFO Monday: scanned 2453 items on board 5084790211; 1297 distinct job refs indexed (34 ref conflicts)
2026-07-28 00:45:15,489 INFO blanks to fill=0, mismatches=47, already-correct=192, quotes-with-no-matching-item=1636
2026-07-28 00:45:15,490 INFO mismatch report -> /opt/jl-loader/monday_quote_report.csv (47 rows)
2026-07-28 00:45:15,490 INFO   MISMATCH RE0025228 'LON19 | Staircase B Lift Lobby Door': monday='UP03429' JL='UP03299, UP03429' (missing=UP03299 extra=-)
2026-07-28 00:45:15,490 INFO   MISMATCH M0000796 'TMV replacements': monday='UP02813' JL='UP03357' (missing=UP03357 extra=UP2813)
2026-07-28 00:45:15,490 INFO   MISMATCH RE0024929 'LON33 | Wellness Room | Carpet Repl': monday='UP0334' JL='UP03348' (missing=UP03348 extra=UP334)
2026-07-28 00:45:15,490 INFO   MISMATCH PROJ0002247 'LON09 | Quote - Member Paid | LG-10': monday='UP03297/UP03340' JL='UP03297, UP03317, UP03340' (missing=UP03317 extra=-)
2026-07-28 00:45:15,490 INFO   MISMATCH PROJ0002082 'LON20 | 3rd Floor | Glass panel aud': monday='UP03166' JL='UP03415' (missing=UP03415 extra=UP3166)
2026-07-28 00:45:15,490 INFO   MISMATCH PROJ0002066 'LON32 | Removal of carpet in 03W102': monday='UP03267 - Remove carpet and install carpet tiles' JL='UP03238, UP03267' (missing=UP03238 extra=-)
2026-07-28 00:45:15,490 INFO   MISMATCH PROJ0002054 'LON45 | Ground Floor | Neon Sign Li': monday='UP03129' JL='UP03336' (missing=UP03336 extra=UP3129)
2026-07-28 00:45:15,490 INFO   MISMATCH RE0023275 'LON71 | REPLACEMENTS/ORDER REQUEST ': monday='UP02983' JL='UP02983, UP03351' (missing=UP03351 extra=-)
2026-07-28 00:45:15,490 INFO   MISMATCH PROJ0002172 'LON06  | GF | loose tiles in pantry': monday='UP02978' JL='UP03327' (missing=UP03327 extra=UP2978)
2026-07-28 00:45:15,490 INFO   MISMATCH PROJ0000657 'Fire Curtain S&I 8-11 Floors': monday='UP01493' JL='UP03099' (missing=UP03099 extra=UP1493)
2026-07-28 00:45:15,490 INFO   MISMATCH PROJ0000245 'LGA | Refresh Project': monday='UP00496' JL='UP01194' (missing=UP01194 extra=UP496)
2026-07-28 00:45:15,490 INFO   MISMATCH RE0016826 'LON54 | build storage unit': monday='UP01979' JL='UP01944, UP01979' (missing=UP01944 extra=-)
2026-07-28 00:45:15,490 INFO   MISMATCH RE0011629 'LON12 | 4th floor | multiple | wate': monday='UP02385' JL='UP01570, UP02385' (missing=UP01570 extra=-)
2026-07-28 00:45:15,490 INFO   MISMATCH RE0010804 'LON41 | 08w111 | Member request | U': monday='UP01266' JL='UP01202, UP01266' (missing=UP01202 extra=-)
2026-07-28 00:45:15,490 INFO   MISMATCH RE0010424 'LON13 | 6th floor 06-102 | Skirting': monday='UP01153' JL='UP01153, UP01154' (missing=UP01154 extra=-)
2026-07-28 00:45:15,490 INFO   MISMATCH RE0015134 'LON31| Timer- Floor: 7 Office: 101': monday='UP02293' JL='UP02098, UP02293' (missing=UP02098 extra=-)
2026-07-28 00:45:15,490 INFO   MISMATCH RE0009076 'LON13 | 2nd | Office 02-111 | Frost': monday='UP00999' JL='UP00998, UP00999' (missing=UP00998 extra=-)
2026-07-28 00:45:15,490 INFO   MISMATCH RE0018627 'Hang Item- Floor: 6 Office: 06C130': monday='UP02271' JL='UP02271, UP02507' (missing=UP02507 extra=-)
2026-07-28 00:45:15,491 INFO   MISMATCH PROJ0001080 'LON28 | 05B149 | Frosting quote': monday='UP02237' JL='UP02237, UP02301' (missing=UP02301 extra=-)
2026-07-28 00:45:15,491 INFO   MISMATCH RE0014146 'LON44 | 04-133 | Frosting Quote': monday='UP01525' JL='UP01545' (missing=UP01545 extra=UP1525)
2026-07-28 00:45:15,491 INFO   MISMATCH PROJ0001598 'LON11 | Glass frosting quote | 50.0': monday='UP02713' JL='UP02694, UP02697, UP02712, UP02713' (missing=UP02694, UP02697, UP02712 extra=-)
2026-07-28 00:45:15,491 INFO   MISMATCH RE0008859 'Vinyl logo | Branch Metrics | Desig': monday='UP01047' JL='UP01005, UP01047' (missing=UP01005 extra=-)
2026-07-28 00:45:15,491 INFO   MISMATCH RE0009488 'LON11 | 3.036 Privacy frosting - 4 ': monday='UP01058/RE0009488' JL='UP01064' (missing=UP01064 extra=UP1058)
2026-07-28 00:45:15,491 INFO   MISMATCH PROJ0000823 'LON49| 1st Floor | 01-103 | Office ': monday='UP02017' JL='UP02017, UP02143' (missing=UP02143 extra=-)
2026-07-28 00:45:15,491 INFO   MISMATCH PROJ0001838 'LON49 | 1st Floor | Quote for Mid B': monday='UP02917' JL='UP03037' (missing=UP03037 extra=UP2917)
2026-07-28 00:45:15,491 INFO   ... and 22 more in the CSV
2026-07-28 00:45:15,491 INFO APPLIED 0 blank-fill updates. Mismatches (47) were NOT changed — see /opt/jl-loader/monday_quote_report.csv.
2026-07-28 02:00:06,899 INFO token acquired; loading 1 entities
2026-07-28 02:00:06,943 INFO == Job/getall -> raw.jobs ==
2026-07-28 02:10:03,405 INFO mode = APPLY | change-triggered (last-write-wins)
2026-07-28 02:10:03,427 INFO running job-status CDC…
2026-07-28 02:10:07,463 INFO unsynced status changes: 0
2026-07-28 02:10:07,464 INFO nothing to push.
2026-07-28 02:19:18,686 INFO   loaded 41932 rows -> vmimporteddata.raw.jobs
2026-07-28 02:19:18,936 INFO === SUMMARY ===
2026-07-28 02:19:18,936 INFO   jobs                          41932  ok
2026-07-28 02:40:09,381 INFO token acquired; loading 2 entities
2026-07-28 02:40:09,406 INFO == Quote/GetAll -> raw.quotes ==
2026-07-28 02:41:18,554 INFO   loaded 3265 rows -> vmimporteddata.raw.quotes
2026-07-28 02:41:18,555 INFO == FormsLogbook/getall -> raw.forms_logbook ==
2026-07-28 02:42:00,206 INFO   loaded 2916 rows -> vmimporteddata.raw.forms_logbook
2026-07-28 02:42:00,206 INFO === SUMMARY ===
2026-07-28 02:42:00,206 INFO   quotes                         3265  ok
2026-07-28 02:42:00,206 INFO   forms_logbook                  2916  ok
2026-07-28 03:00:05,078 INFO token acquired; loading 8 entities
2026-07-28 03:00:05,098 INFO == Customer/GetAll -> raw.customers ==
2026-07-28 03:00:13,083 INFO   loaded 45 rows -> vmimporteddata.raw.customers
2026-07-28 03:00:13,083 INFO == Site/GetAll -> raw.sites ==
2026-07-28 03:00:32,078 INFO   loaded 147 rows -> vmimporteddata.raw.sites
2026-07-28 03:00:32,078 INFO == Staff/GetAll -> raw.staff ==
2026-07-28 03:00:51,564 INFO   loaded 96 rows -> vmimporteddata.raw.staff
2026-07-28 03:00:51,565 INFO == Supplier/GetAll -> raw.suppliers ==
2026-07-28 03:00:59,064 INFO   loaded 51 rows -> vmimporteddata.raw.suppliers
2026-07-28 03:00:59,064 INFO == Subcontractor/GetAll -> raw.subcontractors ==
2026-07-28 03:01:04,476 INFO   loaded 130 rows -> vmimporteddata.raw.subcontractors
2026-07-28 03:01:04,476 INFO == Asset/GetAll -> raw.assets ==
2026-07-28 03:04:41,116 INFO   loaded 13038 rows -> vmimporteddata.raw.assets
2026-07-28 03:04:41,116 INFO == Part/GetAll -> raw.parts ==
2026-07-28 03:05:18,692 INFO   loaded 2003 rows -> vmimporteddata.raw.parts
2026-07-28 03:05:18,692 INFO == Expense/GetAll -> raw.expenses ==
2026-07-28 03:05:22,184 INFO   loaded 56 rows -> vmimporteddata.raw.expenses
2026-07-28 03:05:22,184 INFO === SUMMARY ===
2026-07-28 03:05:22,184 INFO   customers                        45  ok
2026-07-28 03:05:22,184 INFO   sites                           147  ok
2026-07-28 03:05:22,184 INFO   staff                            96  ok
2026-07-28 03:05:22,184 INFO   suppliers                        51  ok
2026-07-28 03:05:22,184 INFO   subcontractors                  130  ok
2026-07-28 03:05:22,184 INFO   assets                        13038  ok
2026-07-28 03:05:22,184 INFO   parts                          2003  ok
2026-07-28 03:05:22,184 INFO   expenses                         56  ok
03:20:05 quotes incremental 2026-07-14T03:20:05Z..2026-07-28T03:20:05Z
03:20:20 upserted 176 -> vmimporteddata.raw.quotes (now 3265 rows)
03:25:05 invoices incremental 2026-07-14T03:25:05Z..2026-07-28T03:25:05Z
03:25:29 upserted 149 -> vmimporteddata.raw.invoices (now 2321 rows)
03:30:04 forms_logbook incremental 2026-07-14T03:30:04Z..2026-07-28T03:30:04Z
03:30:22 upserted 185 -> vmimporteddata.raw.forms_logbook (now 2916 rows)
2026-07-28 03:35:05,296 INFO token acquired; loading 2 entities
2026-07-28 03:35:05,316 INFO == purchaseorder/getall -> raw.purchase_orders ==
2026-07-28 03:35:48,634 INFO   loaded 898 rows -> vmimporteddata.raw.purchase_orders
2026-07-28 03:35:48,634 INFO == SubcontractorPurchaseOrder/GetAll -> raw.subcontractor_purchase_orders ==
2026-07-28 03:37:17,773 INFO   loaded 1232 rows -> vmimporteddata.raw.subcontractor_purchase_orders
2026-07-28 03:37:17,773 INFO === SUMMARY ===
2026-07-28 03:37:17,773 INFO   purchase_orders                 898  ok
2026-07-28 03:37:17,773 INFO   subcontractor_purchase_orders     1232  ok
2026-07-28 03:45:03,554 INFO mode = APPLY (writes) | policy = fill-blanks-only + mismatch report
2026-07-28 03:45:04,673 INFO BigQuery: 1875 original jobs carry quote(s)
2026-07-28 03:45:07,725 WARNING job ref n/a on multiple items (3100234137, 2966824967); keeping 3100234137
2026-07-28 03:45:07,725 WARNING job ref TBC on multiple items (3063511661, 3117578798); keeping 3063511661
2026-07-28 03:45:07,725 WARNING job ref n/a on multiple items (3100234137, 5058867192); keeping 3100234137
2026-07-28 03:45:07,726 WARNING job ref PROJ0002286 on multiple items (3097141272, 2915434357); keeping 3097141272
2026-07-28 03:45:10,132 WARNING job ref PROJ0000435 on multiple items (5085276202, 2557328911); keeping 5085276202
2026-07-28 03:45:10,132 WARNING job ref PROJ0000327 on multiple items (2153302055, 2552283930); keeping 2153302055
2026-07-28 03:45:10,132 WARNING job ref PROJ0000280 on multiple items (5086038581, 5087275796); keeping 5086038581
2026-07-28 03:45:11,744 WARNING job ref TBC on multiple items (3063511661, 2692359448); keeping 3063511661
2026-07-28 03:45:11,744 WARNING job ref PROJ0000681 on multiple items (2734009560, 2649528212); keeping 2734009560
2026-07-28 03:45:11,745 WARNING job ref TBC on multiple items (3063511661, 2846831618); keeping 3063511661
2026-07-28 03:45:11,745 WARNING job ref PROJ0000778 on multiple items (2788665063, 2583123002); keeping 2788665063
2026-07-28 03:45:11,745 WARNING job ref PROJ0001204 on multiple items (2793241095, 2911315924); keeping 2793241095
2026-07-28 03:45:11,745 WARNING job ref PROJ0001322 on multiple items (2761136419, 2906584503); keeping 2761136419
2026-07-28 03:45:11,745 WARNING job ref TBC on multiple items (3063511661, 2889312501); keeping 3063511661
2026-07-28 03:45:11,745 WARNING job ref PROJ0001146 on multiple items (2941709168, 2948317160); keeping 2941709168
2026-07-28 03:45:11,745 WARNING job ref TBC on multiple items (3063511661, 2906579067); keeping 3063511661
2026-07-28 03:45:13,528 WARNING job ref PROJ0001767 on multiple items (2935501675, 2935500028); keeping 2935501675
2026-07-28 03:45:13,529 WARNING job ref TBC on multiple items (3063511661, 2914893293); keeping 3063511661
2026-07-28 03:45:13,529 WARNING job ref PROJ0001787 on multiple items (2966632396, 2983198888); keeping 2966632396
2026-07-28 03:45:13,529 WARNING job ref PROJ0002043 on multiple items (3028242169, 3032860755); keeping 3028242169
2026-07-28 03:45:13,530 WARNING job ref PROJ0002019 on multiple items (2964040548, 3016803442); keeping 2964040548
2026-07-28 03:45:13,530 WARNING job ref PROJ0000885 on multiple items (2786092317, 2825960185); keeping 2786092317
2026-07-28 03:45:13,530 WARNING job ref PROJ0002320 on multiple items (3025956827, 3104333998); keeping 3025956827
2026-07-28 03:45:15,558 WARNING job ref RE0009076 on multiple items (2557272497, 2554970823); keeping 2557272497
2026-07-28 03:45:15,559 WARNING job ref TBC on multiple items (3063511661, 2636954188); keeping 3063511661
2026-07-28 03:45:15,561 WARNING job ref TBC on multiple items (3063511661, 2695646209); keeping 3063511661
2026-07-28 03:45:15,561 WARNING job ref RE0010424 on multiple items (2607372464, 2761148073); keeping 2607372464
2026-07-28 03:45:15,561 WARNING job ref TBC on multiple items (3063511661, 2627206153); keeping 3063511661
2026-07-28 03:45:15,561 WARNING job ref RE0011629 on multiple items (2740366289, 2666274655); keeping 2740366289
2026-07-28 03:45:15,561 WARNING job ref TBC on multiple items (3063511661, 2857953203); keeping 3063511661
2026-07-28 03:45:15,561 WARNING job ref TBC on multiple items (3063511661, 2843016902); keeping 3063511661
2026-07-28 03:45:15,562 WARNING job ref n/a on multiple items (3100234137, 2750854478); keeping 3100234137
2026-07-28 03:45:15,562 WARNING job ref TBC on multiple items (3063511661, 2623750506); keeping 3063511661
2026-07-28 03:45:15,562 WARNING job ref TBC on multiple items (3063511661, 2633584985); keeping 3063511661
2026-07-28 03:45:15,562 INFO Monday: scanned 2453 items on board 5084790211; 1297 distinct job refs indexed (34 ref conflicts)
2026-07-28 03:45:15,565 INFO blanks to fill=0, mismatches=47, already-correct=192, quotes-with-no-matching-item=1636
2026-07-28 03:45:15,566 INFO mismatch report -> /opt/jl-loader/monday_quote_report.csv (47 rows)
2026-07-28 03:45:15,566 INFO   MISMATCH RE0009076 'LON13 | 2nd | Office 02-111 | Frost': monday='UP00999' JL='UP00998, UP00999' (missing=UP00998 extra=-)
2026-07-28 03:45:15,566 INFO   MISMATCH RE0018627 'Hang Item- Floor: 6 Office: 06C130': monday='UP02271' JL='UP02271, UP02507' (missing=UP02507 extra=-)
2026-07-28 03:45:15,566 INFO   MISMATCH PROJ0001080 'LON28 | 05B149 | Frosting quote': monday='UP02237' JL='UP02237, UP02301' (missing=UP02301 extra=-)
2026-07-28 03:45:15,566 INFO   MISMATCH RE0014146 'LON44 | 04-133 | Frosting Quote': monday='UP01525' JL='UP01545' (missing=UP01545 extra=UP1525)
2026-07-28 03:45:15,566 INFO   MISMATCH RE0008859 'Vinyl logo | Branch Metrics | Desig': monday='UP01047' JL='UP01005, UP01047' (missing=UP01005 extra=-)
2026-07-28 03:45:15,566 INFO   MISMATCH PROJ0001598 'LON11 | Glass frosting quote | 50.0': monday='UP02713' JL='UP02694, UP02697, UP02712, UP02713' (missing=UP02694, UP02697, UP02712 extra=-)
2026-07-28 03:45:15,566 INFO   MISMATCH RE0009488 'LON11 | 3.036 Privacy frosting - 4 ': monday='UP01058/RE0009488' JL='UP01064' (missing=UP01064 extra=UP1058)
2026-07-28 03:45:15,566 INFO   MISMATCH PROJ0000823 'LON49| 1st Floor | 01-103 | Office ': monday='UP02017' JL='UP02017, UP02143' (missing=UP02143 extra=-)
2026-07-28 03:45:15,566 INFO   MISMATCH PROJ0001838 'LON49 | 1st Floor | Quote for Mid B': monday='UP02917' JL='UP03037' (missing=UP03037 extra=UP2917)
2026-07-28 03:45:15,566 INFO   MISMATCH RE0014791 'LON25| Glass Panel Removal| 2-127 &': monday='UP01641' JL='UP01641, UP01644' (missing=UP01644 extra=-)
2026-07-28 03:45:15,566 INFO   MISMATCH PROJ0001246 'LON25| Grommets| Audit': monday='UP02183' JL='UP02912' (missing=UP02912 extra=UP2183)
2026-07-28 03:45:15,566 INFO   MISMATCH PROJ0001766 'LON25 | Aldwych H - Ground Floor St': monday='UP02845' JL='UP03033' (missing=UP03033 extra=UP2845)
2026-07-28 03:45:15,566 INFO   MISMATCH RE0018342 'LON 09 | GR-103 Frosting Panels': monday='UP02189' JL='UP02162' (missing=UP02162 extra=UP2189)
2026-07-28 03:45:15,566 INFO   MISMATCH PROJ0001787 'LON17 | 2A crack in the glass/vinyl': monday='UP02843' JL='UP03043' (missing=UP03043 extra=UP2843)
2026-07-28 03:45:15,566 INFO   MISMATCH PROJ0000806 'LON13 | 3F | Neon sign repair | Fre': monday='UP01832' JL='UP02340' (missing=UP02340 extra=UP1832)
2026-07-28 03:45:15,566 INFO   MISMATCH PROJ0000604 'LON13 | 3F | Signage | Freetrade | ': monday='UP01646' JL='UP01831, UP01832, UP01834' (missing=UP01831, UP01832, UP01834 extra=UP1646)
2026-07-28 03:45:15,566 INFO   MISMATCH RE0009321 'Coursera | PVC | Member paid': monday='UP1024' JL='UP01023, UP01024' (missing=UP01023 extra=-)
2026-07-28 03:45:15,566 INFO   MISMATCH PROJ0001363 'LON19| LG-116 Lovecorn | Removal of': monday='Emailed cteam options' JL='UP02569' (missing=UP02569 extra=-)
2026-07-28 03:45:15,566 INFO   MISMATCH RE0012069 'LON-43 | QUOTE | Accord's office | ': monday='UPO1321 /  UP01323' JL='UP01321, UP01323' (missing=UP01321 extra=-)
2026-07-28 03:45:15,566 INFO   MISMATCH PROJ0000921 'LON54 | Rails for lockers | 13th fl': monday='Option 1: Tension Rods - No drilling 10 Lockers - ' JL='UP02150, UP02151, UP02155, UP02156' (missing=UP02150, UP02151 extra=UP215025, UP215125)
2026-07-28 03:45:15,566 INFO   MISMATCH PROJ0002066 'LON32 | Removal of carpet in 03W102': monday='UP03267 - Remove carpet and install carpet tiles' JL='UP03238, UP03267' (missing=UP03238 extra=-)
2026-07-28 03:45:15,566 INFO   MISMATCH PROJ0002048 'Aviation House - LON23 | 4th floor ': monday='UP03120' JL='UP03182' (missing=UP03182 extra=UP3120)
2026-07-28 03:45:15,566 INFO   MISMATCH RE0011629 'LON12 | 4th floor | multiple | wate': monday='UP02385' JL='UP01570, UP02385' (missing=UP01570 extra=-)
2026-07-28 03:45:15,566 INFO   MISMATCH RE0023275 'LON71 | REPLACEMENTS/ORDER REQUEST ': monday='UP02983' JL='UP02983, UP03351' (missing=UP03351 extra=-)
2026-07-28 03:45:15,566 INFO   MISMATCH RE0015271 'LON71 | 11683614 - Hang multipul it': monday='UP01715' JL='UP01715, UP01751' (missing=UP01751 extra=-)
2026-07-28 03:45:15,566 INFO   ... and 22 more in the CSV
2026-07-28 03:45:15,566 INFO APPLIED 0 blank-fill updates. Mismatches (47) were NOT changed — see /opt/jl-loader/monday_quote_report.csv.
2026-07-28 04:00:05,465 INFO token acquired; loading 1 entities
2026-07-28 04:00:05,484 INFO == Timesheet/GetAll -> raw.timesheets ==
2026-07-28 04:11:51,891 INFO   loaded 7696 rows -> vmimporteddata.raw.timesheets
2026-07-28 04:11:51,891 INFO === SUMMARY ===
2026-07-28 04:11:51,891 INFO   timesheets                     7696  ok
Upload complete.
Waiting on bqjob_r64a04dc46e75517b_0000019fa6fcec7f_1 ... (0s) Current status: RUNNING                                                                                      Waiting on bqjob_r64a04dc46e75517b_0000019fa6fcec7f_1 ... (1s) Current status: RUNNING                                                                                      Waiting on bqjob_r64a04dc46e75517b_0000019fa6fcec7f_1 ... (1s) Current status: DONE   
audit sync done: 121910 lines
06:20:05 quotes incremental 2026-07-14T06:20:05Z..2026-07-28T06:20:05Z
06:20:18 upserted 175 -> vmimporteddata.raw.quotes (now 3265 rows)
06:25:04 invoices incremental 2026-07-14T06:25:04Z..2026-07-28T06:25:04Z
06:25:24 upserted 147 -> vmimporteddata.raw.invoices (now 2321 rows)
06:30:06 forms_logbook incremental 2026-07-14T06:30:06Z..2026-07-28T06:30:06Z
06:30:21 upserted 185 -> vmimporteddata.raw.forms_logbook (now 2916 rows)
2026-07-28 06:35:04,869 INFO token acquired; loading 2 entities
2026-07-28 06:35:04,889 INFO == purchaseorder/getall -> raw.purchase_orders ==
2026-07-28 06:35:43,698 INFO   loaded 898 rows -> vmimporteddata.raw.purchase_orders
2026-07-28 06:35:43,698 INFO == SubcontractorPurchaseOrder/GetAll -> raw.subcontractor_purchase_orders ==
2026-07-28 06:36:35,849 INFO   loaded 1232 rows -> vmimporteddata.raw.subcontractor_purchase_orders
2026-07-28 06:36:35,849 INFO === SUMMARY ===
2026-07-28 06:36:35,849 INFO   purchase_orders                 898  ok
2026-07-28 06:36:35,849 INFO   subcontractor_purchase_orders     1232  ok
2026-07-28 06:45:03,514 INFO mode = APPLY (writes) | policy = fill-blanks-only + mismatch report
2026-07-28 06:45:04,847 INFO BigQuery: 1875 original jobs carry quote(s)
2026-07-28 06:45:08,119 WARNING job ref n/a on multiple items (3100234137, 2966824967); keeping 3100234137
2026-07-28 06:45:08,119 WARNING job ref TBC on multiple items (3063511661, 3117578798); keeping 3063511661
2026-07-28 06:45:08,119 WARNING job ref n/a on multiple items (3100234137, 5058867192); keeping 3100234137
2026-07-28 06:45:08,120 WARNING job ref PROJ0002286 on multiple items (3097141272, 2915434357); keeping 3097141272
2026-07-28 06:45:10,472 WARNING job ref PROJ0000435 on multiple items (5085276202, 2557328911); keeping 5085276202
2026-07-28 06:45:10,473 WARNING job ref PROJ0000327 on multiple items (2153302055, 2552283930); keeping 2153302055
2026-07-28 06:45:10,473 WARNING job ref PROJ0000280 on multiple items (5086038581, 5087275796); keeping 5086038581
2026-07-28 06:45:12,791 WARNING job ref TBC on multiple items (3063511661, 2692359448); keeping 3063511661
2026-07-28 06:45:12,791 WARNING job ref PROJ0000681 on multiple items (2734009560, 2649528212); keeping 2734009560
2026-07-28 06:45:12,791 WARNING job ref TBC on multiple items (3063511661, 2846831618); keeping 3063511661
2026-07-28 06:45:12,791 WARNING job ref PROJ0000778 on multiple items (2788665063, 2583123002); keeping 2788665063
2026-07-28 06:45:12,791 WARNING job ref PROJ0001204 on multiple items (2793241095, 2911315924); keeping 2793241095
2026-07-28 06:45:12,792 WARNING job ref PROJ0001322 on multiple items (2761136419, 2906584503); keeping 2761136419
2026-07-28 06:45:12,792 WARNING job ref TBC on multiple items (3063511661, 2889312501); keeping 3063511661
2026-07-28 06:45:12,792 WARNING job ref PROJ0001146 on multiple items (2941709168, 2948317160); keeping 2941709168
2026-07-28 06:45:12,792 WARNING job ref TBC on multiple items (3063511661, 2906579067); keeping 3063511661
2026-07-28 06:45:15,413 WARNING job ref PROJ0001767 on multiple items (2935501675, 2935500028); keeping 2935501675
2026-07-28 06:45:15,414 WARNING job ref TBC on multiple items (3063511661, 2914893293); keeping 3063511661
2026-07-28 06:45:15,414 WARNING job ref PROJ0001787 on multiple items (2966632396, 2983198888); keeping 2966632396
2026-07-28 06:45:15,414 WARNING job ref PROJ0002043 on multiple items (3028242169, 3032860755); keeping 3028242169
2026-07-28 06:45:15,415 WARNING job ref PROJ0002019 on multiple items (2964040548, 3016803442); keeping 2964040548
2026-07-28 06:45:15,415 WARNING job ref PROJ0000885 on multiple items (2786092317, 2825960185); keeping 2786092317
2026-07-28 06:45:15,415 WARNING job ref PROJ0002320 on multiple items (3025956827, 3104333998); keeping 3025956827
2026-07-28 06:45:16,957 WARNING job ref RE0009076 on multiple items (2557272497, 2554970823); keeping 2557272497
2026-07-28 06:45:16,958 WARNING job ref TBC on multiple items (3063511661, 2636954188); keeping 3063511661
2026-07-28 06:45:16,958 WARNING job ref TBC on multiple items (3063511661, 2695646209); keeping 3063511661
2026-07-28 06:45:16,959 WARNING job ref RE0010424 on multiple items (2607372464, 2761148073); keeping 2607372464
2026-07-28 06:45:16,959 WARNING job ref TBC on multiple items (3063511661, 2627206153); keeping 3063511661
2026-07-28 06:45:16,959 WARNING job ref RE0011629 on multiple items (2740366289, 2666274655); keeping 2740366289
2026-07-28 06:45:16,959 WARNING job ref TBC on multiple items (3063511661, 2857953203); keeping 3063511661
2026-07-28 06:45:16,959 WARNING job ref TBC on multiple items (3063511661, 2843016902); keeping 3063511661
2026-07-28 06:45:16,959 WARNING job ref n/a on multiple items (3100234137, 2750854478); keeping 3100234137
2026-07-28 06:45:16,959 WARNING job ref TBC on multiple items (3063511661, 2623750506); keeping 3063511661
2026-07-28 06:45:16,959 WARNING job ref TBC on multiple items (3063511661, 2633584985); keeping 3063511661
2026-07-28 06:45:16,959 INFO Monday: scanned 2453 items on board 5084790211; 1297 distinct job refs indexed (34 ref conflicts)
2026-07-28 06:45:16,962 INFO blanks to fill=0, mismatches=47, already-correct=192, quotes-with-no-matching-item=1636
2026-07-28 06:45:16,963 INFO mismatch report -> /opt/jl-loader/monday_quote_report.csv (47 rows)
2026-07-28 06:45:16,963 INFO   MISMATCH RE0009076 'LON13 | 2nd | Office 02-111 | Frost': monday='UP00999' JL='UP00998, UP00999' (missing=UP00998 extra=-)
2026-07-28 06:45:16,963 INFO   MISMATCH RE0018627 'Hang Item- Floor: 6 Office: 06C130': monday='UP02271' JL='UP02271, UP02507' (missing=UP02507 extra=-)
2026-07-28 06:45:16,963 INFO   MISMATCH PROJ0001080 'LON28 | 05B149 | Frosting quote': monday='UP02237' JL='UP02237, UP02301' (missing=UP02301 extra=-)
2026-07-28 06:45:16,963 INFO   MISMATCH RE0014146 'LON44 | 04-133 | Frosting Quote': monday='UP01525' JL='UP01545' (missing=UP01545 extra=UP1525)
2026-07-28 06:45:16,963 INFO   MISMATCH RE0008859 'Vinyl logo | Branch Metrics | Desig': monday='UP01047' JL='UP01005, UP01047' (missing=UP01005 extra=-)
2026-07-28 06:45:16,963 INFO   MISMATCH PROJ0001598 'LON11 | Glass frosting quote | 50.0': monday='UP02713' JL='UP02694, UP02697, UP02712, UP02713' (missing=UP02694, UP02697, UP02712 extra=-)
2026-07-28 06:45:16,963 INFO   MISMATCH RE0009488 'LON11 | 3.036 Privacy frosting - 4 ': monday='UP01058/RE0009488' JL='UP01064' (missing=UP01064 extra=UP1058)
2026-07-28 06:45:16,963 INFO   MISMATCH PROJ0000823 'LON49| 1st Floor | 01-103 | Office ': monday='UP02017' JL='UP02017, UP02143' (missing=UP02143 extra=-)
2026-07-28 06:45:16,963 INFO   MISMATCH PROJ0001838 'LON49 | 1st Floor | Quote for Mid B': monday='UP02917' JL='UP03037' (missing=UP03037 extra=UP2917)
2026-07-28 06:45:16,963 INFO   MISMATCH RE0014791 'LON25| Glass Panel Removal| 2-127 &': monday='UP01641' JL='UP01641, UP01644' (missing=UP01644 extra=-)
2026-07-28 06:45:16,963 INFO   MISMATCH PROJ0001246 'LON25| Grommets| Audit': monday='UP02183' JL='UP02912' (missing=UP02912 extra=UP2183)
2026-07-28 06:45:16,963 INFO   MISMATCH PROJ0001766 'LON25 | Aldwych H - Ground Floor St': monday='UP02845' JL='UP03033' (missing=UP03033 extra=UP2845)
2026-07-28 06:45:16,963 INFO   MISMATCH RE0018342 'LON 09 | GR-103 Frosting Panels': monday='UP02189' JL='UP02162' (missing=UP02162 extra=UP2189)
2026-07-28 06:45:16,963 INFO   MISMATCH PROJ0001787 'LON17 | 2A crack in the glass/vinyl': monday='UP02843' JL='UP03043' (missing=UP03043 extra=UP2843)
2026-07-28 06:45:16,963 INFO   MISMATCH PROJ0000806 'LON13 | 3F | Neon sign repair | Fre': monday='UP01832' JL='UP02340' (missing=UP02340 extra=UP1832)
2026-07-28 06:45:16,963 INFO   MISMATCH PROJ0000604 'LON13 | 3F | Signage | Freetrade | ': monday='UP01646' JL='UP01831, UP01832, UP01834' (missing=UP01831, UP01832, UP01834 extra=UP1646)
2026-07-28 06:45:16,963 INFO   MISMATCH RE0009321 'Coursera | PVC | Member paid': monday='UP1024' JL='UP01023, UP01024' (missing=UP01023 extra=-)
2026-07-28 06:45:16,963 INFO   MISMATCH PROJ0001363 'LON19| LG-116 Lovecorn | Removal of': monday='Emailed cteam options' JL='UP02569' (missing=UP02569 extra=-)
2026-07-28 06:45:16,963 INFO   MISMATCH RE0012069 'LON-43 | QUOTE | Accord's office | ': monday='UPO1321 /  UP01323' JL='UP01321, UP01323' (missing=UP01321 extra=-)
2026-07-28 06:45:16,964 INFO   MISMATCH PROJ0000921 'LON54 | Rails for lockers | 13th fl': monday='Option 1: Tension Rods - No drilling 10 Lockers - ' JL='UP02150, UP02151, UP02155, UP02156' (missing=UP02150, UP02151 extra=UP215025, UP215125)
2026-07-28 06:45:16,964 INFO   MISMATCH PROJ0002066 'LON32 | Removal of carpet in 03W102': monday='UP03267 - Remove carpet and install carpet tiles' JL='UP03238, UP03267' (missing=UP03238 extra=-)
2026-07-28 06:45:16,964 INFO   MISMATCH PROJ0002048 'Aviation House - LON23 | 4th floor ': monday='UP03120' JL='UP03182' (missing=UP03182 extra=UP3120)
2026-07-28 06:45:16,964 INFO   MISMATCH RE0011629 'LON12 | 4th floor | multiple | wate': monday='UP02385' JL='UP01570, UP02385' (missing=UP01570 extra=-)
2026-07-28 06:45:16,964 INFO   MISMATCH RE0023275 'LON71 | REPLACEMENTS/ORDER REQUEST ': monday='UP02983' JL='UP02983, UP03351' (missing=UP03351 extra=-)
2026-07-28 06:45:16,964 INFO   MISMATCH RE0015271 'LON71 | 11683614 - Hang multipul it': monday='UP01715' JL='UP01715, UP01751' (missing=UP01751 extra=-)
2026-07-28 06:45:16,964 INFO   ... and 22 more in the CSV
2026-07-28 06:45:16,964 INFO APPLIED 0 blank-fill updates. Mismatches (47) were NOT changed — see /opt/jl-loader/monday_quote_report.csv.
07:00:07 jobs incremental 2026-07-25T07:00:07Z..2026-07-28T07:00:07Z
07:00:54 upserted 293 -> vmimporteddata.raw.jobs (now 41935 rows)
2026-07-28 07:05:02,895 INFO mode = APPLY | change-triggered (last-write-wins)
2026-07-28 07:05:02,916 INFO running job-status CDC…
2026-07-28 07:05:27,177 INFO unsynced status changes: 68
2026-07-28 07:07:00,571 INFO planned Monday writes: 1 (from 68 changes)
2026-07-28 07:07:00,572 INFO   PROJ0002202 (sid 7) item 2867415252 'LON71|AAT|10th floor| flooring t': PM: 'Complete'->'Project In Progress'
2026-07-28 07:07:04,463 INFO APPLIED 1 Monday writes; marked changes up to 2026-07-28 07:05:04.400956+00:00 synced.
07:15:05 jobs incremental 2026-07-25T07:15:05Z..2026-07-28T07:15:05Z
07:15:56 upserted 294 -> vmimporteddata.raw.jobs (now 41935 rows)
2026-07-28 07:20:02,850 INFO mode = APPLY | change-triggered (last-write-wins)
2026-07-28 07:20:02,873 INFO running job-status CDC…
2026-07-28 07:20:07,600 INFO unsynced status changes: 4
2026-07-28 07:20:14,053 INFO planned Monday writes: 0 (from 4 changes)
2026-07-28 07:20:16,286 INFO APPLIED 0 Monday writes; marked changes up to 2026-07-28 07:20:03.891762+00:00 synced.
07:30:05 jobs incremental 2026-07-25T07:30:05Z..2026-07-28T07:30:05Z
07:30:45 upserted 295 -> vmimporteddata.raw.jobs (now 41936 rows)
2026-07-28 07:35:03,482 INFO mode = APPLY | change-triggered (last-write-wins)
2026-07-28 07:35:03,504 INFO running job-status CDC…
2026-07-28 07:35:07,854 INFO unsynced status changes: 6
2026-07-28 07:35:17,110 INFO planned Monday writes: 0 (from 6 changes)
2026-07-28 07:35:19,418 INFO APPLIED 0 Monday writes; marked changes up to 2026-07-28 07:35:04.549191+00:00 synced.
07:45:05 jobs incremental 2026-07-25T07:45:05Z..2026-07-28T07:45:05Z
07:45:57 upserted 295 -> vmimporteddata.raw.jobs (now 41936 rows)
2026-07-28 07:50:03,325 INFO mode = APPLY | change-triggered (last-write-wins)
2026-07-28 07:50:03,346 INFO running job-status CDC…
2026-07-28 07:50:08,340 INFO unsynced status changes: 1
2026-07-28 07:50:09,963 INFO planned Monday writes: 0 (from 1 changes)
2026-07-28 07:50:11,895 INFO APPLIED 0 Monday writes; marked changes up to 2026-07-28 07:50:04.589976+00:00 synced.
08:00:05 jobs incremental 2026-07-25T08:00:05Z..2026-07-28T08:00:05Z
08:00:52 upserted 303 -> vmimporteddata.raw.jobs (now 41941 rows)
2026-07-28 08:05:03,360 INFO mode = APPLY | change-triggered (last-write-wins)
2026-07-28 08:05:03,382 INFO running job-status CDC…
2026-07-28 08:05:09,087 INFO unsynced status changes: 3
2026-07-28 08:05:13,493 INFO planned Monday writes: 0 (from 3 changes)
2026-07-28 08:05:15,909 INFO APPLIED 0 Monday writes; marked changes up to 2026-07-28 08:05:04.734638+00:00 synced.
08:15:05 jobs incremental 2026-07-25T08:15:05Z..2026-07-28T08:15:05Z
08:15:47 upserted 306 -> vmimporteddata.raw.jobs (now 41942 rows)
2026-07-28 08:20:03,455 INFO mode = APPLY | change-triggered (last-write-wins)
2026-07-28 08:20:03,487 INFO running job-status CDC…
2026-07-28 08:20:08,756 INFO unsynced status changes: 5
2026-07-28 08:20:16,374 INFO planned Monday writes: 0 (from 5 changes)
2026-07-28 08:20:19,058 INFO APPLIED 0 Monday writes; marked changes up to 2026-07-28 08:20:04.836359+00:00 synced.
2026-07-28 08:25:06,412 INFO mode = APPLY | Monday->JL + Approved guard (restores full cascade)
2026-07-28 08:25:26,195 INFO scanned 2453 items; snapshot has 2452
2026-07-28 08:25:26,201 INFO changes -> JL pushes=0, Approved reverts=0, Approved allowed=0
2026-07-28 08:25:28,521 INFO APPLIED: 0 JL pushes, 0 Approved reverts; snapshot saved (2453 items).
08:30:05 jobs incremental 2026-07-25T08:30:05Z..2026-07-28T08:30:05Z
08:31:11 upserted 332 -> vmimporteddata.raw.jobs (now 41942 rows)
2026-07-28 08:35:03,139 INFO mode = APPLY | change-triggered (last-write-wins)
2026-07-28 08:35:03,161 INFO running job-status CDC…
2026-07-28 08:35:09,007 INFO unsynced status changes: 32
2026-07-28 08:35:55,073 INFO planned Monday writes: 23 (from 32 changes)
2026-07-28 08:35:55,074 INFO   PROJ0002312 (sid 11) item 3103965157 'LON40 | Projects | 2nd Floor | 0': PM: 'To Schedule'->'Complete'
2026-07-28 08:35:55,074 INFO   RE0025855 (sid 11) item 3117025355 'LON28 | TV on Wheels': PM: 'To Schedule'->'Complete'
2026-07-28 08:35:55,074 INFO   PROJ0002348 (sid 11) item 3110182557 'LON11 | Member Paid Job | 3.069': PM: 'Quoted'->'Complete'
2026-07-28 08:35:55,074 INFO   RE0026111 (sid 11) item 3117058646 'LON50 | Mitre Entrance | Carpet ': PM: 'Lost/Not Progressed'->'Complete'
2026-07-28 08:35:55,074 INFO   PROJ0002041 (sid 11) item 3040736199 'LON23 | 1st | Member Paid | Labo': PM: 'Quoted'->'Complete'
2026-07-28 08:35:55,074 INFO   PROJ0002314 (sid 11) item 3103965282 'LON85 | Build two bookcases': PM: 'Quoted'->'Complete'
2026-07-28 08:35:55,074 INFO   PROJ0002264 (sid 11) item 3096592571 'LON25| TV| LG-105': PM: 'Approved'->'Complete'
2026-07-28 08:35:55,074 INFO   RE0023762 (sid 11) item 3101322162 'LON85 | Sub Basement | Bike Stor': PM: 'Quoted'->'Complete'
2026-07-28 08:35:55,074 INFO   PROJ0002287 (sid 11) item 3099978527 'LON06 | Panel Removal Quote | 02': PM: 'Quoted'->'Complete'
2026-07-28 08:35:55,074 INFO   PROJ0002309 (sid 11) item 3103965070 'LON31 | Desk Assembly and transf': PM: 'Quoted'->'Complete'
2026-07-28 08:35:55,074 INFO   PROJ0002337 (sid 11) item 3110173235 'LON44 | Project | Frosting meeti': PM: 'Quoted'->'Complete'
2026-07-28 08:35:55,074 INFO   PROJ0002254 (sid 11) item 3084526314 'LON53 | 9th Floor | Resecure Foa': PM: 'To Schedule'->'Complete'
2026-07-28 08:35:55,074 INFO   PROJ0002275 (sid 11) item 3099975573 'LON49 | Quote needed for non-sli': PM: 'Project In Progress'->'Complete'
2026-07-28 08:35:55,074 INFO   PROJ0002145 (sid 11) item 3065418749 'LON17 | 07-101 | Sharp wallis': PM: 'Quoted'->'Complete'
2026-07-28 08:35:55,075 INFO   RE0025659 (sid 11) item 3099975579 'LON23 | Maintenance | Ground Flo': PM: 'To Schedule'->'Complete'
2026-07-28 08:35:55,075 INFO   PROJ0002311 (sid 11) item 3103965152 'LON28 | Wall Handing Grid': PM: 'To Schedule'->'Complete'
2026-07-28 08:35:55,075 INFO   PROJ0002333 (sid 11) item 3108318234 'LON40 | Projects | 1st Floor | 0': PM: 'Quoted'->'Complete'
2026-07-28 08:35:55,075 INFO   PROJ0002230 (sid 11) item 3086558647 'LON53 | 4th Floor | Raised Woode': PM: 'Quoted'->'Complete'
2026-07-28 08:35:55,075 INFO   PROJ0002363 (sid 11) item 3117175428 'LON33 | Community Mailroom | Wal': PM: 'To Schedule'->'Complete'
2026-07-28 08:35:55,075 INFO   RE0023837 (sid 11) item 3042475037 'LON15 | install A3 Frames with c': PM: 'Project In Progress'->'Complete'
2026-07-28 08:35:55,075 INFO   PROJ0002172 (sid 11) item 2915434357 'LON06  | GF | loose tiles in pan': PM: 'Project In Progress'->'Complete'
2026-07-28 08:35:55,075 INFO   PROJ0002276 (sid 11) item 3099975580 'LON23 | 05BW102 | Carpet replace': PM: 'Project In Progress'->'Complete'
2026-07-28 08:35:55,075 INFO   PROJ0001075 (sid 11) item 2813211692 'Phase 1 - Sprinkler Remedial Wor': PM: 'Project In Progress'->'Complete'
2026-07-28 08:36:25,397 INFO APPLIED 23 Monday writes; marked changes up to 2026-07-28 08:35:04.187223+00:00 synced.
2026-07-28 08:40:07,868 INFO mode = APPLY | Monday->JL + Approved guard (restores full cascade)
2026-07-28 08:40:26,721 INFO scanned 2453 items; snapshot has 2453
2026-07-28 08:40:26,725 INFO changes -> JL pushes=6, Approved reverts=0, Approved allowed=0
2026-07-28 08:40:26,725 INFO   PUSH 'LON40 | Projects | 2nd Floor' job PROJ0002350 (id 33011684) 5 -> 11 (Monday 'Complete')
2026-07-28 08:40:26,725 INFO   PUSH 'LON25| TV| LG-105' job PROJ0002345 (id 33009658) 7 -> 11 (Monday 'Complete')
2026-07-28 08:40:26,725 INFO   PUSH 'LON23 | Maintenance | Ground' job PROJ0002359 (id 33034875) 5 -> 11 (Monday 'Complete')
2026-07-28 08:40:26,725 INFO   PUSH 'LON15 | install A3 Frames wi' job PROJ0002349 (id 33011370) 7 -> 11 (Monday 'Complete')
2026-07-28 08:40:26,725 INFO   PUSH 'LON06  | GF | loose tiles in' job PROJ0002286 (id 32911999) 5 -> 11 (Monday 'Complete')
2026-07-28 08:40:26,726 INFO   PUSH 'LON23 | 05BW102 | Carpet rep' job PROJ0002334 (id 32993079) 7 -> 11 (Monday 'Complete')
Traceback (most recent call last):
  File "/opt/jl-loader/sync_monday_to_jl.py", line 212, in <module>
    main()
  File "/opt/jl-loader/sync_monday_to_jl.py", line 197, in main
    jl_update_status(jid, tgt); time.sleep(0.4)
    ^^^^^^^^^^^^^^^^^^^^^^^^^^
  File "/opt/jl-loader/sync_monday_to_jl.py", line 71, in jl_update_status
    if not r.ok: raise RuntimeError(f"JL updatestatus {job_id}->{status_id}: {r.status_code} {r.text[:120]}")
                 ^^^^^^^^^^^^^^^^^^^^^^^^^^^^^^^^^^^^^^^^^^^^^^^^^^^^^^^^^^^^^^^^^^^^^^^^^^^^^^^^^^^^^^^^^^^^
RuntimeError: JL updatestatus 33011684->11: 400 {"Message":"Invalid Tenant"}
08:45:05 jobs incremental 2026-07-25T08:45:05Z..2026-07-28T08:45:05Z
08:45:57 upserted 335 -> vmimporteddata.raw.jobs (now 41942 rows)
2026-07-28 08:50:02,512 INFO mode = APPLY | change-triggered (last-write-wins)
2026-07-28 08:50:02,532 INFO running job-status CDC…
2026-07-28 08:50:06,874 INFO unsynced status changes: 6
2026-07-28 08:50:17,298 INFO planned Monday writes: 1 (from 6 changes)
2026-07-28 08:50:17,298 INFO   RE0017757 (sid 11) item 2898783595 'LON17- | 5th floor | Room 5A neo': PM: 'Reassigned'->'Complete'
2026-07-28 08:50:20,979 INFO APPLIED 1 Monday writes; marked changes up to 2026-07-28 08:50:03.736891+00:00 synced.
2026-07-28 08:55:06,030 INFO mode = APPLY | Monday->JL + Approved guard (restores full cascade)
2026-07-28 08:55:25,067 INFO scanned 2453 items; snapshot has 2453
2026-07-28 08:55:25,073 INFO changes -> JL pushes=6, Approved reverts=0, Approved allowed=0
2026-07-28 08:55:25,073 INFO   PUSH 'LON40 | Projects | 2nd Floor' job PROJ0002350 (id 33011684) 5 -> 11 (Monday 'Complete')
2026-07-28 08:55:25,073 INFO   PUSH 'LON25| TV| LG-105' job PROJ0002345 (id 33009658) 7 -> 11 (Monday 'Complete')
2026-07-28 08:55:25,073 INFO   PUSH 'LON23 | Maintenance | Ground' job PROJ0002359 (id 33034875) 5 -> 11 (Monday 'Complete')
2026-07-28 08:55:25,073 INFO   PUSH 'LON15 | install A3 Frames wi' job PROJ0002349 (id 33011370) 7 -> 11 (Monday 'Complete')
2026-07-28 08:55:25,073 INFO   PUSH 'LON06  | GF | loose tiles in' job PROJ0002286 (id 32911999) 5 -> 11 (Monday 'Complete')
2026-07-28 08:55:25,073 INFO   PUSH 'LON23 | 05BW102 | Carpet rep' job PROJ0002334 (id 32993079) 7 -> 11 (Monday 'Complete')
Traceback (most recent call last):
  File "/opt/jl-loader/sync_monday_to_jl.py", line 212, in <module>
    main()
  File "/opt/jl-loader/sync_monday_to_jl.py", line 197, in main
    jl_update_status(jid, tgt); time.sleep(0.4)
    ^^^^^^^^^^^^^^^^^^^^^^^^^^
  File "/opt/jl-loader/sync_monday_to_jl.py", line 71, in jl_update_status
    if not r.ok: raise RuntimeError(f"JL updatestatus {job_id}->{status_id}: {r.status_code} {r.text[:120]}")
                 ^^^^^^^^^^^^^^^^^^^^^^^^^^^^^^^^^^^^^^^^^^^^^^^^^^^^^^^^^^^^^^^^^^^^^^^^^^^^^^^^^^^^^^^^^^^^
RuntimeError: JL updatestatus 33011684->11: 400 {"Message":"Invalid Tenant"}
09:00:04 jobs incremental 2026-07-25T09:00:04Z..2026-07-28T09:00:04Z
09:00:57 upserted 333 -> vmimporteddata.raw.jobs (now 41943 rows)
2026-07-28 09:05:03,531 INFO mode = APPLY | change-triggered (last-write-wins)
2026-07-28 09:05:03,553 INFO running job-status CDC…
2026-07-28 09:05:08,219 INFO unsynced status changes: 6
2026-07-28 09:05:34,914 INFO planned Monday writes: 0 (from 6 changes)
2026-07-28 09:05:37,398 INFO APPLIED 0 Monday writes; marked changes up to 2026-07-28 09:05:04.941672+00:00 synced.
2026-07-28 09:10:06,322 INFO mode = APPLY | Monday->JL + Approved guard (restores full cascade)
2026-07-28 09:10:24,637 INFO scanned 2454 items; snapshot has 2453
2026-07-28 09:10:24,643 INFO changes -> JL pushes=6, Approved reverts=0, Approved allowed=0
2026-07-28 09:10:24,643 INFO   PUSH 'LON40 | Projects | 2nd Floor' job PROJ0002350 (id 33011684) 5 -> 11 (Monday 'Complete')
2026-07-28 09:10:24,643 INFO   PUSH 'LON25| TV| LG-105' job PROJ0002345 (id 33009658) 7 -> 11 (Monday 'Complete')
2026-07-28 09:10:24,643 INFO   PUSH 'LON23 | Maintenance | Ground' job PROJ0002359 (id 33034875) 5 -> 11 (Monday 'Complete')
2026-07-28 09:10:24,643 INFO   PUSH 'LON15 | install A3 Frames wi' job PROJ0002349 (id 33011370) 7 -> 11 (Monday 'Complete')
2026-07-28 09:10:24,643 INFO   PUSH 'LON06  | GF | loose tiles in' job PROJ0002286 (id 32911999) 5 -> 11 (Monday 'Complete')
2026-07-28 09:10:24,643 INFO   PUSH 'LON23 | 05BW102 | Carpet rep' job PROJ0002334 (id 32993079) 7 -> 11 (Monday 'Complete')
Traceback (most recent call last):
  File "/opt/jl-loader/sync_monday_to_jl.py", line 212, in <module>
    main()
  File "/opt/jl-loader/sync_monday_to_jl.py", line 197, in main
    jl_update_status(jid, tgt); time.sleep(0.4)
    ^^^^^^^^^^^^^^^^^^^^^^^^^^
  File "/opt/jl-loader/sync_monday_to_jl.py", line 71, in jl_update_status
    if not r.ok: raise RuntimeError(f"JL updatestatus {job_id}->{status_id}: {r.status_code} {r.text[:120]}")
                 ^^^^^^^^^^^^^^^^^^^^^^^^^^^^^^^^^^^^^^^^^^^^^^^^^^^^^^^^^^^^^^^^^^^^^^^^^^^^^^^^^^^^^^^^^^^^
RuntimeError: JL updatestatus 33011684->11: 400 {"Message":"Invalid Tenant"}
09:15:04 jobs incremental 2026-07-25T09:15:04Z..2026-07-28T09:15:04Z
09:16:03 upserted 335 -> vmimporteddata.raw.jobs (now 41945 rows)
2026-07-28 09:20:04,020 INFO mode = APPLY | change-triggered (last-write-wins)
2026-07-28 09:20:04,047 INFO running job-status CDC…
09:20:06 quotes incremental 2026-07-14T09:20:06Z..2026-07-28T09:20:06Z
2026-07-28 09:20:09,089 INFO unsynced status changes: 1
2026-07-28 09:20:10,731 INFO planned Monday writes: 0 (from 1 changes)
2026-07-28 09:20:13,059 INFO APPLIED 0 Monday writes; marked changes up to 2026-07-28 09:20:05.310905+00:00 synced.
09:20:22 upserted 181 -> vmimporteddata.raw.quotes (now 3272 rows)
09:25:07 invoices incremental 2026-07-14T09:25:07Z..2026-07-28T09:25:07Z
2026-07-28 09:25:08,339 INFO mode = APPLY | Monday->JL + Approved guard (restores full cascade)
09:25:26 upserted 147 -> vmimporteddata.raw.invoices (now 2321 rows)
2026-07-28 09:25:27,075 INFO scanned 2455 items; snapshot has 2453
2026-07-28 09:25:27,082 INFO changes -> JL pushes=6, Approved reverts=0, Approved allowed=0
2026-07-28 09:25:27,082 INFO   PUSH 'LON40 | Projects | 2nd Floor' job PROJ0002350 (id 33011684) 5 -> 11 (Monday 'Complete')
2026-07-28 09:25:27,082 INFO   PUSH 'LON25| TV| LG-105' job PROJ0002345 (id 33009658) 7 -> 11 (Monday 'Complete')
2026-07-28 09:25:27,082 INFO   PUSH 'LON23 | Maintenance | Ground' job PROJ0002359 (id 33034875) 5 -> 11 (Monday 'Complete')
2026-07-28 09:25:27,082 INFO   PUSH 'LON15 | install A3 Frames wi' job PROJ0002349 (id 33011370) 7 -> 11 (Monday 'Complete')
2026-07-28 09:25:27,082 INFO   PUSH 'LON06  | GF | loose tiles in' job PROJ0002286 (id 32911999) 5 -> 11 (Monday 'Complete')
2026-07-28 09:25:27,082 INFO   PUSH 'LON23 | 05BW102 | Carpet rep' job PROJ0002334 (id 32993079) 7 -> 11 (Monday 'Complete')
Traceback (most recent call last):
  File "/opt/jl-loader/sync_monday_to_jl.py", line 212, in <module>
    main()
  File "/opt/jl-loader/sync_monday_to_jl.py", line 197, in main
    jl_update_status(jid, tgt); time.sleep(0.4)
    ^^^^^^^^^^^^^^^^^^^^^^^^^^
  File "/opt/jl-loader/sync_monday_to_jl.py", line 71, in jl_update_status
    if not r.ok: raise RuntimeError(f"JL updatestatus {job_id}->{status_id}: {r.status_code} {r.text[:120]}")
                 ^^^^^^^^^^^^^^^^^^^^^^^^^^^^^^^^^^^^^^^^^^^^^^^^^^^^^^^^^^^^^^^^^^^^^^^^^^^^^^^^^^^^^^^^^^^^
RuntimeError: JL updatestatus 33011684->11: 400 {"Message":"Invalid Tenant"}
09:30:07 jobs incremental 2026-07-25T09:30:07Z..2026-07-28T09:30:07Z
09:30:07 forms_logbook incremental 2026-07-14T09:30:07Z..2026-07-28T09:30:07Z
09:30:39 upserted 181 -> vmimporteddata.raw.forms_logbook (now 2920 rows)
09:31:27 upserted 337 -> vmimporteddata.raw.jobs (now 41945 rows)
2026-07-28 09:35:03,373 INFO mode = APPLY | change-triggered (last-write-wins)
2026-07-28 09:35:03,405 INFO running job-status CDC…
2026-07-28 09:35:05,690 INFO token acquired; loading 2 entities
2026-07-28 09:35:05,710 INFO == purchaseorder/getall -> raw.purchase_orders ==
2026-07-28 09:35:07,875 INFO unsynced status changes: 9
2026-07-28 09:35:19,326 INFO planned Monday writes: 0 (from 9 changes)
2026-07-28 09:35:21,663 INFO APPLIED 0 Monday writes; marked changes up to 2026-07-28 09:35:04.749254+00:00 synced.
2026-07-28 09:36:01,561 INFO   loaded 898 rows -> vmimporteddata.raw.purchase_orders
2026-07-28 09:36:01,562 INFO == SubcontractorPurchaseOrder/GetAll -> raw.subcontractor_purchase_orders ==
2026-07-28 09:37:34,633 INFO   loaded 1234 rows -> vmimporteddata.raw.subcontractor_purchase_orders
2026-07-28 09:37:34,634 INFO === SUMMARY ===
2026-07-28 09:37:34,634 INFO   purchase_orders                 898  ok
2026-07-28 09:37:34,634 INFO   subcontractor_purchase_orders     1234  ok
2026-07-28 09:40:06,614 INFO mode = APPLY | Monday->JL + Approved guard (restores full cascade)
2026-07-28 09:40:24,559 INFO scanned 2455 items; snapshot has 2453
2026-07-28 09:40:24,565 INFO changes -> JL pushes=8, Approved reverts=1, Approved allowed=0
2026-07-28 09:40:24,565 INFO   PUSH 'LON40 | Projects | 2nd Floor' job PROJ0002350 (id 33011684) 5 -> 11 (Monday 'Complete')
2026-07-28 09:40:24,565 INFO   PUSH 'LON25| TV| LG-105' job PROJ0002345 (id 33009658) 7 -> 11 (Monday 'Complete')
2026-07-28 09:40:24,565 INFO   PUSH 'LON23 | Maintenance | Ground' job PROJ0002359 (id 33034875) 5 -> 11 (Monday 'Complete')
2026-07-28 09:40:24,565 INFO   PUSH 'LON15 | install A3 Frames wi' job PROJ0002349 (id 33011370) 7 -> 11 (Monday 'Complete')
2026-07-28 09:40:24,565 INFO   PUSH 'LON06  | GF | loose tiles in' job PROJ0002286 (id 32911999) 5 -> 11 (Monday 'Complete')
2026-07-28 09:40:24,565 INFO   PUSH 'LON23 | 05BW102 | Carpet rep' job PROJ0002334 (id 32993079) 7 -> 11 (Monday 'Complete')
2026-07-28 09:40:24,565 INFO   PUSH 'LON06 | Important | All amaz' job PROJ0001722 (id 31957267) 4 -> 11 (Monday 'Complete')
2026-07-28 09:40:24,565 INFO   PUSH 'LON12 | Stairwell A | from G' job PROJ0002032 (id 32513007) 1 -> 11 (Monday 'Complete')
2026-07-28 09:40:24,565 INFO   REVERT '01.139 - Ceiling Strip bac' -> PM 'Quoted', Fin 'Pending', date '', group topics (quote 'UP03390')
Traceback (most recent call last):
  File "/opt/jl-loader/sync_monday_to_jl.py", line 212, in <module>
    main()
  File "/opt/jl-loader/sync_monday_to_jl.py", line 197, in main
    jl_update_status(jid, tgt); time.sleep(0.4)
    ^^^^^^^^^^^^^^^^^^^^^^^^^^
  File "/opt/jl-loader/sync_monday_to_jl.py", line 71, in jl_update_status
    if not r.ok: raise RuntimeError(f"JL updatestatus {job_id}->{status_id}: {r.status_code} {r.text[:120]}")
                 ^^^^^^^^^^^^^^^^^^^^^^^^^^^^^^^^^^^^^^^^^^^^^^^^^^^^^^^^^^^^^^^^^^^^^^^^^^^^^^^^^^^^^^^^^^^^
RuntimeError: JL updatestatus 33011684->11: 400 {"Message":"Invalid Tenant"}
2026-07-28 09:45:03,791 INFO mode = APPLY (writes) | policy = fill-blanks-only + mismatch report
2026-07-28 09:45:05,207 INFO BigQuery: 1881 original jobs carry quote(s)
09:45:05 jobs incremental 2026-07-25T09:45:05Z..2026-07-28T09:45:05Z
2026-07-28 09:45:07,832 WARNING job ref n/a on multiple items (3100234137, 2966824967); keeping 3100234137
2026-07-28 09:45:07,833 WARNING job ref TBC on multiple items (3063511661, 3117578798); keeping 3063511661
2026-07-28 09:45:07,833 WARNING job ref n/a on multiple items (3100234137, 5058867192); keeping 3100234137
2026-07-28 09:45:10,514 WARNING job ref PROJ0000435 on multiple items (5085276202, 2557328911); keeping 5085276202
2026-07-28 09:45:10,515 WARNING job ref PROJ0000327 on multiple items (2153302055, 2552283930); keeping 2153302055
2026-07-28 09:45:10,515 WARNING job ref PROJ0000280 on multiple items (5086038581, 5087275796); keeping 5086038581
2026-07-28 09:45:11,970 WARNING job ref TBC on multiple items (3063511661, 2692359448); keeping 3063511661
2026-07-28 09:45:11,970 WARNING job ref PROJ0000681 on multiple items (2734009560, 2649528212); keeping 2734009560
2026-07-28 09:45:11,972 WARNING job ref TBC on multiple items (3063511661, 2846831618); keeping 3063511661
2026-07-28 09:45:11,972 WARNING job ref PROJ0000778 on multiple items (2788665063, 2583123002); keeping 2788665063
2026-07-28 09:45:11,972 WARNING job ref PROJ0001204 on multiple items (2793241095, 2911315924); keeping 2793241095
2026-07-28 09:45:11,972 WARNING job ref PROJ0001322 on multiple items (2761136419, 2906584503); keeping 2761136419
2026-07-28 09:45:11,972 WARNING job ref TBC on multiple items (3063511661, 2889312501); keeping 3063511661
2026-07-28 09:45:11,973 WARNING job ref PROJ0001146 on multiple items (2941709168, 2948317160); keeping 2941709168
2026-07-28 09:45:11,973 WARNING job ref TBC on multiple items (3063511661, 2906579067); keeping 3063511661
2026-07-28 09:45:11,973 WARNING job ref PROJ0001767 on multiple items (2935501675, 2935500028); keeping 2935501675
2026-07-28 09:45:13,802 WARNING job ref TBC on multiple items (3063511661, 2914893293); keeping 3063511661
2026-07-28 09:45:13,802 WARNING job ref PROJ0001787 on multiple items (2966632396, 2983198888); keeping 2966632396
2026-07-28 09:45:13,803 WARNING job ref PROJ0002043 on multiple items (3028242169, 3032860755); keeping 3028242169
2026-07-28 09:45:13,803 WARNING job ref PROJ0002019 on multiple items (2964040548, 3016803442); keeping 2964040548
2026-07-28 09:45:13,803 WARNING job ref PROJ0000885 on multiple items (2786092317, 2825960185); keeping 2786092317
2026-07-28 09:45:13,803 WARNING job ref PROJ0002320 on multiple items (3025956827, 3104333998); keeping 3025956827
2026-07-28 09:45:13,803 WARNING job ref PROJ0002286 on multiple items (3097141272, 2915434357); keeping 3097141272
2026-07-28 09:45:16,047 WARNING job ref RE0009076 on multiple items (2557272497, 2554970823); keeping 2557272497
2026-07-28 09:45:16,048 WARNING job ref TBC on multiple items (3063511661, 2636954188); keeping 3063511661
2026-07-28 09:45:16,048 WARNING job ref TBC on multiple items (3063511661, 2695646209); keeping 3063511661
2026-07-28 09:45:16,048 WARNING job ref RE0010424 on multiple items (2607372464, 2761148073); keeping 2607372464
2026-07-28 09:45:16,048 WARNING job ref TBC on multiple items (3063511661, 2627206153); keeping 3063511661
2026-07-28 09:45:16,049 WARNING job ref RE0011629 on multiple items (2740366289, 2666274655); keeping 2740366289
2026-07-28 09:45:16,049 WARNING job ref TBC on multiple items (3063511661, 2857953203); keeping 3063511661
2026-07-28 09:45:16,049 WARNING job ref TBC on multiple items (3063511661, 2843016902); keeping 3063511661
2026-07-28 09:45:16,049 WARNING job ref n/a on multiple items (3100234137, 2750854478); keeping 3100234137
2026-07-28 09:45:16,049 WARNING job ref TBC on multiple items (3063511661, 2623750506); keeping 3063511661
2026-07-28 09:45:16,049 WARNING job ref TBC on multiple items (3063511661, 2633584985); keeping 3063511661
2026-07-28 09:45:16,049 INFO Monday: scanned 2455 items on board 5084790211; 1301 distinct job refs indexed (34 ref conflicts)
2026-07-28 09:45:16,052 INFO blanks to fill=0, mismatches=47, already-correct=194, quotes-with-no-matching-item=1640
2026-07-28 09:45:16,053 INFO mismatch report -> /opt/jl-loader/monday_quote_report.csv (47 rows)
2026-07-28 09:45:16,053 INFO   MISMATCH RE0009076 'LON13 | 2nd | Office 02-111 | Frost': monday='UP00999' JL='UP00998, UP00999' (missing=UP00998 extra=-)
2026-07-28 09:45:16,053 INFO   MISMATCH RE0018627 'Hang Item- Floor: 6 Office: 06C130': monday='UP02271' JL='UP02271, UP02507' (missing=UP02507 extra=-)
2026-07-28 09:45:16,053 INFO   MISMATCH PROJ0001080 'LON28 | 05B149 | Frosting quote': monday='UP02237' JL='UP02237, UP02301' (missing=UP02301 extra=-)
2026-07-28 09:45:16,053 INFO   MISMATCH RE0014146 'LON44 | 04-133 | Frosting Quote': monday='UP01525' JL='UP01545' (missing=UP01545 extra=UP1525)
2026-07-28 09:45:16,053 INFO   MISMATCH RE0008859 'Vinyl logo | Branch Metrics | Desig': monday='UP01047' JL='UP01005, UP01047' (missing=UP01005 extra=-)
2026-07-28 09:45:16,053 INFO   MISMATCH PROJ0001598 'LON11 | Glass frosting quote | 50.0': monday='UP02713' JL='UP02694, UP02697, UP02712, UP02713' (missing=UP02694, UP02697, UP02712 extra=-)
2026-07-28 09:45:16,053 INFO   MISMATCH RE0009488 'LON11 | 3.036 Privacy frosting - 4 ': monday='UP01058/RE0009488' JL='UP01064' (missing=UP01064 extra=UP1058)
2026-07-28 09:45:16,053 INFO   MISMATCH PROJ0000823 'LON49| 1st Floor | 01-103 | Office ': monday='UP02017' JL='UP02017, UP02143' (missing=UP02143 extra=-)
2026-07-28 09:45:16,053 INFO   MISMATCH PROJ0001838 'LON49 | 1st Floor | Quote for Mid B': monday='UP02917' JL='UP03037' (missing=UP03037 extra=UP2917)
2026-07-28 09:45:16,053 INFO   MISMATCH RE0014791 'LON25| Glass Panel Removal| 2-127 &': monday='UP01641' JL='UP01641, UP01644' (missing=UP01644 extra=-)
2026-07-28 09:45:16,053 INFO   MISMATCH PROJ0001246 'LON25| Grommets| Audit': monday='UP02183' JL='UP02912' (missing=UP02912 extra=UP2183)
2026-07-28 09:45:16,053 INFO   MISMATCH PROJ0001766 'LON25 | Aldwych H - Ground Floor St': monday='UP02845' JL='UP03033' (missing=UP03033 extra=UP2845)
2026-07-28 09:45:16,053 INFO   MISMATCH RE0018342 'LON 09 | GR-103 Frosting Panels': monday='UP02189' JL='UP02162' (missing=UP02162 extra=UP2189)
2026-07-28 09:45:16,053 INFO   MISMATCH PROJ0001787 'LON17 | 2A crack in the glass/vinyl': monday='UP02843' JL='UP03043' (missing=UP03043 extra=UP2843)
2026-07-28 09:45:16,053 INFO   MISMATCH PROJ0000806 'LON13 | 3F | Neon sign repair | Fre': monday='UP01832' JL='UP02340' (missing=UP02340 extra=UP1832)
2026-07-28 09:45:16,053 INFO   MISMATCH PROJ0000604 'LON13 | 3F | Signage | Freetrade | ': monday='UP01646' JL='UP01831, UP01832, UP01834' (missing=UP01831, UP01832, UP01834 extra=UP1646)
2026-07-28 09:45:16,053 INFO   MISMATCH RE0009321 'Coursera | PVC | Member paid': monday='UP1024' JL='UP01023, UP01024' (missing=UP01023 extra=-)
2026-07-28 09:45:16,053 INFO   MISMATCH PROJ0001363 'LON19| LG-116 Lovecorn | Removal of': monday='Emailed cteam options' JL='UP02569' (missing=UP02569 extra=-)
2026-07-28 09:45:16,053 INFO   MISMATCH RE0012069 'LON-43 | QUOTE | Accord's office | ': monday='UPO1321 /  UP01323' JL='UP01321, UP01323' (missing=UP01321 extra=-)
2026-07-28 09:45:16,053 INFO   MISMATCH PROJ0000921 'LON54 | Rails for lockers | 13th fl': monday='Option 1: Tension Rods - No drilling 10 Lockers - ' JL='UP02150, UP02151, UP02155, UP02156' (missing=UP02150, UP02151 extra=UP215025, UP215125)
2026-07-28 09:45:16,053 INFO   MISMATCH PROJ0002066 'LON32 | Removal of carpet in 03W102': monday='UP03267 - Remove carpet and install carpet tiles' JL='UP03238, UP03267' (missing=UP03238 extra=-)
2026-07-28 09:45:16,053 INFO   MISMATCH PROJ0002048 'Aviation House - LON23 | 4th floor ': monday='UP03120' JL='UP03182' (missing=UP03182 extra=UP3120)
2026-07-28 09:45:16,053 INFO   MISMATCH RE0011629 'LON12 | 4th floor | multiple | wate': monday='UP02385' JL='UP01570, UP02385' (missing=UP01570 extra=-)
2026-07-28 09:45:16,054 INFO   MISMATCH RE0023275 'LON71 | REPLACEMENTS/ORDER REQUEST ': monday='UP02983' JL='UP02983, UP03351' (missing=UP03351 extra=-)
2026-07-28 09:45:16,054 INFO   MISMATCH RE0015271 'LON71 | 11683614 - Hang multipul it': monday='UP01715' JL='UP01715, UP01751' (missing=UP01751 extra=-)
2026-07-28 09:45:16,054 INFO   ... and 22 more in the CSV
2026-07-28 09:45:16,054 INFO APPLIED 0 blank-fill updates. Mismatches (47) were NOT changed — see /opt/jl-loader/monday_quote_report.csv.
09:46:00 upserted 340 -> vmimporteddata.raw.jobs (now 41945 rows)
2026-07-28 09:50:03,495 INFO mode = APPLY | change-triggered (last-write-wins)
2026-07-28 09:50:03,519 INFO running job-status CDC…
2026-07-28 09:50:08,244 INFO unsynced status changes: 6
2026-07-28 09:50:16,723 INFO planned Monday writes: 1 (from 6 changes)
2026-07-28 09:50:16,723 INFO   PROJ0002253 (sid 11) item 3089768960 'LON44 | Phone Booth Re-Seal': PM: 'Project In Progress'->'Complete'
2026-07-28 09:50:19,977 INFO APPLIED 1 Monday writes; marked changes up to 2026-07-28 09:50:04.799245+00:00 synced.
2026-07-28 09:55:08,973 INFO mode = APPLY | Monday->JL + Approved guard (restores full cascade)
2026-07-28 09:55:26,907 INFO scanned 2455 items; snapshot has 2453
2026-07-28 09:55:26,914 INFO changes -> JL pushes=8, Approved reverts=1, Approved allowed=0
2026-07-28 09:55:26,914 INFO   PUSH 'LON40 | Projects | 2nd Floor' job PROJ0002350 (id 33011684) 5 -> 11 (Monday 'Complete')
2026-07-28 09:55:26,914 INFO   PUSH 'LON25| TV| LG-105' job PROJ0002345 (id 33009658) 7 -> 11 (Monday 'Complete')
2026-07-28 09:55:26,914 INFO   PUSH 'LON23 | Maintenance | Ground' job PROJ0002359 (id 33034875) 5 -> 11 (Monday 'Complete')
2026-07-28 09:55:26,914 INFO   PUSH 'LON15 | install A3 Frames wi' job PROJ0002349 (id 33011370) 7 -> 11 (Monday 'Complete')
2026-07-28 09:55:26,914 INFO   PUSH 'LON06  | GF | loose tiles in' job PROJ0002286 (id 32911999) 5 -> 11 (Monday 'Complete')
2026-07-28 09:55:26,914 INFO   PUSH 'LON23 | 05BW102 | Carpet rep' job PROJ0002334 (id 32993079) 7 -> 11 (Monday 'Complete')
2026-07-28 09:55:26,915 INFO   PUSH 'LON06 | Important | All amaz' job PROJ0001722 (id 31957267) 4 -> 11 (Monday 'Complete')
2026-07-28 09:55:26,915 INFO   PUSH 'LON12 | Stairwell A | from G' job PROJ0002032 (id 32513007) 1 -> 11 (Monday 'Complete')
2026-07-28 09:55:26,915 INFO   REVERT '01.139 - Ceiling Strip bac' -> PM 'Quoted', Fin 'Pending', date '', group topics (quote 'UP03390')
Traceback (most recent call last):
  File "/opt/jl-loader/sync_monday_to_jl.py", line 212, in <module>
    main()
  File "/opt/jl-loader/sync_monday_to_jl.py", line 197, in main
    jl_update_status(jid, tgt); time.sleep(0.4)
    ^^^^^^^^^^^^^^^^^^^^^^^^^^
  File "/opt/jl-loader/sync_monday_to_jl.py", line 71, in jl_update_status
    if not r.ok: raise RuntimeError(f"JL updatestatus {job_id}->{status_id}: {r.status_code} {r.text[:120]}")
                 ^^^^^^^^^^^^^^^^^^^^^^^^^^^^^^^^^^^^^^^^^^^^^^^^^^^^^^^^^^^^^^^^^^^^^^^^^^^^^^^^^^^^^^^^^^^^
RuntimeError: JL updatestatus 33011684->11: 400 {"Message":"Invalid Tenant"}
10:00:05 jobs incremental 2026-07-25T10:00:05Z..2026-07-28T10:00:05Z
10:01:58 upserted 361 -> vmimporteddata.raw.jobs (now 41965 rows)
2026-07-28 10:05:03,392 INFO mode = APPLY | change-triggered (last-write-wins)
2026-07-28 10:05:03,414 INFO running job-status CDC…
2026-07-28 10:05:08,404 INFO unsynced status changes: 7
2026-07-28 10:05:18,175 INFO planned Monday writes: 0 (from 7 changes)
2026-07-28 10:05:20,396 INFO APPLIED 0 Monday writes; marked changes up to 2026-07-28 10:05:04.661640+00:00 synced.
2026-07-28 10:10:06,420 INFO mode = APPLY | Monday->JL + Approved guard (restores full cascade)
2026-07-28 10:10:23,272 INFO scanned 2455 items; snapshot has 2453
2026-07-28 10:10:23,277 INFO changes -> JL pushes=8, Approved reverts=1, Approved allowed=0
2026-07-28 10:10:23,277 INFO   PUSH 'LON40 | Projects | 2nd Floor' job PROJ0002350 (id 33011684) 5 -> 11 (Monday 'Complete')
2026-07-28 10:10:23,277 INFO   PUSH 'LON25| TV| LG-105' job PROJ0002345 (id 33009658) 7 -> 11 (Monday 'Complete')
2026-07-28 10:10:23,277 INFO   PUSH 'LON23 | Maintenance | Ground' job PROJ0002359 (id 33034875) 5 -> 11 (Monday 'Complete')
2026-07-28 10:10:23,277 INFO   PUSH 'LON15 | install A3 Frames wi' job PROJ0002349 (id 33011370) 7 -> 11 (Monday 'Complete')
2026-07-28 10:10:23,277 INFO   PUSH 'LON06  | GF | loose tiles in' job PROJ0002286 (id 32911999) 5 -> 11 (Monday 'Complete')
2026-07-28 10:10:23,277 INFO   PUSH 'LON23 | 05BW102 | Carpet rep' job PROJ0002334 (id 32993079) 7 -> 11 (Monday 'Complete')
2026-07-28 10:10:23,277 INFO   PUSH 'LON06 | Important | All amaz' job PROJ0001722 (id 31957267) 4 -> 11 (Monday 'Complete')
2026-07-28 10:10:23,277 INFO   PUSH 'LON12 | Stairwell A | from G' job PROJ0002032 (id 32513007) 1 -> 11 (Monday 'Complete')
2026-07-28 10:10:23,277 INFO   REVERT '01.139 - Ceiling Strip bac' -> PM 'Quoted', Fin 'Pending', date '', group topics (quote 'UP03390')
Traceback (most recent call last):
  File "/opt/jl-loader/sync_monday_to_jl.py", line 212, in <module>
    main()
  File "/opt/jl-loader/sync_monday_to_jl.py", line 197, in main
    jl_update_status(jid, tgt); time.sleep(0.4)
    ^^^^^^^^^^^^^^^^^^^^^^^^^^
  File "/opt/jl-loader/sync_monday_to_jl.py", line 71, in jl_update_status
    if not r.ok: raise RuntimeError(f"JL updatestatus {job_id}->{status_id}: {r.status_code} {r.text[:120]}")
                 ^^^^^^^^^^^^^^^^^^^^^^^^^^^^^^^^^^^^^^^^^^^^^^^^^^^^^^^^^^^^^^^^^^^^^^^^^^^^^^^^^^^^^^^^^^^^
RuntimeError: JL updatestatus 33011684->11: 400 {"Message":"Invalid Tenant"}
10:15:05 jobs incremental 2026-07-25T10:15:05Z..2026-07-28T10:15:05Z
10:16:11 upserted 366 -> vmimporteddata.raw.jobs (now 41966 rows)
2026-07-28 10:20:03,001 INFO mode = APPLY | change-triggered (last-write-wins)
2026-07-28 10:20:03,028 INFO running job-status CDC…
2026-07-28 10:20:07,749 INFO unsynced status changes: 15
2026-07-28 10:20:29,254 INFO planned Monday writes: 0 (from 15 changes)
2026-07-28 10:20:31,753 INFO APPLIED 0 Monday writes; marked changes up to 2026-07-28 10:20:04.357501+00:00 synced.
2026-07-28 10:25:06,705 INFO mode = APPLY | Monday->JL + Approved guard (restores full cascade)
2026-07-28 10:25:22,572 INFO scanned 2456 items; snapshot has 2453
2026-07-28 10:25:22,577 INFO changes -> JL pushes=8, Approved reverts=1, Approved allowed=0
2026-07-28 10:25:22,577 INFO   PUSH 'LON40 | Projects | 2nd Floor' job PROJ0002350 (id 33011684) 5 -> 11 (Monday 'Complete')
2026-07-28 10:25:22,577 INFO   PUSH 'LON25| TV| LG-105' job PROJ0002345 (id 33009658) 7 -> 11 (Monday 'Complete')
2026-07-28 10:25:22,577 INFO   PUSH 'LON23 | Maintenance | Ground' job PROJ0002359 (id 33034875) 5 -> 11 (Monday 'Complete')
2026-07-28 10:25:22,577 INFO   PUSH 'LON15 | install A3 Frames wi' job PROJ0002349 (id 33011370) 7 -> 11 (Monday 'Complete')
2026-07-28 10:25:22,577 INFO   PUSH 'LON06  | GF | loose tiles in' job PROJ0002286 (id 32911999) 5 -> 11 (Monday 'Complete')
2026-07-28 10:25:22,577 INFO   PUSH 'LON23 | 05BW102 | Carpet rep' job PROJ0002334 (id 32993079) 7 -> 11 (Monday 'Complete')
2026-07-28 10:25:22,577 INFO   PUSH 'LON06 | Important | All amaz' job PROJ0001722 (id 31957267) 4 -> 11 (Monday 'Complete')
2026-07-28 10:25:22,577 INFO   PUSH 'LON12 | Stairwell A | from G' job PROJ0002032 (id 32513007) 1 -> 11 (Monday 'Complete')
2026-07-28 10:25:22,577 INFO   REVERT '01.139 - Ceiling Strip bac' -> PM 'Quoted', Fin 'Pending', date '', group topics (quote 'UP03390')
Traceback (most recent call last):
  File "/opt/jl-loader/sync_monday_to_jl.py", line 212, in <module>
    main()
  File "/opt/jl-loader/sync_monday_to_jl.py", line 197, in main
    jl_update_status(jid, tgt); time.sleep(0.4)
    ^^^^^^^^^^^^^^^^^^^^^^^^^^
  File "/opt/jl-loader/sync_monday_to_jl.py", line 71, in jl_update_status
    if not r.ok: raise RuntimeError(f"JL updatestatus {job_id}->{status_id}: {r.status_code} {r.text[:120]}")
                 ^^^^^^^^^^^^^^^^^^^^^^^^^^^^^^^^^^^^^^^^^^^^^^^^^^^^^^^^^^^^^^^^^^^^^^^^^^^^^^^^^^^^^^^^^^^^
RuntimeError: JL updatestatus 33011684->11: 400 {"Message":"Invalid Tenant"}
10:30:05 jobs incremental 2026-07-25T10:30:05Z..2026-07-28T10:30:05Z
10:31:20 upserted 380 -> vmimporteddata.raw.jobs (now 41977 rows)
2026-07-28 10:35:03,471 INFO mode = APPLY | change-triggered (last-write-wins)
2026-07-28 10:35:03,499 INFO running job-status CDC…
2026-07-28 10:35:08,702 INFO unsynced status changes: 15
2026-07-28 10:35:30,364 INFO planned Monday writes: 1 (from 15 changes)
2026-07-28 10:35:30,365 INFO   PROJ0002331 (sid 11) item 3110173238 'Broken Wooden Chairs- Floor: 4 O': PM: 'Project In Progress'->'Complete'
2026-07-28 10:35:33,869 INFO APPLIED 1 Monday writes; marked changes up to 2026-07-28 10:35:04.814233+00:00 synced.
2026-07-28 10:40:05,887 INFO mode = APPLY | Monday->JL + Approved guard (restores full cascade)
2026-07-28 10:40:24,902 INFO scanned 2458 items; snapshot has 2453
2026-07-28 10:40:24,908 INFO changes -> JL pushes=8, Approved reverts=1, Approved allowed=0
2026-07-28 10:40:24,908 INFO   PUSH 'LON40 | Projects | 2nd Floor' job PROJ0002350 (id 33011684) 5 -> 11 (Monday 'Complete')
2026-07-28 10:40:24,908 INFO   PUSH 'LON25| TV| LG-105' job PROJ0002345 (id 33009658) 7 -> 11 (Monday 'Complete')
2026-07-28 10:40:24,908 INFO   PUSH 'LON23 | Maintenance | Ground' job PROJ0002359 (id 33034875) 5 -> 11 (Monday 'Complete')
2026-07-28 10:40:24,908 INFO   PUSH 'LON15 | install A3 Frames wi' job PROJ0002349 (id 33011370) 7 -> 11 (Monday 'Complete')
2026-07-28 10:40:24,908 INFO   PUSH 'LON06  | GF | loose tiles in' job PROJ0002286 (id 32911999) 5 -> 11 (Monday 'Complete')
2026-07-28 10:40:24,908 INFO   PUSH 'LON23 | 05BW102 | Carpet rep' job PROJ0002334 (id 32993079) 7 -> 11 (Monday 'Complete')
2026-07-28 10:40:24,908 INFO   PUSH 'LON06 | Important | All amaz' job PROJ0001722 (id 31957267) 4 -> 11 (Monday 'Complete')
2026-07-28 10:40:24,908 INFO   PUSH 'LON12 | Stairwell A | from G' job PROJ0002032 (id 32513007) 1 -> 11 (Monday 'Complete')
2026-07-28 10:40:24,908 INFO   REVERT '01.139 - Ceiling Strip bac' -> PM 'Quoted', Fin 'Pending', date '', group topics (quote 'UP03390')
Traceback (most recent call last):
  File "/opt/jl-loader/sync_monday_to_jl.py", line 212, in <module>
    main()
  File "/opt/jl-loader/sync_monday_to_jl.py", line 197, in main
    jl_update_status(jid, tgt); time.sleep(0.4)
    ^^^^^^^^^^^^^^^^^^^^^^^^^^
  File "/opt/jl-loader/sync_monday_to_jl.py", line 71, in jl_update_status
    if not r.ok: raise RuntimeError(f"JL updatestatus {job_id}->{status_id}: {r.status_code} {r.text[:120]}")
                 ^^^^^^^^^^^^^^^^^^^^^^^^^^^^^^^^^^^^^^^^^^^^^^^^^^^^^^^^^^^^^^^^^^^^^^^^^^^^^^^^^^^^^^^^^^^^
RuntimeError: JL updatestatus 33011684->11: 400 {"Message":"Invalid Tenant"}
10:45:05 jobs incremental 2026-07-25T10:45:05Z..2026-07-28T10:45:05Z
10:46:15 upserted 386 -> vmimporteddata.raw.jobs (now 41980 rows)
2026-07-28 10:50:03,420 INFO mode = APPLY | change-triggered (last-write-wins)
2026-07-28 10:50:03,448 INFO running job-status CDC…
2026-07-28 10:50:08,210 INFO unsynced status changes: 15
2026-07-28 10:50:29,755 INFO planned Monday writes: 0 (from 15 changes)
2026-07-28 10:50:31,743 INFO APPLIED 0 Monday writes; marked changes up to 2026-07-28 10:50:04.729658+00:00 synced.
2026-07-28 10:55:07,257 INFO mode = APPLY | Monday->JL + Approved guard (restores full cascade)
2026-07-28 10:55:23,852 INFO scanned 2458 items; snapshot has 2453
2026-07-28 10:55:23,859 INFO changes -> JL pushes=9, Approved reverts=1, Approved allowed=0
2026-07-28 10:55:23,860 INFO   PUSH 'LON17 | G-105 floor board ne' job PROJ0002219 (id 32841703) 1 -> 11 (Monday 'Complete')
2026-07-28 10:55:23,860 INFO   PUSH 'LON40 | Projects | 2nd Floor' job PROJ0002350 (id 33011684) 5 -> 11 (Monday 'Complete')
2026-07-28 10:55:23,860 INFO   PUSH 'LON25| TV| LG-105' job PROJ0002345 (id 33009658) 7 -> 11 (Monday 'Complete')
2026-07-28 10:55:23,860 INFO   PUSH 'LON23 | Maintenance | Ground' job PROJ0002359 (id 33034875) 5 -> 11 (Monday 'Complete')
2026-07-28 10:55:23,860 INFO   PUSH 'LON15 | install A3 Frames wi' job PROJ0002349 (id 33011370) 7 -> 11 (Monday 'Complete')
2026-07-28 10:55:23,860 INFO   PUSH 'LON06  | GF | loose tiles in' job PROJ0002286 (id 32911999) 5 -> 11 (Monday 'Complete')
2026-07-28 10:55:23,860 INFO   PUSH 'LON23 | 05BW102 | Carpet rep' job PROJ0002334 (id 32993079) 7 -> 11 (Monday 'Complete')
2026-07-28 10:55:23,860 INFO   PUSH 'LON06 | Important | All amaz' job PROJ0001722 (id 31957267) 4 -> 11 (Monday 'Complete')
2026-07-28 10:55:23,860 INFO   PUSH 'LON12 | Stairwell A | from G' job PROJ0002032 (id 32513007) 1 -> 11 (Monday 'Complete')
2026-07-28 10:55:23,860 INFO   REVERT '01.139 - Ceiling Strip bac' -> PM 'Quoted', Fin 'Pending', date '', group topics (quote 'UP03390')
Traceback (most recent call last):
  File "/opt/jl-loader/sync_monday_to_jl.py", line 212, in <module>
    main()
  File "/opt/jl-loader/sync_monday_to_jl.py", line 197, in main
    jl_update_status(jid, tgt); time.sleep(0.4)
    ^^^^^^^^^^^^^^^^^^^^^^^^^^
  File "/opt/jl-loader/sync_monday_to_jl.py", line 71, in jl_update_status
    if not r.ok: raise RuntimeError(f"JL updatestatus {job_id}->{status_id}: {r.status_code} {r.text[:120]}")
                 ^^^^^^^^^^^^^^^^^^^^^^^^^^^^^^^^^^^^^^^^^^^^^^^^^^^^^^^^^^^^^^^^^^^^^^^^^^^^^^^^^^^^^^^^^^^^
RuntimeError: JL updatestatus 32841703->11: 400 {"Message":"Invalid Tenant"}
11:00:05 jobs incremental 2026-07-25T11:00:05Z..2026-07-28T11:00:05Z
11:01:57 upserted 393 -> vmimporteddata.raw.jobs (now 41982 rows)
2026-07-28 11:05:03,417 INFO mode = APPLY | change-triggered (last-write-wins)
2026-07-28 11:05:03,438 INFO running job-status CDC…
2026-07-28 11:05:09,084 INFO unsynced status changes: 9
2026-07-28 11:05:22,624 INFO planned Monday writes: 0 (from 9 changes)
2026-07-28 11:05:24,926 INFO APPLIED 0 Monday writes; marked changes up to 2026-07-28 11:05:04.824396+00:00 synced.
2026-07-28 11:10:06,325 INFO mode = APPLY | Monday->JL + Approved guard (restores full cascade)
2026-07-28 11:10:24,625 INFO scanned 2459 items; snapshot has 2453
2026-07-28 11:10:24,630 INFO changes -> JL pushes=8, Approved reverts=1, Approved allowed=0
2026-07-28 11:10:24,630 INFO   PUSH 'LON40 | Projects | 2nd Floor' job PROJ0002350 (id 33011684) 5 -> 11 (Monday 'Complete')
2026-07-28 11:10:24,630 INFO   PUSH 'LON25| TV| LG-105' job PROJ0002345 (id 33009658) 7 -> 11 (Monday 'Complete')
2026-07-28 11:10:24,630 INFO   PUSH 'LON23 | Maintenance | Ground' job PROJ0002359 (id 33034875) 5 -> 11 (Monday 'Complete')
2026-07-28 11:10:24,630 INFO   PUSH 'LON15 | install A3 Frames wi' job PROJ0002349 (id 33011370) 7 -> 11 (Monday 'Complete')
2026-07-28 11:10:24,630 INFO   PUSH 'LON06  | GF | loose tiles in' job PROJ0002286 (id 32911999) 5 -> 11 (Monday 'Complete')
2026-07-28 11:10:24,630 INFO   PUSH 'LON23 | 05BW102 | Carpet rep' job PROJ0002334 (id 32993079) 7 -> 11 (Monday 'Complete')
2026-07-28 11:10:24,630 INFO   PUSH 'LON06 | Important | All amaz' job PROJ0001722 (id 31957267) 4 -> 11 (Monday 'Complete')
2026-07-28 11:10:24,630 INFO   PUSH 'LON12 | Stairwell A | from G' job PROJ0002032 (id 32513007) 1 -> 11 (Monday 'Complete')
2026-07-28 11:10:24,630 INFO   REVERT '01.139 - Ceiling Strip bac' -> PM 'Quoted', Fin 'Pending', date '', group topics (quote 'UP03390')
Traceback (most recent call last):
  File "/opt/jl-loader/sync_monday_to_jl.py", line 212, in <module>
    main()
  File "/opt/jl-loader/sync_monday_to_jl.py", line 197, in main
    jl_update_status(jid, tgt); time.sleep(0.4)
    ^^^^^^^^^^^^^^^^^^^^^^^^^^
  File "/opt/jl-loader/sync_monday_to_jl.py", line 71, in jl_update_status
    if not r.ok: raise RuntimeError(f"JL updatestatus {job_id}->{status_id}: {r.status_code} {r.text[:120]}")
                 ^^^^^^^^^^^^^^^^^^^^^^^^^^^^^^^^^^^^^^^^^^^^^^^^^^^^^^^^^^^^^^^^^^^^^^^^^^^^^^^^^^^^^^^^^^^^
RuntimeError: JL updatestatus 33011684->11: 400 {"Message":"Invalid Tenant"}
11:15:05 jobs incremental 2026-07-25T11:15:05Z..2026-07-28T11:15:05Z
11:16:41 upserted 394 -> vmimporteddata.raw.jobs (now 41983 rows)
2026-07-28 11:20:02,889 INFO mode = APPLY | change-triggered (last-write-wins)
2026-07-28 11:20:02,913 INFO running job-status CDC…
2026-07-28 11:20:07,146 INFO unsynced status changes: 3
2026-07-28 11:20:11,466 INFO planned Monday writes: 0 (from 3 changes)
2026-07-28 11:20:13,788 INFO APPLIED 0 Monday writes; marked changes up to 2026-07-28 11:20:04.188151+00:00 synced.
2026-07-28 11:25:07,180 INFO mode = APPLY | Monday->JL + Approved guard (restores full cascade)
2026-07-28 11:25:22,570 INFO scanned 2461 items; snapshot has 2453
2026-07-28 11:25:22,576 INFO changes -> JL pushes=8, Approved reverts=1, Approved allowed=0
2026-07-28 11:25:22,576 INFO   PUSH 'LON40 | Projects | 2nd Floor' job PROJ0002350 (id 33011684) 5 -> 11 (Monday 'Complete')
2026-07-28 11:25:22,576 INFO   PUSH 'LON25| TV| LG-105' job PROJ0002345 (id 33009658) 7 -> 11 (Monday 'Complete')
2026-07-28 11:25:22,576 INFO   PUSH 'LON23 | Maintenance | Ground' job PROJ0002359 (id 33034875) 5 -> 11 (Monday 'Complete')
2026-07-28 11:25:22,576 INFO   PUSH 'LON15 | install A3 Frames wi' job PROJ0002349 (id 33011370) 7 -> 11 (Monday 'Complete')
2026-07-28 11:25:22,576 INFO   PUSH 'LON06  | GF | loose tiles in' job PROJ0002286 (id 32911999) 5 -> 11 (Monday 'Complete')
2026-07-28 11:25:22,576 INFO   PUSH 'LON23 | 05BW102 | Carpet rep' job PROJ0002334 (id 32993079) 7 -> 11 (Monday 'Complete')
2026-07-28 11:25:22,576 INFO   PUSH 'LON06 | Important | All amaz' job PROJ0001722 (id 31957267) 4 -> 11 (Monday 'Complete')
2026-07-28 11:25:22,576 INFO   PUSH 'LON12 | Stairwell A | from G' job PROJ0002032 (id 32513007) 1 -> 11 (Monday 'Complete')
2026-07-28 11:25:22,576 INFO   REVERT '01.139 - Ceiling Strip bac' -> PM 'Quoted', Fin 'Pending', date '', group topics (quote 'UP03390')
Traceback (most recent call last):
  File "/opt/jl-loader/sync_monday_to_jl.py", line 212, in <module>
    main()
  File "/opt/jl-loader/sync_monday_to_jl.py", line 197, in main
    jl_update_status(jid, tgt); time.sleep(0.4)
    ^^^^^^^^^^^^^^^^^^^^^^^^^^
  File "/opt/jl-loader/sync_monday_to_jl.py", line 71, in jl_update_status
    if not r.ok: raise RuntimeError(f"JL updatestatus {job_id}->{status_id}: {r.status_code} {r.text[:120]}")
                 ^^^^^^^^^^^^^^^^^^^^^^^^^^^^^^^^^^^^^^^^^^^^^^^^^^^^^^^^^^^^^^^^^^^^^^^^^^^^^^^^^^^^^^^^^^^^
RuntimeError: JL updatestatus 33011684->11: 400 {"Message":"Invalid Tenant"}
11:30:05 jobs incremental 2026-07-25T11:30:05Z..2026-07-28T11:30:05Z
11:31:02 upserted 398 -> vmimporteddata.raw.jobs (now 41984 rows)
2026-07-28 11:35:02,963 INFO mode = APPLY | change-triggered (last-write-wins)
2026-07-28 11:35:02,996 INFO running job-status CDC…
2026-07-28 11:35:08,531 INFO unsynced status changes: 6
2026-07-28 11:35:17,201 INFO planned Monday writes: 1 (from 6 changes)
2026-07-28 11:35:17,202 INFO   PROJ0002273 (sid 11) item 3090651656 '30 CHURCHILL PLC | Office 03.124': PM: 'Project In Progress'->'Complete'
2026-07-28 11:35:20,199 INFO APPLIED 1 Monday writes; marked changes up to 2026-07-28 11:35:04.246929+00:00 synced.
2026-07-28 11:40:06,278 INFO mode = APPLY | Monday->JL + Approved guard (restores full cascade)
2026-07-28 11:40:23,182 INFO scanned 2461 items; snapshot has 2453
2026-07-28 11:40:23,190 INFO changes -> JL pushes=8, Approved reverts=1, Approved allowed=0
2026-07-28 11:40:23,190 INFO   PUSH 'LON40 | Projects | 2nd Floor' job PROJ0002350 (id 33011684) 5 -> 11 (Monday 'Complete')
2026-07-28 11:40:23,190 INFO   PUSH 'LON25| TV| LG-105' job PROJ0002345 (id 33009658) 7 -> 11 (Monday 'Complete')
2026-07-28 11:40:23,190 INFO   PUSH 'LON23 | Maintenance | Ground' job PROJ0002359 (id 33034875) 5 -> 11 (Monday 'Complete')
2026-07-28 11:40:23,190 INFO   PUSH 'LON15 | install A3 Frames wi' job PROJ0002349 (id 33011370) 7 -> 11 (Monday 'Complete')
2026-07-28 11:40:23,190 INFO   PUSH 'LON06  | GF | loose tiles in' job PROJ0002286 (id 32911999) 5 -> 11 (Monday 'Complete')
2026-07-28 11:40:23,190 INFO   PUSH 'LON23 | 05BW102 | Carpet rep' job PROJ0002334 (id 32993079) 7 -> 11 (Monday 'Complete')
2026-07-28 11:40:23,190 INFO   PUSH 'LON06 | Important | All amaz' job PROJ0001722 (id 31957267) 4 -> 11 (Monday 'Complete')
2026-07-28 11:40:23,190 INFO   PUSH 'LON12 | Stairwell A | from G' job PROJ0002032 (id 32513007) 1 -> 11 (Monday 'Complete')
2026-07-28 11:40:23,190 INFO   REVERT '01.139 - Ceiling Strip bac' -> PM 'Quoted', Fin 'Pending', date '', group topics (quote 'UP03390')
Traceback (most recent call last):
  File "/opt/jl-loader/sync_monday_to_jl.py", line 212, in <module>
    main()
  File "/opt/jl-loader/sync_monday_to_jl.py", line 197, in main
    jl_update_status(jid, tgt); time.sleep(0.4)
    ^^^^^^^^^^^^^^^^^^^^^^^^^^
  File "/opt/jl-loader/sync_monday_to_jl.py", line 71, in jl_update_status
    if not r.ok: raise RuntimeError(f"JL updatestatus {job_id}->{status_id}: {r.status_code} {r.text[:120]}")
                 ^^^^^^^^^^^^^^^^^^^^^^^^^^^^^^^^^^^^^^^^^^^^^^^^^^^^^^^^^^^^^^^^^^^^^^^^^^^^^^^^^^^^^^^^^^^^
RuntimeError: JL updatestatus 33011684->11: 400 {"Message":"Invalid Tenant"}
11:45:05 jobs incremental 2026-07-25T11:45:05Z..2026-07-28T11:45:05Z
11:46:25 upserted 407 -> vmimporteddata.raw.jobs (now 41986 rows)
2026-07-28 11:50:02,680 INFO mode = APPLY | change-triggered (last-write-wins)
2026-07-28 11:50:02,702 INFO running job-status CDC…
2026-07-28 11:50:07,738 INFO unsynced status changes: 7
2026-07-28 11:50:18,144 INFO planned Monday writes: 0 (from 7 changes)
2026-07-28 11:50:20,058 INFO APPLIED 0 Monday writes; marked changes up to 2026-07-28 11:50:04.261015+00:00 synced.
2026-07-28 11:55:05,943 INFO mode = APPLY | Monday->JL + Approved guard (restores full cascade)
2026-07-28 11:55:24,605 INFO scanned 2462 items; snapshot has 2453
2026-07-28 11:55:24,610 INFO changes -> JL pushes=8, Approved reverts=1, Approved allowed=0
2026-07-28 11:55:24,611 INFO   PUSH 'LON40 | Projects | 2nd Floor' job PROJ0002350 (id 33011684) 5 -> 11 (Monday 'Complete')
2026-07-28 11:55:24,611 INFO   PUSH 'LON25| TV| LG-105' job PROJ0002345 (id 33009658) 7 -> 11 (Monday 'Complete')
2026-07-28 11:55:24,611 INFO   PUSH 'LON23 | Maintenance | Ground' job PROJ0002359 (id 33034875) 5 -> 11 (Monday 'Complete')
2026-07-28 11:55:24,611 INFO   PUSH 'LON15 | install A3 Frames wi' job PROJ0002349 (id 33011370) 7 -> 11 (Monday 'Complete')
2026-07-28 11:55:24,611 INFO   PUSH 'LON06  | GF | loose tiles in' job PROJ0002286 (id 32911999) 5 -> 11 (Monday 'Complete')
2026-07-28 11:55:24,611 INFO   PUSH 'LON23 | 05BW102 | Carpet rep' job PROJ0002334 (id 32993079) 7 -> 11 (Monday 'Complete')
2026-07-28 11:55:24,611 INFO   PUSH 'LON06 | Important | All amaz' job PROJ0001722 (id 31957267) 4 -> 11 (Monday 'Complete')
2026-07-28 11:55:24,611 INFO   PUSH 'LON12 | Stairwell A | from G' job PROJ0002032 (id 32513007) 1 -> 11 (Monday 'Complete')
2026-07-28 11:55:24,611 INFO   REVERT '01.139 - Ceiling Strip bac' -> PM 'Quoted', Fin 'Pending', date '', group topics (quote 'UP03390')
Traceback (most recent call last):
  File "/opt/jl-loader/sync_monday_to_jl.py", line 212, in <module>
    main()
  File "/opt/jl-loader/sync_monday_to_jl.py", line 197, in main
    jl_update_status(jid, tgt); time.sleep(0.4)
    ^^^^^^^^^^^^^^^^^^^^^^^^^^
  File "/opt/jl-loader/sync_monday_to_jl.py", line 71, in jl_update_status
    if not r.ok: raise RuntimeError(f"JL updatestatus {job_id}->{status_id}: {r.status_code} {r.text[:120]}")
                 ^^^^^^^^^^^^^^^^^^^^^^^^^^^^^^^^^^^^^^^^^^^^^^^^^^^^^^^^^^^^^^^^^^^^^^^^^^^^^^^^^^^^^^^^^^^^
RuntimeError: JL updatestatus 33011684->11: 400 {"Message":"Invalid Tenant"}
12:00:06 jobs incremental 2026-07-25T12:00:06Z..2026-07-28T12:00:06Z
12:01:59 upserted 410 -> vmimporteddata.raw.jobs (now 41989 rows)
2026-07-28 12:05:03,623 INFO mode = APPLY | change-triggered (last-write-wins)
2026-07-28 12:05:03,665 INFO running job-status CDC…
2026-07-28 12:05:08,577 INFO unsynced status changes: 3
2026-07-28 12:05:12,924 INFO planned Monday writes: 0 (from 3 changes)
2026-07-28 12:05:15,628 INFO APPLIED 0 Monday writes; marked changes up to 2026-07-28 12:05:05.148164+00:00 synced.
2026-07-28 12:10:06,627 INFO mode = APPLY | Monday->JL + Approved guard (restores full cascade)
2026-07-28 12:10:26,828 INFO scanned 2462 items; snapshot has 2453
2026-07-28 12:10:26,832 INFO changes -> JL pushes=8, Approved reverts=1, Approved allowed=1
2026-07-28 12:10:26,833 INFO   PUSH 'LON40 | Projects | 2nd Floor' job PROJ0002350 (id 33011684) 5 -> 11 (Monday 'Complete')
2026-07-28 12:10:26,833 INFO   PUSH 'LON25| TV| LG-105' job PROJ0002345 (id 33009658) 7 -> 11 (Monday 'Complete')
2026-07-28 12:10:26,833 INFO   PUSH 'LON23 | Maintenance | Ground' job PROJ0002359 (id 33034875) 5 -> 11 (Monday 'Complete')
2026-07-28 12:10:26,833 INFO   PUSH 'LON15 | install A3 Frames wi' job PROJ0002349 (id 33011370) 7 -> 11 (Monday 'Complete')
2026-07-28 12:10:26,833 INFO   PUSH 'LON06  | GF | loose tiles in' job PROJ0002286 (id 32911999) 5 -> 11 (Monday 'Complete')
2026-07-28 12:10:26,833 INFO   PUSH 'LON23 | 05BW102 | Carpet rep' job PROJ0002334 (id 32993079) 7 -> 11 (Monday 'Complete')
2026-07-28 12:10:26,833 INFO   PUSH 'LON06 | Important | All amaz' job PROJ0001722 (id 31957267) 4 -> 11 (Monday 'Complete')
2026-07-28 12:10:26,833 INFO   PUSH 'LON12 | Stairwell A | from G' job PROJ0002032 (id 32513007) 1 -> 11 (Monday 'Complete')
2026-07-28 12:10:26,833 INFO   REVERT '01.139 - Ceiling Strip bac' -> PM 'Quoted', Fin 'Pending', date '', group topics (quote 'UP03390')
Traceback (most recent call last):
  File "/opt/jl-loader/sync_monday_to_jl.py", line 212, in <module>
    main()
  File "/opt/jl-loader/sync_monday_to_jl.py", line 197, in main
    jl_update_status(jid, tgt); time.sleep(0.4)
    ^^^^^^^^^^^^^^^^^^^^^^^^^^
  File "/opt/jl-loader/sync_monday_to_jl.py", line 71, in jl_update_status
    if not r.ok: raise RuntimeError(f"JL updatestatus {job_id}->{status_id}: {r.status_code} {r.text[:120]}")
                 ^^^^^^^^^^^^^^^^^^^^^^^^^^^^^^^^^^^^^^^^^^^^^^^^^^^^^^^^^^^^^^^^^^^^^^^^^^^^^^^^^^^^^^^^^^^^
RuntimeError: JL updatestatus 33011684->11: 400 {"Message":"Invalid Tenant"}
12:15:04 jobs incremental 2026-07-25T12:15:04Z..2026-07-28T12:15:04Z
12:15:57 upserted 414 -> vmimporteddata.raw.jobs (now 41990 rows)
2026-07-28 12:20:04,465 INFO mode = APPLY | change-triggered (last-write-wins)
2026-07-28 12:20:04,494 INFO running job-status CDC…
12:20:06 quotes incremental 2026-07-14T12:20:06Z..2026-07-28T12:20:06Z
2026-07-28 12:20:09,834 INFO unsynced status changes: 7
2026-07-28 12:20:19,709 INFO planned Monday writes: 0 (from 7 changes)
2026-07-28 12:20:21,736 INFO APPLIED 0 Monday writes; marked changes up to 2026-07-28 12:20:05.498063+00:00 synced.
12:20:24 upserted 184 -> vmimporteddata.raw.quotes (now 3280 rows)
12:25:06 invoices incremental 2026-07-14T12:25:06Z..2026-07-28T12:25:06Z
2026-07-28 12:25:07,689 INFO mode = APPLY | Monday->JL + Approved guard (restores full cascade)
12:25:21 upserted 147 -> vmimporteddata.raw.invoices (now 2321 rows)
2026-07-28 12:25:26,527 INFO scanned 2462 items; snapshot has 2453
2026-07-28 12:25:26,532 INFO changes -> JL pushes=8, Approved reverts=1, Approved allowed=1
2026-07-28 12:25:26,533 INFO   PUSH 'LON40 | Projects | 2nd Floor' job PROJ0002350 (id 33011684) 5 -> 11 (Monday 'Complete')
2026-07-28 12:25:26,533 INFO   PUSH 'LON25| TV| LG-105' job PROJ0002345 (id 33009658) 7 -> 11 (Monday 'Complete')
2026-07-28 12:25:26,533 INFO   PUSH 'LON23 | Maintenance | Ground' job PROJ0002359 (id 33034875) 5 -> 11 (Monday 'Complete')
2026-07-28 12:25:26,533 INFO   PUSH 'LON15 | install A3 Frames wi' job PROJ0002349 (id 33011370) 7 -> 11 (Monday 'Complete')
2026-07-28 12:25:26,533 INFO   PUSH 'LON06  | GF | loose tiles in' job PROJ0002286 (id 32911999) 5 -> 11 (Monday 'Complete')
2026-07-28 12:25:26,533 INFO   PUSH 'LON23 | 05BW102 | Carpet rep' job PROJ0002334 (id 32993079) 7 -> 11 (Monday 'Complete')
2026-07-28 12:25:26,533 INFO   PUSH 'LON06 | Important | All amaz' job PROJ0001722 (id 31957267) 4 -> 11 (Monday 'Complete')
2026-07-28 12:25:26,533 INFO   PUSH 'LON12 | Stairwell A | from G' job PROJ0002032 (id 32513007) 1 -> 11 (Monday 'Complete')
2026-07-28 12:25:26,533 INFO   REVERT '01.139 - Ceiling Strip bac' -> PM 'Quoted', Fin 'Pending', date '', group topics (quote 'UP03390')
Traceback (most recent call last):
  File "/opt/jl-loader/sync_monday_to_jl.py", line 212, in <module>
    main()
  File "/opt/jl-loader/sync_monday_to_jl.py", line 197, in main
    jl_update_status(jid, tgt); time.sleep(0.4)
    ^^^^^^^^^^^^^^^^^^^^^^^^^^
  File "/opt/jl-loader/sync_monday_to_jl.py", line 71, in jl_update_status
    if not r.ok: raise RuntimeError(f"JL updatestatus {job_id}->{status_id}: {r.status_code} {r.text[:120]}")
                 ^^^^^^^^^^^^^^^^^^^^^^^^^^^^^^^^^^^^^^^^^^^^^^^^^^^^^^^^^^^^^^^^^^^^^^^^^^^^^^^^^^^^^^^^^^^^
RuntimeError: JL updatestatus 33011684->11: 400 {"Message":"Invalid Tenant"}
12:30:06 jobs incremental 2026-07-25T12:30:06Z..2026-07-28T12:30:06Z
12:30:06 forms_logbook incremental 2026-07-14T12:30:06Z..2026-07-28T12:30:06Z
12:30:34 upserted 182 -> vmimporteddata.raw.forms_logbook (now 2925 rows)
12:31:05 upserted 416 -> vmimporteddata.raw.jobs (now 41990 rows)
2026-07-28 12:35:04,028 INFO mode = APPLY | change-triggered (last-write-wins)
2026-07-28 12:35:04,055 INFO running job-status CDC…
2026-07-28 12:35:06,068 INFO token acquired; loading 2 entities
2026-07-28 12:35:06,089 INFO == purchaseorder/getall -> raw.purchase_orders ==
2026-07-28 12:35:08,934 INFO unsynced status changes: 5
2026-07-28 12:35:15,724 INFO planned Monday writes: 0 (from 5 changes)
2026-07-28 12:35:17,736 INFO APPLIED 0 Monday writes; marked changes up to 2026-07-28 12:35:05.329975+00:00 synced.
2026-07-28 12:36:11,542 INFO   loaded 899 rows -> vmimporteddata.raw.purchase_orders
2026-07-28 12:36:11,543 INFO == SubcontractorPurchaseOrder/GetAll -> raw.subcontractor_purchase_orders ==
2026-07-28 12:37:51,759 INFO   loaded 1235 rows -> vmimporteddata.raw.subcontractor_purchase_orders
2026-07-28 12:37:51,759 INFO === SUMMARY ===
2026-07-28 12:37:51,759 INFO   purchase_orders                 899  ok
2026-07-28 12:37:51,759 INFO   subcontractor_purchase_orders     1235  ok
2026-07-28 12:40:06,789 INFO mode = APPLY | Monday->JL + Approved guard (restores full cascade)
2026-07-28 12:40:25,949 INFO scanned 2463 items; snapshot has 2453
2026-07-28 12:40:25,954 INFO changes -> JL pushes=8, Approved reverts=2, Approved allowed=1
2026-07-28 12:40:25,955 INFO   PUSH 'LON40 | Projects | 2nd Floor' job PROJ0002350 (id 33011684) 5 -> 11 (Monday 'Complete')
2026-07-28 12:40:25,955 INFO   PUSH 'LON25| TV| LG-105' job PROJ0002345 (id 33009658) 7 -> 11 (Monday 'Complete')
2026-07-28 12:40:25,955 INFO   PUSH 'LON23 | Maintenance | Ground' job PROJ0002359 (id 33034875) 5 -> 11 (Monday 'Complete')
2026-07-28 12:40:25,955 INFO   PUSH 'LON15 | install A3 Frames wi' job PROJ0002349 (id 33011370) 7 -> 11 (Monday 'Complete')
2026-07-28 12:40:25,955 INFO   PUSH 'LON06  | GF | loose tiles in' job PROJ0002286 (id 32911999) 5 -> 11 (Monday 'Complete')
2026-07-28 12:40:25,955 INFO   PUSH 'LON23 | 05BW102 | Carpet rep' job PROJ0002334 (id 32993079) 7 -> 11 (Monday 'Complete')
2026-07-28 12:40:25,955 INFO   PUSH 'LON06 | Important | All amaz' job PROJ0001722 (id 31957267) 4 -> 11 (Monday 'Complete')
2026-07-28 12:40:25,955 INFO   PUSH 'LON12 | Stairwell A | from G' job PROJ0002032 (id 32513007) 1 -> 11 (Monday 'Complete')
2026-07-28 12:40:25,955 INFO   REVERT '01.139 - Ceiling Strip bac' -> PM 'Quoted', Fin 'Pending', date '', group topics (quote 'UP03390')
2026-07-28 12:40:25,955 INFO   REVERT '03.069 - P&D' -> PM 'CHASE', Fin 'Pending', date '', group topics (quote 'UP02977')
Traceback (most recent call last):
  File "/opt/jl-loader/sync_monday_to_jl.py", line 212, in <module>
    main()
  File "/opt/jl-loader/sync_monday_to_jl.py", line 197, in main
    jl_update_status(jid, tgt); time.sleep(0.4)
    ^^^^^^^^^^^^^^^^^^^^^^^^^^
  File "/opt/jl-loader/sync_monday_to_jl.py", line 71, in jl_update_status
    if not r.ok: raise RuntimeError(f"JL updatestatus {job_id}->{status_id}: {r.status_code} {r.text[:120]}")
                 ^^^^^^^^^^^^^^^^^^^^^^^^^^^^^^^^^^^^^^^^^^^^^^^^^^^^^^^^^^^^^^^^^^^^^^^^^^^^^^^^^^^^^^^^^^^^
RuntimeError: JL updatestatus 33011684->11: 400 {"Message":"Invalid Tenant"}
2026-07-28 12:45:04,070 INFO mode = APPLY (writes) | policy = fill-blanks-only + mismatch report
2026-07-28 12:45:05,571 INFO BigQuery: 1886 original jobs carry quote(s)
12:45:06 jobs incremental 2026-07-25T12:45:06Z..2026-07-28T12:45:06Z
2026-07-28 12:45:07,555 WARNING job ref n/a on multiple items (3100234137, 2966824967); keeping 3100234137
2026-07-28 12:45:07,555 WARNING job ref TBC on multiple items (3063511661, 3117578798); keeping 3063511661
2026-07-28 12:45:07,556 WARNING job ref n/a on multiple items (3100234137, 5058867192); keeping 3100234137
2026-07-28 12:45:09,452 WARNING job ref PROJ0000435 on multiple items (5085276202, 2557328911); keeping 5085276202
2026-07-28 12:45:09,452 WARNING job ref PROJ0000327 on multiple items (2153302055, 2552283930); keeping 2153302055
2026-07-28 12:45:09,452 WARNING job ref PROJ0000280 on multiple items (5086038581, 5087275796); keeping 5086038581
2026-07-28 12:45:11,553 WARNING job ref TBC on multiple items (3063511661, 2692359448); keeping 3063511661
2026-07-28 12:45:11,554 WARNING job ref PROJ0000681 on multiple items (2734009560, 2649528212); keeping 2734009560
2026-07-28 12:45:11,554 WARNING job ref TBC on multiple items (3063511661, 2846831618); keeping 3063511661
2026-07-28 12:45:11,554 WARNING job ref PROJ0000778 on multiple items (2788665063, 2583123002); keeping 2788665063
2026-07-28 12:45:11,554 WARNING job ref PROJ0001204 on multiple items (2793241095, 2911315924); keeping 2793241095
2026-07-28 12:45:11,554 WARNING job ref PROJ0001322 on multiple items (2761136419, 2906584503); keeping 2761136419
2026-07-28 12:45:11,554 WARNING job ref TBC on multiple items (3063511661, 2889312501); keeping 3063511661
2026-07-28 12:45:11,554 WARNING job ref PROJ0001146 on multiple items (2941709168, 2948317160); keeping 2941709168
2026-07-28 12:45:11,554 WARNING job ref TBC on multiple items (3063511661, 2906579067); keeping 3063511661
2026-07-28 12:45:11,555 WARNING job ref PROJ0001767 on multiple items (2935501675, 2935500028); keeping 2935501675
2026-07-28 12:45:13,430 WARNING job ref PROJ0002019 on multiple items (3121081336, 2964040548); keeping 3121081336
2026-07-28 12:45:13,430 WARNING job ref TBC on multiple items (3063511661, 2914893293); keeping 3063511661
2026-07-28 12:45:13,430 WARNING job ref PROJ0001787 on multiple items (2966632396, 2983198888); keeping 2966632396
2026-07-28 12:45:13,431 WARNING job ref PROJ0002043 on multiple items (3028242169, 3032860755); keeping 3028242169
2026-07-28 12:45:13,431 WARNING job ref PROJ0002019 on multiple items (3121081336, 3016803442); keeping 3121081336
2026-07-28 12:45:13,431 WARNING job ref PROJ0000885 on multiple items (2786092317, 2825960185); keeping 2786092317
2026-07-28 12:45:13,431 WARNING job ref PROJ0002320 on multiple items (3025956827, 3104333998); keeping 3025956827
2026-07-28 12:45:13,431 WARNING job ref PROJ0002286 on multiple items (3097141272, 2915434357); keeping 3097141272
2026-07-28 12:45:15,438 WARNING job ref RE0009076 on multiple items (2557272497, 2554970823); keeping 2557272497
2026-07-28 12:45:15,439 WARNING job ref TBC on multiple items (3063511661, 2636954188); keeping 3063511661
2026-07-28 12:45:15,439 WARNING job ref TBC on multiple items (3063511661, 2695646209); keeping 3063511661
2026-07-28 12:45:15,439 WARNING job ref RE0010424 on multiple items (2607372464, 2761148073); keeping 2607372464
2026-07-28 12:45:15,440 WARNING job ref TBC on multiple items (3063511661, 2627206153); keeping 3063511661
2026-07-28 12:45:15,440 WARNING job ref RE0011629 on multiple items (2740366289, 2666274655); keeping 2740366289
2026-07-28 12:45:15,440 WARNING job ref TBC on multiple items (3063511661, 2857953203); keeping 3063511661
2026-07-28 12:45:15,440 WARNING job ref TBC on multiple items (3063511661, 2843016902); keeping 3063511661
2026-07-28 12:45:15,440 WARNING job ref n/a on multiple items (3100234137, 2750854478); keeping 3100234137
2026-07-28 12:45:15,440 WARNING job ref TBC on multiple items (3063511661, 2623750506); keeping 3063511661
2026-07-28 12:45:15,440 WARNING job ref TBC on multiple items (3063511661, 2633584985); keeping 3063511661
2026-07-28 12:45:15,440 INFO Monday: scanned 2463 items on board 5084790211; 1306 distinct job refs indexed (35 ref conflicts)
2026-07-28 12:45:15,443 INFO blanks to fill=0, mismatches=47, already-correct=195, quotes-with-no-matching-item=1644
2026-07-28 12:45:15,444 INFO mismatch report -> /opt/jl-loader/monday_quote_report.csv (47 rows)
2026-07-28 12:45:15,444 INFO   MISMATCH RE0025228 'LON19 | Staircase B Lift Lobby Door': monday='UP03429' JL='UP03299, UP03429' (missing=UP03299 extra=-)
2026-07-28 12:45:15,444 INFO   MISMATCH M0000796 'TMV replacements': monday='UP02813' JL='UP03357' (missing=UP03357 extra=UP2813)
2026-07-28 12:45:15,444 INFO   MISMATCH RE0024929 'LON33 | Wellness Room | Carpet Repl': monday='UP03445' JL='UP03348, UP03445' (missing=UP03348 extra=-)
2026-07-28 12:45:15,444 INFO   MISMATCH PROJ0002247 'LON09 | Quote - Member Paid | LG-10': monday='UP03297/UP03340' JL='UP03297, UP03317, UP03340' (missing=UP03317 extra=-)
2026-07-28 12:45:15,444 INFO   MISMATCH PROJ0002082 'LON20 | 3rd Floor | Glass panel aud': monday='UP03166' JL='UP03415' (missing=UP03415 extra=UP3166)
2026-07-28 12:45:15,444 INFO   MISMATCH PROJ0002066 'LON32 | Removal of carpet in 03W102': monday='UP03267 - Remove carpet and install carpet tiles' JL='UP03238, UP03267' (missing=UP03238 extra=-)
2026-07-28 12:45:15,444 INFO   MISMATCH PROJ0002054 'LON45 | Ground Floor | Neon Sign Li': monday='UP03129' JL='UP03336' (missing=UP03336 extra=UP3129)
2026-07-28 12:45:15,444 INFO   MISMATCH RE0023275 'LON71 | REPLACEMENTS/ORDER REQUEST ': monday='UP02983' JL='UP02983, UP03351' (missing=UP03351 extra=-)
2026-07-28 12:45:15,444 INFO   MISMATCH PROJ0002172 'LON06  | GF | loose tiles in pantry': monday='UP02978' JL='UP03327' (missing=UP03327 extra=UP2978)
2026-07-28 12:45:15,444 INFO   MISMATCH RE0009076 'LON13 | 2nd | Office 02-111 | Frost': monday='UP00999' JL='UP00998, UP00999' (missing=UP00998 extra=-)
2026-07-28 12:45:15,444 INFO   MISMATCH RE0018627 'Hang Item- Floor: 6 Office: 06C130': monday='UP02271' JL='UP02271, UP02507' (missing=UP02507 extra=-)
2026-07-28 12:45:15,444 INFO   MISMATCH PROJ0001080 'LON28 | 05B149 | Frosting quote': monday='UP02237' JL='UP02237, UP02301' (missing=UP02301 extra=-)
2026-07-28 12:45:15,444 INFO   MISMATCH RE0014146 'LON44 | 04-133 | Frosting Quote': monday='UP01525' JL='UP01545' (missing=UP01545 extra=UP1525)
2026-07-28 12:45:15,444 INFO   MISMATCH RE0008859 'Vinyl logo | Branch Metrics | Desig': monday='UP01047' JL='UP01005, UP01047' (missing=UP01005 extra=-)
2026-07-28 12:45:15,444 INFO   MISMATCH PROJ0001598 'LON11 | Glass frosting quote | 50.0': monday='UP02713' JL='UP02694, UP02697, UP02712, UP02713' (missing=UP02694, UP02697, UP02712 extra=-)
2026-07-28 12:45:15,444 INFO   MISMATCH RE0009488 'LON11 | 3.036 Privacy frosting - 4 ': monday='UP01058/RE0009488' JL='UP01064' (missing=UP01064 extra=UP1058)
2026-07-28 12:45:15,444 INFO   MISMATCH PROJ0000823 'LON49| 1st Floor | 01-103 | Office ': monday='UP02017' JL='UP02017, UP02143' (missing=UP02143 extra=-)
2026-07-28 12:45:15,444 INFO   MISMATCH PROJ0001838 'LON49 | 1st Floor | Quote for Mid B': monday='UP02917' JL='UP03037' (missing=UP03037 extra=UP2917)
2026-07-28 12:45:15,444 INFO   MISMATCH RE0014791 'LON25| Glass Panel Removal| 2-127 &': monday='UP01641' JL='UP01641, UP01644' (missing=UP01644 extra=-)
2026-07-28 12:45:15,444 INFO   MISMATCH PROJ0001246 'LON25| Grommets| Audit': monday='UP02183' JL='UP02912' (missing=UP02912 extra=UP2183)
2026-07-28 12:45:15,444 INFO   MISMATCH PROJ0001766 'LON25 | Aldwych H - Ground Floor St': monday='UP02845' JL='UP03033' (missing=UP03033 extra=UP2845)
2026-07-28 12:45:15,444 INFO   MISMATCH RE0018342 'LON 09 | GR-103 Frosting Panels': monday='UP02189' JL='UP02162' (missing=UP02162 extra=UP2189)
2026-07-28 12:45:15,444 INFO   MISMATCH PROJ0001787 'LON17 | 2A crack in the glass/vinyl': monday='UP02843' JL='UP03043' (missing=UP03043 extra=UP2843)
2026-07-28 12:45:15,444 INFO   MISMATCH PROJ0000806 'LON13 | 3F | Neon sign repair | Fre': monday='UP01832' JL='UP02340' (missing=UP02340 extra=UP1832)
2026-07-28 12:45:15,445 INFO   MISMATCH PROJ0000604 'LON13 | 3F | Signage | Freetrade | ': monday='UP01646' JL='UP01831, UP01832, UP01834' (missing=UP01831, UP01832, UP01834 extra=UP1646)
2026-07-28 12:45:15,445 INFO   ... and 22 more in the CSV
2026-07-28 12:45:15,445 INFO APPLIED 0 blank-fill updates. Mismatches (47) were NOT changed — see /opt/jl-loader/monday_quote_report.csv.
12:46:14 upserted 417 -> vmimporteddata.raw.jobs (now 41990 rows)
2026-07-28 12:50:02,785 INFO mode = APPLY | change-triggered (last-write-wins)
2026-07-28 12:50:02,805 INFO running job-status CDC…
2026-07-28 12:50:07,093 INFO unsynced status changes: 4
2026-07-28 12:50:13,248 INFO planned Monday writes: 0 (from 4 changes)
2026-07-28 12:50:15,533 INFO APPLIED 0 Monday writes; marked changes up to 2026-07-28 12:50:03.977585+00:00 synced.
2026-07-28 12:55:07,657 INFO mode = APPLY | Monday->JL + Approved guard (restores full cascade)
2026-07-28 12:55:27,481 INFO scanned 2463 items; snapshot has 2453
2026-07-28 12:55:27,486 INFO changes -> JL pushes=8, Approved reverts=2, Approved allowed=1
2026-07-28 12:55:27,486 INFO   PUSH 'LON40 | Projects | 2nd Floor' job PROJ0002350 (id 33011684) 5 -> 11 (Monday 'Complete')
2026-07-28 12:55:27,486 INFO   PUSH 'LON25| TV| LG-105' job PROJ0002345 (id 33009658) 7 -> 11 (Monday 'Complete')
2026-07-28 12:55:27,486 INFO   PUSH 'LON23 | Maintenance | Ground' job PROJ0002359 (id 33034875) 5 -> 11 (Monday 'Complete')
2026-07-28 12:55:27,486 INFO   PUSH 'LON15 | install A3 Frames wi' job PROJ0002349 (id 33011370) 7 -> 11 (Monday 'Complete')
2026-07-28 12:55:27,486 INFO   PUSH 'LON06  | GF | loose tiles in' job PROJ0002286 (id 32911999) 5 -> 11 (Monday 'Complete')
2026-07-28 12:55:27,486 INFO   PUSH 'LON23 | 05BW102 | Carpet rep' job PROJ0002334 (id 32993079) 7 -> 11 (Monday 'Complete')
2026-07-28 12:55:27,487 INFO   PUSH 'LON06 | Important | All amaz' job PROJ0001722 (id 31957267) 4 -> 11 (Monday 'Complete')
2026-07-28 12:55:27,487 INFO   PUSH 'LON12 | Stairwell A | from G' job PROJ0002032 (id 32513007) 1 -> 11 (Monday 'Complete')
2026-07-28 12:55:27,487 INFO   REVERT '01.139 - Ceiling Strip bac' -> PM 'Quoted', Fin 'Pending', date '', group topics (quote 'UP03390')
2026-07-28 12:55:27,487 INFO   REVERT '03.069 - P&D' -> PM 'CHASE', Fin 'Pending', date '', group topics (quote 'UP02977')
Traceback (most recent call last):
  File "/opt/jl-loader/sync_monday_to_jl.py", line 212, in <module>
    main()
  File "/opt/jl-loader/sync_monday_to_jl.py", line 197, in main
    jl_update_status(jid, tgt); time.sleep(0.4)
    ^^^^^^^^^^^^^^^^^^^^^^^^^^
  File "/opt/jl-loader/sync_monday_to_jl.py", line 71, in jl_update_status
    if not r.ok: raise RuntimeError(f"JL updatestatus {job_id}->{status_id}: {r.status_code} {r.text[:120]}")
                 ^^^^^^^^^^^^^^^^^^^^^^^^^^^^^^^^^^^^^^^^^^^^^^^^^^^^^^^^^^^^^^^^^^^^^^^^^^^^^^^^^^^^^^^^^^^^
RuntimeError: JL updatestatus 33011684->11: 400 {"Message":"Invalid Tenant"}
13:00:06 jobs incremental 2026-07-25T13:00:06Z..2026-07-28T13:00:06Z
13:01:55 upserted 421 -> vmimporteddata.raw.jobs (now 41993 rows)
2026-07-28 13:05:03,327 INFO mode = APPLY | change-triggered (last-write-wins)
2026-07-28 13:05:03,348 INFO running job-status CDC…
2026-07-28 13:05:08,207 INFO unsynced status changes: 12
2026-07-28 13:05:21,756 INFO planned Monday writes: 0 (from 12 changes)
2026-07-28 13:05:24,451 INFO APPLIED 0 Monday writes; marked changes up to 2026-07-28 13:05:04.601175+00:00 synced.
2026-07-28 13:10:06,206 INFO mode = APPLY | Monday->JL + Approved guard (restores full cascade)
2026-07-28 13:10:25,731 INFO scanned 2464 items; snapshot has 2453
2026-07-28 13:10:25,736 INFO changes -> JL pushes=8, Approved reverts=2, Approved allowed=1
2026-07-28 13:10:25,736 INFO   PUSH 'LON40 | Projects | 2nd Floor' job PROJ0002350 (id 33011684) 5 -> 11 (Monday 'Complete')
2026-07-28 13:10:25,736 INFO   PUSH 'LON25| TV| LG-105' job PROJ0002345 (id 33009658) 7 -> 11 (Monday 'Complete')
2026-07-28 13:10:25,736 INFO   PUSH 'LON23 | Maintenance | Ground' job PROJ0002359 (id 33034875) 5 -> 11 (Monday 'Complete')
2026-07-28 13:10:25,736 INFO   PUSH 'LON15 | install A3 Frames wi' job PROJ0002349 (id 33011370) 7 -> 11 (Monday 'Complete')
2026-07-28 13:10:25,736 INFO   PUSH 'LON06  | GF | loose tiles in' job PROJ0002286 (id 32911999) 5 -> 11 (Monday 'Complete')
2026-07-28 13:10:25,736 INFO   PUSH 'LON23 | 05BW102 | Carpet rep' job PROJ0002334 (id 32993079) 7 -> 11 (Monday 'Complete')
2026-07-28 13:10:25,737 INFO   PUSH 'LON06 | Important | All amaz' job PROJ0001722 (id 31957267) 4 -> 11 (Monday 'Complete')
2026-07-28 13:10:25,737 INFO   PUSH 'LON12 | Stairwell A | from G' job PROJ0002032 (id 32513007) 1 -> 11 (Monday 'Complete')
2026-07-28 13:10:25,737 INFO   REVERT '01.139 - Ceiling Strip bac' -> PM 'Quoted', Fin 'Pending', date '', group topics (quote 'UP03390')
2026-07-28 13:10:25,737 INFO   REVERT '03.069 - P&D' -> PM 'CHASE', Fin 'Pending', date '', group topics (quote 'UP02977')
Traceback (most recent call last):
  File "/opt/jl-loader/sync_monday_to_jl.py", line 212, in <module>
    main()
  File "/opt/jl-loader/sync_monday_to_jl.py", line 197, in main
    jl_update_status(jid, tgt); time.sleep(0.4)
    ^^^^^^^^^^^^^^^^^^^^^^^^^^
  File "/opt/jl-loader/sync_monday_to_jl.py", line 71, in jl_update_status
    if not r.ok: raise RuntimeError(f"JL updatestatus {job_id}->{status_id}: {r.status_code} {r.text[:120]}")
                 ^^^^^^^^^^^^^^^^^^^^^^^^^^^^^^^^^^^^^^^^^^^^^^^^^^^^^^^^^^^^^^^^^^^^^^^^^^^^^^^^^^^^^^^^^^^^
RuntimeError: JL updatestatus 33011684->11: 400 {"Message":"Invalid Tenant"}
13:15:05 jobs incremental 2026-07-25T13:15:05Z..2026-07-28T13:15:05Z
13:16:40 upserted 422 -> vmimporteddata.raw.jobs (now 41993 rows)
2026-07-28 13:20:03,257 INFO mode = APPLY | change-triggered (last-write-wins)
2026-07-28 13:20:03,283 INFO running job-status CDC…
2026-07-28 13:20:07,732 INFO unsynced status changes: 4
2026-07-28 13:20:14,048 INFO planned Monday writes: 0 (from 4 changes)
2026-07-28 13:20:16,054 INFO APPLIED 0 Monday writes; marked changes up to 2026-07-28 13:20:04.619401+00:00 synced.
2026-07-28 13:25:06,000 INFO mode = APPLY | Monday->JL + Approved guard (restores full cascade)
2026-07-28 13:25:22,142 INFO scanned 2464 items; snapshot has 2453
2026-07-28 13:25:22,148 INFO changes -> JL pushes=8, Approved reverts=2, Approved allowed=1
2026-07-28 13:25:22,148 INFO   PUSH 'LON40 | Projects | 2nd Floor' job PROJ0002350 (id 33011684) 5 -> 11 (Monday 'Complete')
2026-07-28 13:25:22,148 INFO   PUSH 'LON25| TV| LG-105' job PROJ0002345 (id 33009658) 7 -> 11 (Monday 'Complete')
2026-07-28 13:25:22,148 INFO   PUSH 'LON23 | Maintenance | Ground' job PROJ0002359 (id 33034875) 5 -> 11 (Monday 'Complete')
2026-07-28 13:25:22,148 INFO   PUSH 'LON15 | install A3 Frames wi' job PROJ0002349 (id 33011370) 7 -> 11 (Monday 'Complete')
2026-07-28 13:25:22,148 INFO   PUSH 'LON06  | GF | loose tiles in' job PROJ0002286 (id 32911999) 5 -> 11 (Monday 'Complete')
2026-07-28 13:25:22,148 INFO   PUSH 'LON23 | 05BW102 | Carpet rep' job PROJ0002334 (id 32993079) 7 -> 11 (Monday 'Complete')
2026-07-28 13:25:22,148 INFO   PUSH 'LON06 | Important | All amaz' job PROJ0001722 (id 31957267) 4 -> 11 (Monday 'Complete')
2026-07-28 13:25:22,148 INFO   PUSH 'LON12 | Stairwell A | from G' job PROJ0002032 (id 32513007) 1 -> 11 (Monday 'Complete')
2026-07-28 13:25:22,148 INFO   REVERT '01.139 - Ceiling Strip bac' -> PM 'Quoted', Fin 'Pending', date '', group topics (quote 'UP03390')
2026-07-28 13:25:22,148 INFO   REVERT '03.069 - P&D' -> PM 'CHASE', Fin 'Pending', date '', group topics (quote 'UP02977')
Traceback (most recent call last):
  File "/opt/jl-loader/sync_monday_to_jl.py", line 212, in <module>
    main()
  File "/opt/jl-loader/sync_monday_to_jl.py", line 197, in main
    jl_update_status(jid, tgt); time.sleep(0.4)
    ^^^^^^^^^^^^^^^^^^^^^^^^^^
  File "/opt/jl-loader/sync_monday_to_jl.py", line 71, in jl_update_status
    if not r.ok: raise RuntimeError(f"JL updatestatus {job_id}->{status_id}: {r.status_code} {r.text[:120]}")
                 ^^^^^^^^^^^^^^^^^^^^^^^^^^^^^^^^^^^^^^^^^^^^^^^^^^^^^^^^^^^^^^^^^^^^^^^^^^^^^^^^^^^^^^^^^^^^
RuntimeError: JL updatestatus 33011684->11: 400 {"Message":"Invalid Tenant"}
13:30:05 jobs incremental 2026-07-25T13:30:05Z..2026-07-28T13:30:05Z
13:30:57 upserted 424 -> vmimporteddata.raw.jobs (now 41995 rows)
2026-07-28 13:35:03,206 INFO mode = APPLY | change-triggered (last-write-wins)
2026-07-28 13:35:03,230 INFO running job-status CDC…
2026-07-28 13:35:07,635 INFO unsynced status changes: 7
2026-07-28 13:35:17,911 INFO planned Monday writes: 0 (from 7 changes)
2026-07-28 13:35:19,963 INFO APPLIED 0 Monday writes; marked changes up to 2026-07-28 13:35:04.473399+00:00 synced.
2026-07-28 13:40:06,141 INFO mode = APPLY | Monday->JL + Approved guard (restores full cascade)
2026-07-28 13:40:25,962 INFO scanned 2464 items; snapshot has 2453
2026-07-28 13:40:25,968 INFO changes -> JL pushes=8, Approved reverts=3, Approved allowed=1
2026-07-28 13:40:25,969 INFO   PUSH 'LON40 | Projects | 2nd Floor' job PROJ0002350 (id 33011684) 5 -> 11 (Monday 'Complete')
2026-07-28 13:40:25,969 INFO   PUSH 'LON25| TV| LG-105' job PROJ0002345 (id 33009658) 7 -> 11 (Monday 'Complete')
2026-07-28 13:40:25,969 INFO   PUSH 'LON23 | Maintenance | Ground' job PROJ0002359 (id 33034875) 5 -> 11 (Monday 'Complete')
2026-07-28 13:40:25,969 INFO   PUSH 'LON15 | install A3 Frames wi' job PROJ0002349 (id 33011370) 7 -> 11 (Monday 'Complete')
2026-07-28 13:40:25,969 INFO   PUSH 'LON06  | GF | loose tiles in' job PROJ0002286 (id 32911999) 5 -> 11 (Monday 'Complete')
2026-07-28 13:40:25,969 INFO   PUSH 'LON23 | 05BW102 | Carpet rep' job PROJ0002334 (id 32993079) 7 -> 11 (Monday 'Complete')
2026-07-28 13:40:25,969 INFO   PUSH 'LON06 | Important | All amaz' job PROJ0001722 (id 31957267) 4 -> 11 (Monday 'Complete')
2026-07-28 13:40:25,969 INFO   PUSH 'LON12 | Stairwell A | from G' job PROJ0002032 (id 32513007) 1 -> 11 (Monday 'Complete')
2026-07-28 13:40:25,969 INFO   REVERT '01.139 - Ceiling Strip bac' -> PM 'Quoted', Fin 'Pending', date '', group topics (quote 'UP03390')
2026-07-28 13:40:25,969 INFO   REVERT '03.069 - P&D' -> PM 'CHASE', Fin 'Pending', date '', group topics (quote 'UP02977')
2026-07-28 13:40:25,969 INFO   REVERT 'LON15 | Quote to PAT test ' -> PM 'Lost/Not Progressed', Fin 'n/a', date '', group new_group_mkmmzn7n (quote 'UP03023')
Traceback (most recent call last):
  File "/opt/jl-loader/sync_monday_to_jl.py", line 212, in <module>
    main()
  File "/opt/jl-loader/sync_monday_to_jl.py", line 197, in main
    jl_update_status(jid, tgt); time.sleep(0.4)
    ^^^^^^^^^^^^^^^^^^^^^^^^^^
  File "/opt/jl-loader/sync_monday_to_jl.py", line 71, in jl_update_status
    if not r.ok: raise RuntimeError(f"JL updatestatus {job_id}->{status_id}: {r.status_code} {r.text[:120]}")
                 ^^^^^^^^^^^^^^^^^^^^^^^^^^^^^^^^^^^^^^^^^^^^^^^^^^^^^^^^^^^^^^^^^^^^^^^^^^^^^^^^^^^^^^^^^^^^
RuntimeError: JL updatestatus 33011684->11: 400 {"Message":"Invalid Tenant"}
13:45:05 jobs incremental 2026-07-25T13:45:05Z..2026-07-28T13:45:05Z
13:47:26 upserted 429 -> vmimporteddata.raw.jobs (now 41996 rows)
2026-07-28 13:50:03,242 INFO mode = APPLY | change-triggered (last-write-wins)
2026-07-28 13:50:03,264 INFO running job-status CDC…
2026-07-28 13:50:07,675 INFO unsynced status changes: 4
2026-07-28 13:50:13,826 INFO planned Monday writes: 0 (from 4 changes)
2026-07-28 13:50:16,756 INFO APPLIED 0 Monday writes; marked changes up to 2026-07-28 13:50:04.354438+00:00 synced.
2026-07-28 13:55:06,947 INFO mode = APPLY | Monday->JL + Approved guard (restores full cascade)
2026-07-28 13:55:27,465 INFO scanned 2464 items; snapshot has 2453
2026-07-28 13:55:27,471 INFO changes -> JL pushes=8, Approved reverts=3, Approved allowed=1
2026-07-28 13:55:27,471 INFO   PUSH 'LON40 | Projects | 2nd Floor' job PROJ0002350 (id 33011684) 5 -> 11 (Monday 'Complete')
2026-07-28 13:55:27,471 INFO   PUSH 'LON25| TV| LG-105' job PROJ0002345 (id 33009658) 7 -> 11 (Monday 'Complete')
2026-07-28 13:55:27,471 INFO   PUSH 'LON23 | Maintenance | Ground' job PROJ0002359 (id 33034875) 5 -> 11 (Monday 'Complete')
2026-07-28 13:55:27,471 INFO   PUSH 'LON15 | install A3 Frames wi' job PROJ0002349 (id 33011370) 7 -> 11 (Monday 'Complete')
2026-07-28 13:55:27,471 INFO   PUSH 'LON06  | GF | loose tiles in' job PROJ0002286 (id 32911999) 5 -> 11 (Monday 'Complete')
2026-07-28 13:55:27,471 INFO   PUSH 'LON23 | 05BW102 | Carpet rep' job PROJ0002334 (id 32993079) 7 -> 11 (Monday 'Complete')
2026-07-28 13:55:27,471 INFO   PUSH 'LON06 | Important | All amaz' job PROJ0001722 (id 31957267) 4 -> 11 (Monday 'Complete')
2026-07-28 13:55:27,471 INFO   PUSH 'LON12 | Stairwell A | from G' job PROJ0002032 (id 32513007) 1 -> 11 (Monday 'Complete')
2026-07-28 13:55:27,471 INFO   REVERT '01.139 - Ceiling Strip bac' -> PM 'Quoted', Fin 'Pending', date '', group topics (quote 'UP03390')
2026-07-28 13:55:27,471 INFO   REVERT '03.069 - P&D' -> PM 'CHASE', Fin 'Pending', date '', group topics (quote 'UP02977')
2026-07-28 13:55:27,471 INFO   REVERT 'LON15 | Quote to PAT test ' -> PM 'Lost/Not Progressed', Fin 'n/a', date '', group new_group_mkmmzn7n (quote 'UP03023')
Traceback (most recent call last):
  File "/opt/jl-loader/sync_monday_to_jl.py", line 212, in <module>
    main()
  File "/opt/jl-loader/sync_monday_to_jl.py", line 197, in main
    jl_update_status(jid, tgt); time.sleep(0.4)
    ^^^^^^^^^^^^^^^^^^^^^^^^^^
  File "/opt/jl-loader/sync_monday_to_jl.py", line 71, in jl_update_status
    if not r.ok: raise RuntimeError(f"JL updatestatus {job_id}->{status_id}: {r.status_code} {r.text[:120]}")
                 ^^^^^^^^^^^^^^^^^^^^^^^^^^^^^^^^^^^^^^^^^^^^^^^^^^^^^^^^^^^^^^^^^^^^^^^^^^^^^^^^^^^^^^^^^^^^
RuntimeError: JL updatestatus 33011684->11: 400 {"Message":"Invalid Tenant"}
14:00:04 jobs incremental 2026-07-25T14:00:04Z..2026-07-28T14:00:04Z
14:02:26 upserted 430 -> vmimporteddata.raw.jobs (now 41996 rows)
